osmid,speed_kmh
4677317,24.0
4677323,30.0
4677325,30.0
4677326,24.0
4677359,50.0
4677416,50.0
4677442,50.0
4677450,50.0
4677458,50.0
4677463,50.0
5921435,50.0
5921436,20.0
5921439,40.0
5921440,40.0
5921443,32.0
5921444,40.0
5921445,30.0
8104263,80.0
8104280,50.0
8104345,30.0
8104346,30.0
8104347,30.0
8104350,10.0
8104351,10.0
8104352,10.0
8104353,10.0
8104354,10.0
8104355,10.0
8104356,10.0
8104357,30.0
8104358,30.0
8104359,10.0
8104360,30.0
8104361,30.0
8104362,10.0
8104363,10.0
8104364,10.0
8104365,30.0
8104366,30.0
8104367,30.0
8104368,45.0
8104425,30.0
8104514,50.0
8104522,50.0
8104525,40.0
8104538,40.0
8104558,50.0
8104561,30.0
8104563,30.0
8104569,30.0
8104570,30.0
8104573,30.0
8104575,30.0
8104576,30.0
8104577,30.0
8104578,30.0
8104579,30.0
8104580,30.0
8104582,30.0
8104583,30.0
8104585,30.0
8104586,30.0
8104587,30.0
8104588,30.0
8109791,50.0
8110238,50.0
8111456,50.0
8111457,40.0
8111459,25.0
8111460,30.0
8111461,30.0
8111462,30.0
8111463,30.0
8111464,30.0
8111465,30.0
8111466,30.0
8111467,30.0
8111468,40.0
8111469,30.0
8111470,30.0
8111471,30.0
8111862,30.0
8111863,30.0
8111864,25.0
8111865,30.0
8111866,30.0
8111867,30.0
8111868,30.0
8111869,30.0
8111870,30.0
8111871,30.0
8111872,30.0
9713688,50.0
9713691,50.0
9717648,50.0
21897238,30.0
21897313,30.0
21897357,25.0
22051882,45.0
22051893,50.0
22337878,50.0
22337879,30.0
22337880,50.0
22337881,50.0
22337882,50.0
22337883,30.0
22337885,25.0
22337886,40.0
22337887,30.0
22337890,50.0
22337891,40.0
22337893,30.0
23410548,50.0
23410549,50.0
23410550,50.0
23410552,50.0
23410553,50.0
23411027,50.0
23411035,30.0
23411040,30.0
23411067,50.0
23411075,50.0
23411081,80.0
23411083,80.0
23411084,80.0
23411086,80.0
23952242,50.0
23952279,80.0
24254866,50.0
24255009,40.0
24255014,45.0
24255047,50.0
24255879,30.0
24256128,30.0
24256173,45.0
24256191,45.0
24257092,40.0
24257095,50.0
24257104,50.0
24257108,40.0
24257115,30.0
24257116,50.0
24278613,40.0
24278661,30.0
24278704,40.0
24278737,50.0
24278823,50.0
24278839,50.0
24278946,50.0
24278972,50.0
24282876,50.0
24282880,50.0
24282896,45.0
24282899,45.0
24282909,45.0
24282932,30.0
24282936,30.0
24282949,45.0
24282984,30.0
24282999,45.0
24283103,45.0
24283120,50.0
24283140,25.0
24283144,45.0
24283259,30.0
24283261,45.0
24283273,20.0
24283283,45.0
24283297,30.0
24283304,24.0
24284770,45.0
24284799,45.0
24284807,30.0
24284893,30.0
24284894,40.0
24284902,50.0
24284905,40.0
24284923,45.0
24285172,30.0
24285329,50.0
24287795,50.0
24288154,45.0
24291581,30.0
24291596,25.0
24291615,30.0
24291622,30.0
24291626,30.0
24291651,30.0
24291655,30.0
24291660,30.0
24291672,30.0
24291689,30.0
24291773,30.0
24291806,30.0
24291817,30.0
24299161,30.0
24299162,30.0
24299169,30.0
24299171,30.0
24299176,30.0
24330138,20.0
24348379,30.0
24348397,30.0
24348399,30.0
24348407,30.0
24348413,30.0
24348596,50.0
24348735,40.0
24356585,40.0
24400705,30.0
24400706,30.0
24400711,30.0
24400716,30.0
24400723,30.0
24492822,30.0
24492876,30.0
24492888,30.0
24492891,30.0
24492965,30.0
24492967,30.0
24493083,30.0
24493092,30.0
24493094,30.0
24493099,30.0
24493107,30.0
24493114,30.0
24493181,30.0
24493183,30.0
24493184,30.0
24493185,30.0
24493191,30.0
24493410,30.0
24493412,30.0
24493413,30.0
24493415,30.0
24493416,30.0
24493417,30.0
24494642,30.0
24534058,30.0
24534061,30.0
24534063,25.0
24534069,30.0
24554418,30.0
24554420,80.0
24554421,80.0
24554425,30.0
24554426,30.0
24727374,25.0
24727453,30.0
24727458,30.0
24727475,30.0
24727480,30.0
24727490,30.0
24727493,30.0
24727525,45.0
24728136,40.0
24728852,30.0
24728995,30.0
24728998,30.0
24729000,30.0
24729002,30.0
24729005,30.0
24729012,30.0
24729017,30.0
24729031,30.0
24729035,30.0
24729045,30.0
24729046,30.0
24729049,30.0
24729053,30.0
24729054,30.0
24729080,30.0
24729082,30.0
24729091,30.0
24729134,30.0
24729180,30.0
24729185,30.0
24729186,30.0
24729190,30.0
24729251,30.0
24814296,45.0
24889765,30.0
24889839,30.0
24889855,30.0
24889883,30.0
24889898,30.0
24889924,30.0
24889960,30.0
24889969,30.0
24890010,30.0
24890502,45.0
24890539,25.0
24890557,30.0
24890568,30.0
24890582,50.0
24890942,45.0
24890960,40.0
24891067,45.0
24891131,40.0
24891157,40.0
24891246,40.0
24891376,50.0
24894893,40.0
24895723,40.0
24896133,45.0
24963815,30.0
24963819,40.0
24963832,24.0
24963834,40.0
24963851,40.0
24963858,24.0
24963904,40.0
24963919,30.0
24963941,25.0
24963960,30.0
24963964,25.0
24975110,60.0
24993654,30.0
24993658,50.0
24993660,80.0
24993662,50.0
24993664,80.0
24993665,80.0
24993666,80.0
24994484,50.0
24994486,40.0
24994487,50.0
24994775,10.0
24994776,10.0
24995309,80.0
24995311,80.0
24995312,80.0
24995314,80.0
24995315,80.0
24995316,80.0
24996051,40.0
24996285,45.0
24996286,45.0
25007149,50.0
25007155,50.0
25007192,50.0
25007386,45.0
25007444,45.0
25007642,30.0
25007880,50.0
25008017,30.0
25008241,30.0
25008892,40.0
25008962,50.0
25009236,50.0
25009248,50.0
25009518,50.0
25009697,80.0
25010020,25.0
25010195,30.0
25010410,40.0
25010568,30.0
25010672,30.0
25010686,30.0
25012030,50.0
25012139,30.0
25012253,80.0
25012595,50.0
25012624,45.0
25012695,50.0
25012834,80.0
25037690,45.0
25037698,45.0
25038238,50.0
25038242,50.0
25056517,30.0
25056518,30.0
25091492,30.0
25091519,30.0
25091531,30.0
25091553,50.0
25091560,30.0
25091564,30.0
25091621,50.0
25091626,50.0
25091629,50.0
25091630,50.0
25091632,50.0
25091633,50.0
25091642,80.0
25091643,80.0
25091902,50.0
25093845,50.0
25382412,50.0
25382413,50.0
25384757,30.0
25452591,25.0
25453343,30.0
25486617,45.0
25522616,30.0
25522617,30.0
25522618,30.0
25522619,30.0
25522620,30.0
25522621,30.0
25522622,24.0
25522623,30.0
25522624,30.0
25522625,30.0
25522626,30.0
25522628,30.0
25522629,30.0
25522630,30.0
25522631,30.0
25522632,30.0
25522633,30.0
25522636,30.0
25522637,30.0
25522639,30.0
25522641,30.0
25522642,24.0
25522643,30.0
25522646,30.0
25522647,40.0
25522649,24.0
25522650,30.0
25522651,24.0
25522654,30.0
25522655,30.0
25523669,30.0
25523670,30.0
25523673,30.0
25523674,30.0
25523675,30.0
25544266,25.0
25544267,25.0
25544268,30.0
25544271,24.0
25544273,24.0
25544274,40.0
25544277,24.0
25544279,24.0
25544280,24.0
25544282,24.0
25544283,24.0
25544284,30.0
25544285,40.0
25544286,24.0
25544287,24.0
25682940,30.0
25682941,30.0
25682943,30.0
25682945,30.0
25682946,30.0
25682947,30.0
25682948,50.0
25682949,30.0
25682951,30.0
25683064,10.0
25683065,45.0
25683066,45.0
25683067,40.0
25683069,45.0
25683324,30.0
25683325,50.0
25683326,30.0
25683327,30.0
25683328,30.0
25683329,30.0
25823215,60.0
25910180,30.0
25910182,40.0
25910210,30.0
25965863,30.0
25965864,30.0
25965865,50.0
25965866,30.0
25965867,25.0
25965868,30.0
25965869,30.0
25965870,30.0
25965871,30.0
25965872,30.0
25965873,30.0
25965880,50.0
25965881,50.0
25965882,50.0
25965883,50.0
25965884,50.0
25965886,25.0
25965888,50.0
25965889,45.0
25965890,30.0
25965891,30.0
25965892,30.0
25965893,30.0
25965894,25.0
25965896,30.0
25965897,30.0
25965900,25.0
25965902,25.0
25994892,30.0
25994893,30.0
25994894,30.0
25994895,45.0
25994898,45.0
26006215,60.0
26254953,45.0
26254955,50.0
26254956,30.0
26254958,40.0
26254959,25.0
26254960,50.0
26254966,45.0
26254969,45.0
26254970,30.0
26255409,45.0
26446325,30.0
26446326,30.0
26446327,30.0
26446328,30.0
26446329,30.0
26446330,30.0
26446331,30.0
26461625,30.0
26475458,30.0
26475459,30.0
27142230,30.0
27142232,20.0
27142233,30.0
27229152,30.0
27229153,30.0
27229154,30.0
27229155,30.0
27229156,30.0
27229157,30.0
27229158,30.0
27229159,30.0
27229162,30.0
27229164,30.0
27229166,30.0
27229169,30.0
27229175,30.0
27229176,30.0
27229181,30.0
27229183,40.0
27229184,30.0
27229185,30.0
27229186,30.0
27229187,30.0
27229189,30.0
27229190,30.0
27229191,30.0
27229192,30.0
27229193,30.0
27229194,30.0
27229195,30.0
27229197,30.0
27229198,30.0
27229199,30.0
27229200,30.0
27229202,30.0
27229203,30.0
27229204,30.0
27229205,30.0
27229207,30.0
27229208,30.0
27229209,30.0
27229210,30.0
27229211,40.0
27229212,30.0
27229215,30.0
27229216,30.0
27229217,30.0
27229218,40.0
27229219,30.0
27229222,30.0
27229223,30.0
27244658,40.0
27244662,50.0
27244663,50.0
27244664,30.0
27244666,40.0
27244667,30.0
27244668,40.0
27244669,30.0
27244670,30.0
27244671,30.0
27244673,30.0
27244674,30.0
27244675,30.0
27244676,25.0
27244677,30.0
27244680,40.0
27244681,25.0
27244682,30.0
27244685,40.0
27244686,25.0
27244687,25.0
27244688,30.0
27244689,30.0
27244691,25.0
27244692,30.0
27244693,40.0
27244694,50.0
27244696,30.0
27244697,30.0
27244698,30.0
27244699,30.0
27244700,40.0
27244701,30.0
27244702,30.0
27244703,30.0
27244704,30.0
27244705,30.0
27244706,30.0
27244707,30.0
27244708,30.0
27244710,30.0
27244711,30.0
27244712,30.0
27244714,30.0
27244715,30.0
27244716,30.0
27244717,30.0
27253813,30.0
27253814,24.0
27253815,30.0
27253817,24.0
27253818,24.0
27253819,24.0
27253820,24.0
27253821,24.0
27253822,30.0
27253823,30.0
27253824,30.0
27253825,30.0
27253826,30.0
27253827,30.0
27253829,30.0
27253830,30.0
27253963,40.0
27253964,40.0
27255405,24.0
27255407,24.0
27255409,24.0
27255414,24.0
27255416,30.0
27255417,30.0
27255418,24.0
27255420,24.0
27255423,24.0
27255424,24.0
27255425,24.0
27255427,24.0
27255428,24.0
27255429,24.0
27255431,24.0
27255432,24.0
27255433,24.0
27255434,24.0
27255435,24.0
27255436,24.0
27255438,24.0
27255439,24.0
27255441,24.0
27255442,24.0
27255443,24.0
27255445,24.0
27255446,24.0
27255447,24.0
27255448,24.0
27255449,24.0
27255452,24.0
27255453,24.0
27255455,24.0
27255456,24.0
27255459,24.0
27255462,24.0
27255463,24.0
27255464,24.0
27255465,24.0
27255466,24.0
27255467,24.0
27255468,24.0
27255469,24.0
27255470,24.0
27255471,24.0
27255473,24.0
27255474,24.0
27265398,30.0
27265399,25.0
27265400,30.0
27265401,30.0
27265402,30.0
27265403,30.0
27265405,30.0
27265406,30.0
27265407,30.0
27265408,30.0
27265409,30.0
27265410,30.0
27265411,30.0
27265412,30.0
27265413,45.0
27265414,30.0
27265415,30.0
27265416,30.0
27265417,30.0
27265418,30.0
27265419,30.0
27265420,30.0
27265421,30.0
27265422,30.0
27265423,30.0
27265424,30.0
27265425,30.0
27265426,30.0
27265427,30.0
27265428,30.0
27265429,30.0
27265430,30.0
27265431,30.0
27265432,30.0
27265433,30.0
27265434,30.0
27291870,30.0
27291902,30.0
27291907,30.0
27291913,30.0
27291915,30.0
27291917,30.0
27291997,30.0
27292003,25.0
27292008,30.0
27293503,20.0
27293504,20.0
27293505,20.0
27293506,20.0
27293507,20.0
27293508,20.0
27293509,20.0
27310492,30.0
27310494,30.0
27310496,30.0
27310497,30.0
27310498,30.0
27310499,30.0
27310500,30.0
27310501,30.0
27310502,30.0
27310504,20.0
27310505,30.0
27310506,30.0
27310507,30.0
27310508,30.0
27310509,30.0
27310510,30.0
27310511,30.0
27310512,30.0
27310513,30.0
27366999,50.0
27397042,60.0
27416297,45.0
27416298,25.0
27416299,45.0
27416300,30.0
27416301,30.0
27416302,30.0
27416303,30.0
27416304,30.0
27416305,30.0
27416306,30.0
27416307,30.0
27416308,30.0
27416309,30.0
27416310,30.0
27416311,30.0
27416312,30.0
27416313,30.0
27416314,30.0
27416315,30.0
27416316,30.0
27416317,30.0
27416318,30.0
27416320,30.0
27416322,30.0
27416323,30.0
27416324,25.0
27416327,30.0
27416328,30.0
27416331,30.0
27429511,25.0
27429514,30.0
27429515,30.0
27429516,25.0
27429518,25.0
27436702,30.0
27448391,30.0
27448392,25.0
27453618,20.0
27453620,20.0
27453622,20.0
27540286,16.0
27787898,30.0
27787899,30.0
27787900,25.0
27787901,30.0
27787904,30.0
27787905,30.0
27787906,30.0
27787907,30.0
27787909,30.0
27787910,30.0
27787911,30.0
27787912,30.0
27787913,30.0
27787915,30.0
27787916,30.0
27787917,30.0
27787918,30.0
27787919,30.0
27787920,30.0
27787921,30.0
27787922,30.0
27787923,30.0
27787924,30.0
27787925,30.0
27787926,30.0
27787928,30.0
27787929,30.0
27787930,30.0
27787931,30.0
27787932,30.0
27787933,30.0
27787934,30.0
27787935,30.0
27787936,30.0
27787937,30.0
27787938,30.0
27787939,30.0
27787940,30.0
27787941,30.0
27787942,30.0
27787943,30.0
27787945,30.0
27787946,30.0
27787947,30.0
27787948,30.0
27787949,30.0
27787950,30.0
27799614,30.0
27799631,30.0
27799641,30.0
27819240,25.0
27819242,30.0
27819244,30.0
27819245,30.0
27819246,30.0
27819247,30.0
27819248,30.0
27819249,30.0
27819250,30.0
27819251,30.0
27819252,30.0
27819254,30.0
27819255,30.0
27819387,30.0
27819388,30.0
27819389,30.0
27819390,30.0
27819391,30.0
27819392,30.0
27819393,30.0
27819394,30.0
27819395,30.0
27819396,30.0
27819397,30.0
27819398,30.0
27819399,30.0
27819401,30.0
27819402,30.0
27819403,30.0
27819404,30.0
27819406,30.0
27819408,30.0
27819502,30.0
27819503,30.0
27819504,30.0
27819505,30.0
27819506,30.0
27819507,30.0
27819508,30.0
27819509,30.0
27819510,30.0
27819511,30.0
27819512,30.0
27819513,30.0
27819514,30.0
27862348,30.0
27880308,24.0
27880309,24.0
27880310,24.0
27880311,30.0
27880312,24.0
27880313,30.0
27880314,24.0
27880315,24.0
27880319,30.0
27880320,24.0
27880321,24.0
27880322,24.0
27880323,30.0
27880324,30.0
27880325,30.0
27880326,30.0
27880327,30.0
27880328,30.0
27880329,30.0
27880330,24.0
27880331,30.0
27880332,24.0
27880333,24.0
27880334,24.0
27880335,24.0
27880336,24.0
27880338,24.0
27880339,24.0
27880340,24.0
27880341,30.0
27880342,30.0
27880343,30.0
27880344,30.0
27880345,30.0
27880346,30.0
27880347,30.0
27880349,30.0
27880350,30.0
27880351,30.0
27880352,30.0
27880353,30.0
27880354,30.0
27880355,24.0
27880356,24.0
27880357,24.0
27880358,30.0
27880359,30.0
27880360,30.0
27880361,30.0
27880362,30.0
27880363,30.0
27880365,30.0
27880366,30.0
27880367,24.0
27909786,30.0
27909787,30.0
27909788,30.0
27909790,30.0
27909793,30.0
27909795,30.0
27909796,30.0
27909798,30.0
27909800,30.0
27909802,30.0
27909805,30.0
27909806,30.0
27909807,30.0
27909809,30.0
27909810,30.0
27909813,30.0
27909814,30.0
27909819,30.0
27909821,30.0
27909824,30.0
27909825,30.0
27909826,30.0
27909829,30.0
27909831,30.0
27909832,30.0
27909836,30.0
27909839,10.0
27909842,10.0
27909845,10.0
27909847,10.0
27909850,30.0
27909851,30.0
27909852,30.0
27909853,25.0
28440031,30.0
28440034,40.0
28849725,50.0
28849728,30.0
28849729,30.0
28850308,45.0
28850313,50.0
28850319,50.0
28850320,50.0
28925222,30.0
28925223,40.0
28925228,40.0
28925231,30.0
28925234,30.0
28925238,30.0
29709063,45.0
30665684,50.0
30827224,50.0
30827227,40.0
30827231,30.0
30827232,30.0
30827233,30.0
30827234,30.0
30827235,30.0
30827236,30.0
30827237,30.0
30827242,30.0
30827243,30.0
30827246,30.0
30827247,30.0
30827249,30.0
30827251,30.0
30827252,30.0
30827253,30.0
30827254,30.0
30827255,30.0
30827257,30.0
30827258,30.0
30827259,30.0
30827260,30.0
30827261,30.0
30827545,45.0
30827548,45.0
30827549,50.0
30827672,30.0
30827673,30.0
30827674,30.0
30827676,30.0
30827678,30.0
34109853,30.0
34109854,30.0
34109855,24.0
34109856,45.0
34109858,20.0
34110377,30.0
35338698,30.0
35338699,25.0
35338700,30.0
35338701,25.0
35338706,30.0
35338708,25.0
35338709,30.0
35338710,30.0
35338711,30.0
35338712,30.0
35338713,30.0
35338714,30.0
35338715,25.0
35338716,30.0
35338719,25.0
35338720,30.0
35338725,30.0
35338726,30.0
35338728,30.0
35338729,25.0
35338730,30.0
35338731,30.0
35338734,30.0
35338737,40.0
35338738,30.0
35338740,25.0
35338743,30.0
35338746,30.0
35338747,30.0
35338748,30.0
35338749,30.0
35338752,30.0
35338753,30.0
35338754,30.0
35338755,30.0
35338756,30.0
35338757,30.0
35338760,20.0
35338761,30.0
35338762,30.0
35338763,30.0
35338765,40.0
35338766,30.0
35338768,30.0
35338771,30.0
35338772,25.0
35338947,30.0
35360810,24.0
35360811,30.0
35360812,30.0
35360813,30.0
35360814,30.0
35360815,30.0
35360816,30.0
35360817,30.0
35360818,30.0
35360820,30.0
35360821,30.0
35360822,30.0
35360823,30.0
35360824,30.0
35360825,30.0
35360826,30.0
35360828,30.0
35360830,30.0
35360833,30.0
35360834,30.0
35360835,30.0
35360836,30.0
35360837,30.0
35360838,30.0
35360839,30.0
35360840,30.0
35360841,30.0
35360842,30.0
35360843,30.0
35360844,30.0
35360845,30.0
35360846,30.0
35360847,30.0
35360849,30.0
35360850,30.0
35360851,30.0
35360852,30.0
35360853,30.0
35360854,30.0
35360859,30.0
35360861,30.0
35360862,30.0
35360864,30.0
35360865,30.0
35360867,30.0
35360868,30.0
35360869,30.0
35360870,30.0
35431797,30.0
35431799,30.0
35431800,30.0
35431801,30.0
35431802,30.0
35431803,30.0
35431804,30.0
35431805,30.0
35431807,30.0
35431808,30.0
35431809,30.0
35431810,30.0
35431811,40.0
35431812,30.0
35431813,30.0
35431814,30.0
35431816,30.0
35431817,30.0
35431818,30.0
35431819,30.0
35431820,30.0
35431823,30.0
35431824,30.0
35431827,30.0
35431828,30.0
35431829,30.0
35431830,30.0
35431831,30.0
35431832,30.0
35431833,30.0
35431835,30.0
35431836,30.0
35431837,30.0
35431838,30.0
35431839,30.0
35431840,30.0
35431842,30.0
35431843,30.0
35431844,30.0
35431846,30.0
35431847,30.0
35431848,30.0
35431850,30.0
35431852,30.0
35431853,30.0
35431854,30.0
35431855,30.0
35431857,30.0
35431858,30.0
35431859,30.0
35431860,30.0
35431861,30.0
35431862,30.0
35431863,30.0
35431864,30.0
35431865,30.0
35431866,30.0
35431867,30.0
35431868,30.0
35431870,30.0
35431871,30.0
35431872,30.0
35431874,30.0
35431875,30.0
35431876,30.0
35431877,30.0
35431878,30.0
35431879,30.0
35431880,30.0
35431881,30.0
35431882,30.0
35431883,30.0
35431886,30.0
35431887,30.0
35431888,30.0
35431889,30.0
35431891,30.0
35431892,30.0
35431893,30.0
35431896,30.0
35431897,30.0
35431898,30.0
35431900,30.0
35431901,30.0
35431905,30.0
35432058,30.0
35432059,30.0
35432061,30.0
35432062,30.0
35432063,30.0
35432064,30.0
35432065,30.0
35432066,30.0
35432067,30.0
35432068,30.0
35432070,30.0
35432072,30.0
35432073,30.0
35432074,30.0
35432075,30.0
35432076,30.0
35432079,30.0
35432081,30.0
35432082,30.0
35432084,30.0
35432085,20.0
35432086,30.0
35432088,30.0
35432090,30.0
35432096,30.0
35432097,30.0
35432098,30.0
35432099,30.0
35432100,30.0
35432101,30.0
35432102,30.0
35432103,30.0
35432105,30.0
35432106,30.0
35432108,30.0
35432109,30.0
35432110,30.0
35432112,30.0
35432113,30.0
35432114,30.0
35432115,30.0
35432116,30.0
35432117,30.0
35432118,30.0
35432119,30.0
35432120,30.0
35432121,30.0
35432122,30.0
35432123,30.0
35432124,30.0
35432125,30.0
35432126,30.0
35432128,30.0
35432129,30.0
35432130,30.0
35432131,30.0
35432132,30.0
35439922,30.0
35439924,30.0
35439925,30.0
35439926,30.0
35439927,30.0
35439928,30.0
35439929,30.0
35439930,30.0
35439931,30.0
35439932,40.0
35439933,30.0
35439936,30.0
35439937,30.0
35439939,30.0
35439940,30.0
35439941,30.0
35439945,30.0
35439946,30.0
35439947,30.0
35439948,30.0
35439949,30.0
35439950,30.0
35439951,30.0
35439956,30.0
35439957,30.0
35439958,30.0
35439959,30.0
35439960,30.0
35439961,30.0
35439962,30.0
35439963,30.0
35439964,30.0
35439965,30.0
35439966,30.0
35439967,30.0
35439968,30.0
35439969,30.0
35439970,30.0
35439971,30.0
35439972,30.0
35439973,30.0
35439974,24.0
35439975,24.0
35439976,24.0
35439977,24.0
35439978,24.0
35439979,30.0
35439980,30.0
35439981,30.0
35439982,30.0
35439983,30.0
35439984,30.0
35439988,30.0
35439989,30.0
35439990,30.0
35439993,30.0
35439994,30.0
35439995,30.0
35439997,30.0
35439999,30.0
35440001,30.0
35440002,30.0
35440004,30.0
35440005,30.0
35440006,30.0
35440007,30.0
35440013,30.0
35440043,30.0
35440058,30.0
35440062,30.0
35440075,30.0
35440086,30.0
35440095,30.0
35440106,30.0
35440112,30.0
35440152,30.0
35440168,30.0
35440198,30.0
35440205,30.0
35440215,30.0
35440232,30.0
35440239,30.0
35440244,30.0
35440250,30.0
35440254,30.0
35440258,30.0
35440260,30.0
35440264,30.0
35440271,30.0
35440274,30.0
35440277,30.0
35440278,30.0
35440279,30.0
35440280,30.0
35440281,30.0
35440282,30.0
35445929,30.0
35445930,30.0
35445931,30.0
35445932,30.0
35445933,30.0
35445934,30.0
35445935,30.0
35470549,30.0
35470675,30.0
35470676,30.0
35470677,30.0
35470678,30.0
35470680,30.0
35470681,30.0
35470682,30.0
35470683,30.0
35470696,30.0
35470697,30.0
35470698,30.0
35470699,30.0
35470700,30.0
35470701,30.0
35470702,30.0
35470703,30.0
35470704,30.0
35470705,30.0
35470707,30.0
35470709,30.0
35470710,30.0
35470712,30.0
35470713,30.0
35470714,30.0
35470715,30.0
35470716,30.0
35470717,30.0
35470718,30.0
35470719,30.0
35470720,30.0
35470721,30.0
35470722,30.0
35470723,30.0
35470724,30.0
35470725,30.0
35470726,30.0
35470727,30.0
35470728,30.0
35470729,30.0
35470730,30.0
35470964,30.0
35470965,30.0
35470966,30.0
35470967,30.0
35470968,30.0
35470969,30.0
35470970,30.0
35470971,30.0
35470972,30.0
35470973,30.0
35470974,30.0
35470975,30.0
35470976,30.0
35470977,30.0
35470978,30.0
35470979,30.0
35470980,30.0
35470981,30.0
35470982,30.0
35470983,45.0
35470984,30.0
35470985,30.0
35470986,30.0
35470987,30.0
35470988,30.0
35470989,30.0
35470990,30.0
35470991,30.0
35470992,30.0
35470993,30.0
35470994,30.0
35470995,30.0
35470996,30.0
35470997,30.0
35470998,30.0
35470999,30.0
35471000,30.0
35471001,30.0
35471004,30.0
35471005,30.0
35471006,30.0
35471007,30.0
35471008,30.0
35471009,30.0
35471010,30.0
35471012,30.0
35471013,30.0
35471014,30.0
35471015,30.0
35471020,30.0
35471023,30.0
35471024,30.0
35471025,30.0
35471026,30.0
35471027,30.0
35471028,30.0
35471029,30.0
35471030,30.0
35471031,30.0
35471032,30.0
35471035,30.0
35471036,30.0
35471037,30.0
35471038,30.0
35471039,30.0
35471040,30.0
35471041,30.0
35471042,30.0
35471043,30.0
35471044,30.0
35471045,30.0
35471046,30.0
35471047,30.0
35471048,30.0
35471049,30.0
35471050,30.0
35471051,30.0
35471052,30.0
35471054,30.0
35471055,30.0
35471056,30.0
35471057,30.0
35471059,30.0
35471060,30.0
35471061,30.0
35471062,30.0
35471063,25.0
35471064,30.0
35471065,30.0
35471066,30.0
35471067,30.0
35471068,30.0
35471069,30.0
35471070,30.0
35471071,30.0
35471072,30.0
35471073,30.0
35471074,30.0
35471075,30.0
35471076,30.0
35471077,30.0
35471078,30.0
35471079,30.0
35471080,30.0
35471081,30.0
35471082,30.0
35471083,30.0
35471084,30.0
35471085,30.0
35471086,30.0
35471087,30.0
35471089,30.0
35471090,30.0
35471091,30.0
35471092,30.0
35471093,30.0
35471094,30.0
35471095,30.0
35471097,30.0
35471098,30.0
35471100,30.0
35471517,30.0
35471522,24.0
35471524,30.0
35471526,30.0
35471529,30.0
35471539,30.0
35471545,30.0
35471547,30.0
35471548,30.0
35471550,30.0
35471552,30.0
35471553,30.0
35471555,30.0
35471556,30.0
35471558,30.0
35471559,30.0
35471563,30.0
35471564,30.0
35471572,30.0
35471573,30.0
35471574,30.0
35471575,30.0
35471579,30.0
35471580,30.0
35471582,30.0
35471584,30.0
35471586,30.0
35471587,30.0
35471589,30.0
35471593,30.0
35471594,30.0
35471596,30.0
35471597,30.0
35471599,30.0
35471600,30.0
35471603,30.0
35471604,30.0
35471607,30.0
35471608,30.0
35471610,30.0
35471611,30.0
35471612,30.0
35471614,30.0
35471615,30.0
35471616,30.0
35471618,30.0
35471620,30.0
35471621,30.0
35471639,40.0
35471640,30.0
35471642,30.0
35471643,30.0
35471644,30.0
35471645,30.0
35471646,30.0
35471647,30.0
35471648,30.0
35471650,30.0
35471651,30.0
35471652,30.0
35471655,30.0
35471656,30.0
35471657,30.0
35471658,30.0
35471659,30.0
35471660,30.0
35471661,30.0
35471664,30.0
35471665,30.0
35471666,30.0
35471667,30.0
35471668,30.0
35471669,30.0
35471670,30.0
35471671,30.0
35471673,30.0
35471674,30.0
35471675,30.0
35471676,30.0
35471677,30.0
35471678,30.0
35471679,30.0
35471680,30.0
35471681,30.0
35471682,30.0
35471683,30.0
35471684,30.0
35471685,30.0
35471686,30.0
35471687,30.0
35471688,30.0
35471690,30.0
35471691,30.0
35471692,30.0
35471694,30.0
35471695,30.0
35471696,30.0
35471697,30.0
35471698,30.0
35471699,30.0
35471700,30.0
35471701,30.0
35471702,30.0
35471704,40.0
35471705,30.0
35471708,30.0
35471712,30.0
35471713,30.0
35471857,30.0
35471858,30.0
35471859,30.0
35471860,30.0
35471861,30.0
35471862,30.0
35471863,30.0
35471865,30.0
35471866,30.0
35471867,30.0
35471868,30.0
35471869,30.0
35471871,30.0
35471872,30.0
35471873,30.0
35471874,30.0
35471875,30.0
35471876,30.0
35471877,30.0
35471878,30.0
35471879,30.0
35471880,30.0
35471881,30.0
35471882,30.0
35471883,30.0
35471884,30.0
35471885,30.0
35471886,30.0
35471887,30.0
35471888,30.0
35471889,30.0
35471890,30.0
35471891,30.0
35471892,30.0
35471893,30.0
35471894,30.0
35471895,30.0
35471896,30.0
35471897,30.0
35471898,30.0
35471899,30.0
35471900,30.0
35471901,30.0
35471902,30.0
35471903,30.0
35471904,30.0
35471905,30.0
35471906,30.0
35471907,30.0
35471908,30.0
35471909,30.0
35471910,30.0
35471911,30.0
35471912,30.0
35471913,30.0
35471914,30.0
35471915,30.0
35471916,30.0
35471917,30.0
35471918,30.0
35471919,30.0
35471920,30.0
35474026,30.0
35474027,30.0
35474028,30.0
35474029,30.0
35474030,30.0
35474031,30.0
35474033,30.0
35474034,30.0
35474035,30.0
35474036,30.0
35474037,30.0
35474038,30.0
35474039,30.0
35474041,30.0
35474042,30.0
35474043,30.0
35474044,30.0
35474045,30.0
35474046,30.0
35474047,30.0
35474049,30.0
35474050,30.0
35474051,30.0
35474052,30.0
35474053,30.0
35474054,30.0
35474057,30.0
35474058,30.0
35474060,30.0
35474061,30.0
35474062,30.0
35474063,30.0
35474064,30.0
35474065,30.0
35474066,30.0
35474067,30.0
35474068,30.0
35474069,30.0
35474072,30.0
35474073,30.0
35474074,30.0
35474075,30.0
35474077,25.0
35474079,30.0
35474080,30.0
35474082,25.0
35474083,30.0
35474085,30.0
35474088,30.0
35474089,30.0
35474090,30.0
35474091,30.0
35474092,30.0
35474093,50.0
35474094,30.0
35474095,30.0
35474096,30.0
35474097,30.0
35474099,30.0
35474103,50.0
35474104,30.0
35474107,30.0
35474108,30.0
35474109,30.0
35474110,30.0
35474112,30.0
35474113,30.0
35474114,30.0
35474115,30.0
35474116,30.0
35474117,30.0
35474118,30.0
35474119,30.0
35474126,25.0
35474129,30.0
35474130,30.0
35474131,30.0
35474133,30.0
35474134,30.0
35474135,25.0
35474136,30.0
35474137,30.0
35474138,30.0
35474139,30.0
35474140,30.0
35474144,30.0
35474145,30.0
35474146,30.0
35474147,30.0
35474148,30.0
35474149,30.0
35474150,30.0
35474151,30.0
35474152,30.0
35474153,30.0
35474154,30.0
35474582,30.0
35474583,30.0
35474584,30.0
35474585,30.0
35474586,30.0
35474587,30.0
35474588,30.0
35474589,30.0
35474590,30.0
35474591,30.0
35474592,30.0
35474593,30.0
35474594,30.0
35474595,30.0
35474596,30.0
35474598,30.0
35474599,30.0
35474600,30.0
35474601,30.0
35474602,30.0
35474603,30.0
35474604,30.0
35474605,30.0
35474606,30.0
35474607,30.0
35474608,30.0
35474609,30.0
35474610,30.0
35474612,30.0
35474613,30.0
35474614,30.0
35474615,30.0
35474616,30.0
35474617,30.0
35474619,30.0
35474620,30.0
35474621,50.0
35474622,30.0
35474623,30.0
35474624,30.0
35474625,30.0
35474626,30.0
35474627,30.0
35474628,25.0
35474629,30.0
35474630,30.0
35474634,30.0
35474635,30.0
35474636,30.0
35474637,30.0
35474638,30.0
35474640,30.0
35474641,30.0
35474642,30.0
35474643,30.0
35474644,30.0
35474645,30.0
35474646,30.0
35474647,30.0
35474648,30.0
35474649,30.0
35474650,30.0
35474651,30.0
35474652,30.0
35474653,30.0
35474654,30.0
35474655,30.0
35474656,30.0
35474658,30.0
35474659,30.0
35474660,30.0
35474661,30.0
35474662,30.0
35474664,30.0
35474665,40.0
35474666,30.0
35474667,30.0
35474668,30.0
35474669,30.0
35474670,30.0
35474671,30.0
35474672,30.0
35474673,30.0
35474675,30.0
35474676,30.0
35474677,30.0
35474678,30.0
35474679,30.0
35474680,30.0
35474681,30.0
35474682,30.0
35474683,30.0
35474684,30.0
35474685,30.0
35474687,30.0
35474688,30.0
35474689,30.0
35474690,30.0
35474692,30.0
35474693,30.0
35474694,30.0
35474695,30.0
35474696,30.0
35474697,30.0
35474698,30.0
35474700,30.0
35474701,30.0
35476268,20.0
35476273,30.0
35476274,30.0
35476277,30.0
35476283,30.0
35476287,30.0
35476290,30.0
35476292,30.0
35476293,30.0
35476317,30.0
35476318,40.0
35476319,30.0
35476321,30.0
35476324,30.0
35476326,30.0
35476332,30.0
35476338,30.0
35476350,30.0
35476351,30.0
35476352,30.0
35476357,30.0
35476358,30.0
35476360,30.0
35476361,30.0
35476362,30.0
35476363,30.0
35476367,30.0
35476368,30.0
35476370,30.0
35476374,30.0
35476375,30.0
35476376,30.0
35476379,30.0
35476382,30.0
35476383,30.0
35476388,30.0
35476389,30.0
35476393,30.0
35476395,30.0
35476396,30.0
35476398,30.0
35476408,30.0
35476432,30.0
35476462,30.0
35476469,30.0
35476470,30.0
35476474,30.0
35476476,30.0
35476478,30.0
35476482,30.0
35476483,30.0
35476484,30.0
35476485,30.0
35476487,30.0
35476488,30.0
35476489,30.0
35476490,30.0
35476491,30.0
35476493,30.0
35476495,30.0
35476497,30.0
35476498,30.0
35476501,30.0
35476502,30.0
35476504,30.0
35476506,30.0
35476507,30.0
35476508,30.0
35476510,30.0
35476511,30.0
35476514,30.0
35476515,30.0
35476517,30.0
35476521,30.0
35476522,30.0
35476523,30.0
35476526,30.0
35476534,30.0
35476535,30.0
35476536,30.0
35476537,30.0
35476543,30.0
35476547,30.0
35476550,30.0
35476557,30.0
35476558,30.0
35476568,30.0
35476569,30.0
35476570,30.0
35476577,30.0
35476578,30.0
35476582,30.0
35476583,30.0
35476585,30.0
35476586,30.0
35476587,30.0
35476596,30.0
35476598,30.0
35476600,30.0
35476602,30.0
35476608,30.0
35476619,30.0
35476620,30.0
35476621,30.0
35476632,25.0
35476633,25.0
35476634,30.0
35476636,30.0
35476638,30.0
35476641,30.0
35476642,30.0
35476644,30.0
35476647,30.0
35476651,30.0
35476660,30.0
35476665,30.0
35476668,30.0
35476674,30.0
35476681,30.0
35476682,30.0
35476684,30.0
35476686,30.0
35476688,30.0
35476689,30.0
35476695,30.0
35476697,30.0
35476698,30.0
35476701,30.0
35476702,30.0
35476704,30.0
35476709,30.0
35476712,30.0
35476716,30.0
35476718,30.0
35476723,30.0
35476729,25.0
35476734,30.0
35476735,30.0
35476742,30.0
35476743,30.0
35476744,30.0
35476763,30.0
35476765,30.0
35476768,30.0
35476770,30.0
35476771,30.0
35476774,30.0
35476776,30.0
35476781,30.0
35476785,30.0
35476793,30.0
35476801,30.0
35476804,30.0
35476808,30.0
35476811,30.0
35476815,30.0
35476816,30.0
35476821,30.0
35476827,30.0
35476830,25.0
35476853,25.0
35476855,30.0
35476859,30.0
35476860,30.0
35476862,30.0
35476863,30.0
35476865,30.0
35476875,30.0
35476877,30.0
35476878,30.0
35476881,30.0
35476883,30.0
35476885,30.0
35476900,30.0
35476906,25.0
35476910,25.0
35476911,30.0
35476912,30.0
35476921,30.0
35476923,30.0
35476925,30.0
35476927,30.0
35476931,30.0
35476937,30.0
35476941,30.0
35476943,30.0
35476944,30.0
35476945,30.0
35476948,30.0
35476949,30.0
35476953,30.0
35476956,30.0
35476959,30.0
35476960,30.0
35476966,30.0
35476972,30.0
35476974,30.0
35476978,30.0
35476981,30.0
35476983,30.0
35476984,30.0
35476987,30.0
35476988,30.0
35476994,30.0
35476995,30.0
35476999,30.0
35477011,30.0
35477020,30.0
35477036,30.0
35477041,30.0
35477044,25.0
35477080,25.0
35477082,30.0
35477083,30.0
35477095,30.0
35477101,30.0
35477107,30.0
35477108,30.0
35477109,30.0
35477112,30.0
35477114,30.0
35477115,30.0
35477125,30.0
35477126,30.0
35477127,30.0
35477129,30.0
35477130,30.0
35477134,30.0
35477136,30.0
35477139,30.0
35477150,30.0
35477159,30.0
35477163,30.0
35477164,30.0
35477168,30.0
35477170,30.0
35742477,30.0
35742478,30.0
35770410,24.0
35770411,24.0
35770412,30.0
35775939,30.0
35775943,24.0
35779830,25.0
35779833,30.0
35779846,30.0
35779854,30.0
35779857,30.0
35779858,30.0
35779864,30.0
35779865,30.0
35779869,30.0
35779873,40.0
35779875,30.0
35779882,30.0
35779885,30.0
35779888,30.0
35779889,30.0
35779890,30.0
35779891,30.0
35779892,30.0
35779893,30.0
35779895,30.0
35779899,30.0
35779900,30.0
35779902,30.0
35779903,30.0
35779904,30.0
35779924,30.0
35779930,30.0
35779943,30.0
35779946,30.0
35779947,30.0
35779952,30.0
35779967,30.0
35779968,30.0
35779969,30.0
35779970,30.0
35779971,30.0
35779974,30.0
35779977,30.0
35779979,30.0
35779980,30.0
35779982,30.0
35779996,30.0
35779998,30.0
35780000,30.0
35780001,30.0
35780006,30.0
35780009,30.0
35780011,30.0
35780014,30.0
35780015,30.0
35780020,30.0
35780049,30.0
35780060,30.0
35780066,30.0
35780069,30.0
35780071,30.0
35780072,30.0
35780073,30.0
35780074,30.0
35780075,30.0
35780076,30.0
35780077,30.0
35780079,30.0
35780080,30.0
35780081,30.0
35780087,25.0
35780088,30.0
35780090,30.0
35780091,30.0
35780092,30.0
35780093,30.0
35780097,30.0
35780098,30.0
35780122,30.0
35780124,30.0
35780126,30.0
35780128,30.0
35780134,30.0
35780137,30.0
35780145,30.0
35780146,30.0
35780150,30.0
35780153,30.0
35780159,30.0
35780160,30.0
35780163,30.0
35780166,30.0
35780167,30.0
35780169,30.0
35780170,30.0
35780171,30.0
35780172,30.0
35780173,30.0
35780176,30.0
35780180,30.0
35780182,30.0
35780184,30.0
35780187,30.0
35780194,30.0
35780213,30.0
35780214,30.0
35780220,30.0
35780233,30.0
35780234,30.0
35780235,30.0
35780238,30.0
35780243,30.0
35780244,30.0
35780245,30.0
35780259,30.0
35780261,30.0
35780265,30.0
35780266,30.0
35780267,30.0
35780269,30.0
35780270,30.0
35780271,30.0
35780272,30.0
35780274,30.0
35780275,30.0
35780281,30.0
35780282,30.0
35780284,30.0
35780286,30.0
35780288,30.0
35780291,30.0
35780294,30.0
35780302,30.0
35780304,30.0
35780305,30.0
35780307,30.0
35780308,30.0
35780311,30.0
35780316,25.0
35780318,30.0
35780328,30.0
35780336,30.0
35780337,30.0
35780339,30.0
35780341,30.0
35780343,30.0
35780359,30.0
35780362,30.0
35780366,30.0
35780370,30.0
35780377,30.0
35780378,30.0
35780380,30.0
35780387,30.0
35780391,30.0
35780393,20.0
35780394,20.0
35780396,30.0
35780397,30.0
35780398,30.0
35780399,30.0
35780426,30.0
35780438,50.0
35780446,30.0
35780447,30.0
35780448,30.0
35780449,30.0
35780451,40.0
35780455,30.0
35780458,30.0
35780460,30.0
35780462,30.0
35780465,30.0
35780472,30.0
35780473,30.0
35780475,30.0
35780476,30.0
35780478,30.0
35780480,30.0
35780484,30.0
35780487,30.0
35780494,30.0
35780495,40.0
35780501,30.0
35780502,30.0
35780530,30.0
35780531,30.0
35780535,30.0
35780545,30.0
35780548,30.0
35780549,30.0
35780552,30.0
35780556,30.0
35780602,30.0
35780603,30.0
35780604,30.0
35780606,30.0
35780608,30.0
35780611,30.0
35780616,30.0
35780634,30.0
35780656,30.0
35780664,30.0
35780666,30.0
35780669,30.0
35780755,30.0
35780760,30.0
35780764,30.0
35780767,30.0
35780769,30.0
35780772,30.0
35780782,30.0
35780790,30.0
35780813,30.0
35780816,30.0
35780818,30.0
35780825,30.0
35780835,50.0
35780843,30.0
35780853,30.0
35780856,30.0
35780858,30.0
35780861,30.0
35780863,30.0
35780865,30.0
35780866,30.0
35780868,30.0
35780871,30.0
35780872,30.0
35780874,30.0
35780875,30.0
35780877,30.0
35780878,30.0
35780882,30.0
35780884,30.0
35780885,30.0
35780893,30.0
35780898,25.0
35780900,30.0
35780902,30.0
35780904,30.0
35780905,30.0
35780910,30.0
35780915,30.0
35780917,30.0
35780918,30.0
35780920,30.0
35780921,30.0
35780922,30.0
35780926,30.0
35780927,30.0
35780932,30.0
35780935,30.0
35780936,30.0
35781057,30.0
35781059,30.0
35781061,30.0
35781066,30.0
35781068,30.0
35781070,30.0
35781077,30.0
35781078,30.0
35781079,30.0
35781089,30.0
35781090,30.0
35781091,30.0
35781093,30.0
35781095,30.0
35781096,30.0
35781097,30.0
35781098,30.0
35781099,30.0
35781145,30.0
35781158,30.0
35781160,30.0
35781161,30.0
35781162,30.0
35781163,30.0
35781166,30.0
35781168,30.0
35781195,30.0
35904287,25.0
35913612,30.0
35913613,20.0
35913615,30.0
35952093,24.0
35969434,50.0
35970815,45.0
35971274,50.0
35976989,25.0
35976990,50.0
35976995,50.0
35976996,50.0
35976998,50.0
35977370,50.0
35977533,50.0
35977535,30.0
35977810,50.0
36001341,30.0
36001343,50.0
36001534,50.0
36001537,30.0
36001748,50.0
36001753,45.0
36001754,45.0
36002849,50.0
36003879,50.0
36007432,50.0
36007612,50.0
36076936,30.0
36087106,30.0
36098099,45.0
36098100,45.0
36153581,50.0
36156852,30.0
36159188,30.0
36159336,25.0
36159431,30.0
36161548,20.0
36161549,20.0
36237372,30.0
36283207,30.0
36285601,30.0
36285602,30.0
36287762,30.0
36374685,45.0
36402200,40.0
36403853,50.0
36403868,50.0
36403869,40.0
36404058,40.0
36406449,50.0
36406450,50.0
36409414,30.0
36411176,30.0
36503822,30.0
37013142,30.0
37100211,45.0
37679959,50.0
37679974,50.0
37708123,30.0
37708330,25.0
37724027,20.0
37724028,20.0
37733272,30.0
37835414,30.0
37835461,30.0
37835531,30.0
37835687,30.0
37835791,45.0
37835794,40.0
37835814,45.0
37835833,30.0
37835837,30.0
37835871,45.0
37835910,30.0
37835960,45.0
37835978,20.0
37835992,30.0
37836036,45.0
37836105,30.0
37836152,30.0
37836155,30.0
37836169,30.0
37836172,30.0
37836173,30.0
37836177,30.0
37836329,30.0
37836351,30.0
37836365,30.0
37836414,30.0
37836416,30.0
37836450,30.0
37836456,30.0
37836460,25.0
37836518,45.0
37857444,30.0
37857449,30.0
37857458,30.0
37857472,30.0
37857473,30.0
37857474,30.0
37857475,30.0
37857482,30.0
37857651,25.0
37857653,25.0
37857674,25.0
37857677,30.0
37857684,30.0
37857695,30.0
37857702,30.0
37857706,30.0
37857714,30.0
37857716,30.0
37857718,30.0
37857730,30.0
37857735,30.0
37857748,30.0
37857751,30.0
37857766,30.0
37857769,30.0
37857773,30.0
37857774,30.0
37857790,30.0
37857791,30.0
37857854,30.0
37857856,30.0
37857858,30.0
37857860,30.0
37874368,45.0
37874470,30.0
37874515,30.0
37874526,30.0
37874536,30.0
37874564,30.0
37874789,30.0
37874799,30.0
37874842,30.0
37874853,30.0
37874893,30.0
37874958,30.0
37875031,30.0
37875042,30.0
37875044,30.0
37875052,30.0
37875056,30.0
37875058,30.0
37875068,30.0
37875069,30.0
37875079,30.0
37875080,30.0
37875081,30.0
37875086,30.0
37875087,30.0
37875088,30.0
37875092,30.0
37875095,30.0
37875114,30.0
37875128,30.0
37875129,30.0
37875132,30.0
37875134,30.0
37875140,30.0
37887788,30.0
37887968,40.0
37887989,30.0
37887993,30.0
37887995,30.0
37887998,30.0
37888001,30.0
37888002,30.0
37888014,25.0
37888089,30.0
37888112,30.0
37888124,30.0
37888128,30.0
37888130,30.0
37888137,30.0
37888139,30.0
37888142,30.0
37888207,30.0
37888211,30.0
37888212,30.0
37888225,30.0
37888241,30.0
37888243,30.0
37888250,45.0
37888254,30.0
37888257,30.0
37888262,30.0
37888265,30.0
37888275,30.0
37888277,30.0
37888280,30.0
37888300,30.0
37888337,30.0
37888357,30.0
37888369,30.0
37888417,30.0
37888418,30.0
37888420,30.0
37888425,30.0
37888426,30.0
37888453,30.0
38025181,24.0
38025299,30.0
38026926,20.0
38786859,40.0
38786860,30.0
38786861,20.0
38786865,30.0
38786868,40.0
38786869,30.0
38964016,50.0
38978985,30.0
38978995,30.0
39166218,20.0
39185278,30.0
39185311,50.0
39185521,30.0
39185523,30.0
39185929,30.0
39185932,30.0
39185943,30.0
39185944,30.0
39185950,30.0
39185983,30.0
39186084,30.0
39186089,30.0
39186092,30.0
39186093,30.0
39186096,30.0
39186174,30.0
39186243,30.0
39186251,30.0
39186256,30.0
39186261,30.0
39186634,30.0
39186673,25.0
39186676,30.0
39186679,30.0
39186684,30.0
39186706,30.0
39186708,30.0
39186709,30.0
39186733,30.0
39186821,45.0
39186870,30.0
39186871,25.0
39186872,25.0
39186877,30.0
39186898,30.0
39186906,30.0
39186979,30.0
39186993,30.0
39187066,30.0
39187067,30.0
39187072,30.0
39187983,20.0
39187994,25.0
39205339,30.0
39205342,30.0
39205344,30.0
39205345,30.0
39205347,30.0
39205349,30.0
39205350,30.0
39205352,30.0
39205353,30.0
39205355,30.0
39205356,30.0
39205357,30.0
39205358,30.0
39205359,30.0
39208077,30.0
39208090,30.0
39208096,30.0
39208098,30.0
39208099,30.0
39208308,30.0
39208318,25.0
39208340,30.0
39208347,30.0
39208371,30.0
39208458,30.0
39208460,30.0
39208463,30.0
39208470,30.0
39208476,24.0
39208494,40.0
39208500,30.0
39208501,25.0
39208504,30.0
39208505,30.0
39208507,30.0
39208512,30.0
39208544,30.0
39208556,10.0
39208604,30.0
39208606,30.0
39208609,30.0
39208612,30.0
39208617,30.0
39208626,30.0
39208659,30.0
39212734,45.0
39212740,24.0
39212744,24.0
39212745,24.0
39212748,30.0
39212934,25.0
39212937,20.0
39212939,20.0
39212941,20.0
39212942,20.0
39212943,24.0
39212944,24.0
39212946,24.0
39212947,24.0
39212953,20.0
39212954,24.0
39212957,20.0
39212958,20.0
39212959,24.0
39212960,24.0
39212961,20.0
39212963,20.0
39212965,25.0
39212967,30.0
39212968,30.0
39242959,20.0
39242960,25.0
39242963,25.0
39242964,30.0
39242965,30.0
39242966,30.0
39242967,20.0
39242968,30.0
39242969,30.0
39242970,25.0
39242971,30.0
39242973,30.0
39242974,30.0
39242975,30.0
39242977,20.0
39242978,20.0
39242980,30.0
39242983,20.0
39242984,20.0
39242986,30.0
39242989,30.0
39242991,30.0
39242998,30.0
39243002,20.0
39243004,30.0
39243005,30.0
39243007,25.0
39243008,30.0
39243009,30.0
39243010,30.0
39243011,30.0
39243015,25.0
39270175,20.0
39270176,20.0
39270177,20.0
39270180,20.0
39270181,20.0
39270192,30.0
39270193,30.0
39313309,30.0
39313471,30.0
39313473,30.0
39313474,30.0
39313616,30.0
39313617,24.0
39313618,30.0
39313619,40.0
39313620,30.0
39313621,30.0
39313623,30.0
39313624,40.0
39313625,30.0
39313686,30.0
39313687,30.0
39313688,30.0
39313689,30.0
39313690,30.0
39313691,30.0
39313692,30.0
39313751,30.0
39313752,30.0
39313753,30.0
39313754,30.0
39313818,20.0
39313819,24.0
39313820,30.0
39362349,30.0
39410114,24.0
39410116,24.0
39410119,24.0
39410120,24.0
39410124,24.0
39410125,24.0
39410127,24.0
39410128,24.0
39410129,24.0
39410130,24.0
39410131,24.0
39410134,32.0
39410139,24.0
39410141,24.0
39410144,24.0
39410148,24.0
39410149,24.0
39410151,24.0
39410179,24.0
39410191,30.0
39410192,30.0
39410193,30.0
39410194,30.0
39410201,24.0
39410203,24.0
39410204,24.0
39410205,24.0
39410207,36.0
39410208,36.0
39410210,24.0
39410212,24.0
39410213,24.0
39410214,24.0
39410215,24.0
39410217,24.0
39410218,24.0
39410219,24.0
39433075,24.0
39433076,24.0
39433077,24.0
39433078,32.0
39433081,24.0
39433082,24.0
39433084,24.0
39433085,24.0
39433086,24.0
39433087,24.0
39433088,24.0
39433089,24.0
39433090,24.0
39433091,24.0
39433092,24.0
39433093,24.0
39433094,24.0
39433095,24.0
39433097,24.0
39433099,24.0
39433100,24.0
39433110,24.0
39433111,24.0
39543104,45.0
39543106,24.0
39543107,24.0
39543108,24.0
39543109,24.0
39543110,24.0
39543133,30.0
39543134,30.0
39543136,30.0
39543140,30.0
39543141,30.0
39543142,45.0
39543143,30.0
39543144,30.0
39543145,30.0
39543146,30.0
39543147,30.0
39543148,30.0
39543150,30.0
39543151,30.0
39543152,30.0
39543153,30.0
39543154,30.0
39543155,30.0
39543156,30.0
39543157,30.0
39543158,30.0
39543159,30.0
39543160,30.0
39543161,30.0
39543162,30.0
39543163,30.0
39543164,30.0
39543165,30.0
39543167,30.0
39543168,30.0
39543169,30.0
39543171,30.0
39543172,30.0
39543173,30.0
39543174,30.0
39543175,30.0
39543176,30.0
39543177,30.0
39543178,30.0
39543180,30.0
39543181,30.0
39543182,30.0
39543183,30.0
39543184,30.0
39543185,30.0
39543186,30.0
39543187,30.0
39543190,40.0
39543191,30.0
39543192,30.0
39543193,30.0
39543194,30.0
39543197,24.0
39543198,24.0
39543200,24.0
39543202,30.0
39543204,30.0
39543205,30.0
39543206,30.0
39543208,30.0
39543214,30.0
39543680,30.0
39543681,30.0
39543682,30.0
39543684,30.0
39543685,30.0
39543686,30.0
39543687,30.0
39543688,30.0
39543689,30.0
39543690,30.0
39543691,30.0
39543692,30.0
39543694,30.0
39543697,30.0
39543698,30.0
39543699,30.0
39543700,30.0
39653631,30.0
39653632,30.0
39653633,30.0
39653634,30.0
39653635,30.0
39653636,30.0
39653637,30.0
39818413,20.0
39818415,20.0
39818423,30.0
39818424,30.0
39818425,30.0
39818426,30.0
39818427,25.0
39818438,30.0
39818440,30.0
39818486,30.0
40140602,30.0
40140604,30.0
40140605,30.0
40140611,30.0
40140616,30.0
40140617,30.0
40140624,30.0
40140625,30.0
40140628,30.0
40140629,30.0
40140631,30.0
40140639,30.0
40140642,30.0
40140646,30.0
40140647,30.0
40160417,30.0
40162503,25.0
40162504,30.0
40162505,30.0
40162507,30.0
40162509,30.0
40162514,30.0
40162515,30.0
40162517,30.0
40204344,30.0
40204824,30.0
40205280,30.0
40205281,40.0
40205366,30.0
40205380,45.0
40205388,25.0
40205389,25.0
40886393,45.0
40886399,36.0
40886400,40.0
40886402,50.0
40886403,25.0
40886405,25.0
40886406,20.0
40886409,30.0
40886411,30.0
40886412,30.0
40886413,30.0
40886418,24.0
40886419,30.0
40886421,45.0
40886423,30.0
40886427,30.0
40886430,30.0
40886432,45.0
40945884,30.0
40945887,30.0
40945888,45.0
40945894,40.0
40945898,30.0
40945904,40.0
40945905,45.0
40945906,40.0
40945908,30.0
40945916,30.0
40945925,30.0
41713227,30.0
42089399,30.0
42089400,30.0
42089405,30.0
42089408,30.0
42089424,30.0
42089425,30.0
42089427,30.0
42089428,30.0
42089429,30.0
42089431,30.0
42089432,30.0
42089433,40.0
42089435,30.0
42089436,30.0
42089437,30.0
42089439,30.0
42196938,30.0
42196942,30.0
42196943,40.0
42196945,30.0
42196947,30.0
42196950,30.0
42196952,40.0
42196953,30.0
42196955,30.0
42196958,30.0
42196967,50.0
42198077,30.0
42198078,30.0
42198079,30.0
42198105,30.0
42198106,30.0
42198113,30.0
42198115,30.0
42198117,30.0
42198130,30.0
42198131,30.0
42198133,30.0
42198136,30.0
42198137,30.0
42656150,50.0
42656152,50.0
42656154,50.0
42656157,50.0
42656169,50.0
42656188,50.0
42656191,50.0
42656192,50.0
42656193,50.0
42656201,50.0
42656202,30.0
42656206,30.0
42656207,50.0
42656208,50.0
42656209,30.0
42656211,30.0
42656215,50.0
42656216,30.0
42656217,30.0
42656218,30.0
42656235,30.0
42656236,30.0
42656237,30.0
42656238,30.0
42656239,45.0
42656240,30.0
42656241,30.0
42656244,30.0
42656247,10.0
42656248,10.0
42661922,30.0
42661924,30.0
42661933,30.0
42661939,30.0
42661941,30.0
42661944,30.0
42661946,30.0
42661948,30.0
42661971,30.0
42661973,30.0
42661974,30.0
42661984,30.0
42661987,30.0
42661989,30.0
42662001,45.0
42662004,30.0
42662029,30.0
42662037,20.0
42662039,30.0
42662042,30.0
42662044,30.0
42662049,30.0
42662052,30.0
42662062,30.0
42662064,30.0
42662065,40.0
42753383,30.0
42753384,30.0
42753385,30.0
42753386,30.0
42756533,30.0
42756537,30.0
42756540,40.0
42756541,30.0
42757085,30.0
42757086,30.0
42757087,30.0
42817476,30.0
42817481,30.0
42817488,30.0
42817498,30.0
42817517,30.0
42817524,30.0
42817599,30.0
42817628,30.0
42817633,30.0
42817638,30.0
42817641,30.0
42817652,40.0
42817655,30.0
42817656,25.0
42817670,30.0
42817675,30.0
42835266,30.0
42835268,30.0
42835269,30.0
42835270,45.0
42835271,30.0
42835272,30.0
42835273,30.0
42835274,30.0
42835275,30.0
42835276,30.0
42835277,30.0
42835278,30.0
42835279,30.0
42835280,30.0
42835281,30.0
42835282,30.0
42835284,30.0
42835286,30.0
42835287,30.0
42835288,30.0
42835289,30.0
42835290,30.0
42835292,30.0
42835293,30.0
42835294,30.0
42835296,30.0
42835297,30.0
42835298,30.0
42835299,30.0
42835300,30.0
42835301,30.0
42835302,30.0
42835303,30.0
42835304,30.0
42835305,30.0
42835307,30.0
42835308,30.0
42835310,30.0
42835311,30.0
42835312,30.0
42835313,30.0
42835314,30.0
42835315,30.0
42835317,30.0
42835318,30.0
42835319,30.0
42835320,30.0
42835321,30.0
42835322,30.0
42835323,30.0
42835324,30.0
42835325,30.0
42835327,30.0
42835328,30.0
42835329,30.0
42835330,30.0
42835331,30.0
42835333,30.0
42835334,30.0
42835335,30.0
42835336,30.0
42835337,30.0
42835338,30.0
42835339,30.0
42835340,30.0
42835341,30.0
42835342,30.0
42835343,30.0
42835344,30.0
42835345,30.0
42835346,30.0
42835347,30.0
42835348,30.0
42835349,30.0
42835350,30.0
42835351,30.0
42835352,30.0
42835354,30.0
42835355,30.0
42835356,30.0
42835358,30.0
42835359,30.0
42835361,30.0
42835362,30.0
42835363,30.0
42835364,30.0
42835366,30.0
42835369,30.0
42835374,30.0
42835376,30.0
42835377,30.0
42835378,30.0
42835380,30.0
42835381,30.0
42835382,30.0
42835383,30.0
42835384,30.0
42835385,30.0
42835386,30.0
42835387,30.0
42835388,30.0
42835389,30.0
42835390,30.0
42835391,30.0
42835392,30.0
42835393,50.0
42835394,30.0
42835395,30.0
42835396,30.0
42835397,30.0
42835398,30.0
42835399,30.0
42835401,30.0
42835402,30.0
42835404,30.0
42835405,30.0
42835406,30.0
42835407,30.0
42835408,30.0
42835409,30.0
42835410,30.0
42835411,30.0
42835412,30.0
42835413,30.0
42835414,30.0
42835415,30.0
42835416,30.0
42835417,30.0
42835418,30.0
42835419,30.0
42835420,30.0
42835421,30.0
42835422,30.0
42835423,30.0
42835424,30.0
42835426,30.0
42835427,30.0
42835428,30.0
42835429,30.0
42835430,30.0
42835431,30.0
42835432,30.0
42835433,30.0
42835434,30.0
42835435,30.0
42835436,30.0
42835437,30.0
42835438,30.0
42835440,30.0
42836249,30.0
42836254,30.0
42836255,30.0
42836256,30.0
42836266,30.0
42836267,30.0
42836268,30.0
42836269,30.0
42836270,30.0
42836271,30.0
42836272,30.0
42836273,30.0
42836274,30.0
42836276,30.0
42836277,30.0
42836279,30.0
42836280,30.0
42836281,30.0
42836282,30.0
42836283,30.0
42836284,30.0
42836286,30.0
42836287,30.0
42836288,30.0
42836290,30.0
42836291,30.0
42836292,30.0
42836293,30.0
42836294,30.0
42836296,30.0
42836297,30.0
42836298,30.0
42836299,30.0
42836300,30.0
42836301,30.0
42836302,30.0
42836305,30.0
42836306,30.0
42836307,30.0
42836308,30.0
42836309,30.0
42836310,30.0
42868742,30.0
42868757,30.0
42868762,30.0
42868765,30.0
42868770,30.0
42868777,30.0
42868781,30.0
42868800,30.0
42868823,30.0
42868857,30.0
42868861,30.0
42868871,30.0
42868872,30.0
42868873,45.0
42868874,30.0
42868887,30.0
42868897,30.0
42871298,30.0
42871299,30.0
42930745,25.0
42930746,25.0
42930747,30.0
42930748,30.0
42930749,30.0
42930751,24.0
42930752,40.0
42930753,30.0
42930755,40.0
42930756,40.0
42930757,25.0
42930758,30.0
42930759,30.0
42930760,30.0
42930761,30.0
42930762,30.0
42930763,30.0
42930764,30.0
42930765,30.0
42930766,30.0
42930767,30.0
42930768,30.0
42930774,30.0
42930776,50.0
42930777,50.0
42930778,50.0
42974758,30.0
42974759,30.0
42974760,30.0
42974761,30.0
42974762,30.0
42974763,30.0
42974764,30.0
42974766,30.0
42974767,30.0
42974768,30.0
42974769,30.0
42974770,30.0
42974771,30.0
42974772,30.0
42974774,30.0
42974775,30.0
42974776,30.0
42974777,40.0
42974778,25.0
42974779,30.0
42974780,24.0
42974781,24.0
42974782,30.0
42974783,30.0
42974784,30.0
42974785,30.0
42974786,20.0
42974787,30.0
42974789,30.0
42974790,30.0
42974791,30.0
42974792,30.0
42974793,30.0
42974794,30.0
42974796,30.0
42974797,30.0
42974798,30.0
42974801,20.0
42974804,30.0
42974806,30.0
42974807,30.0
42974810,30.0
42974813,30.0
42974814,30.0
42974815,30.0
42974816,30.0
42974817,30.0
42974818,30.0
42974820,30.0
42974821,30.0
42974822,30.0
42974824,30.0
42974825,30.0
42974827,30.0
42974829,30.0
42974831,30.0
42974833,30.0
42974834,30.0
42974835,30.0
42974837,30.0
42974839,30.0
42974842,30.0
42974846,30.0
42974847,30.0
42974848,30.0
42974852,30.0
42974853,30.0
42974855,30.0
42974856,30.0
42974858,30.0
42974859,30.0
42974861,30.0
42974863,30.0
42974867,30.0
42974869,30.0
42974870,30.0
42974871,30.0
42974873,30.0
42974874,30.0
42974876,30.0
42974878,30.0
42974879,30.0
42974881,30.0
42974882,30.0
42974883,30.0
42974884,30.0
42974887,30.0
42974889,30.0
42974890,30.0
42974891,30.0
42974892,30.0
42974893,30.0
42974894,30.0
42974895,30.0
42974896,30.0
42974897,30.0
42974898,30.0
42974902,30.0
42974903,30.0
42974904,30.0
42974905,30.0
42974906,30.0
42974907,30.0
42974910,30.0
42974917,30.0
42974930,30.0
42974931,30.0
42974932,30.0
42974936,25.0
42974937,30.0
42974939,30.0
42974940,30.0
42981877,30.0
42981883,30.0
42981884,30.0
42981893,30.0
42981895,30.0
42981896,30.0
42981897,30.0
42981907,40.0
42981908,40.0
42981913,20.0
42981916,20.0
42981917,20.0
43039911,30.0
43039916,30.0
43039917,30.0
43039918,30.0
43039919,30.0
43039922,30.0
43039923,30.0
43039924,30.0
43039926,30.0
43039928,30.0
43039929,30.0
43039930,30.0
43039931,30.0
43039933,25.0
43039934,30.0
43039935,30.0
43039936,30.0
43039937,30.0
43039938,30.0
43039939,30.0
43039940,30.0
43039941,30.0
43039943,30.0
43039948,30.0
43039950,30.0
43039951,30.0
43039952,30.0
43039953,30.0
43039955,30.0
43039960,30.0
43039963,30.0
43039967,30.0
43039972,30.0
43039973,30.0
43039981,30.0
43039982,30.0
43039984,30.0
43039985,30.0
43039986,30.0
43039987,30.0
43039988,30.0
43039989,30.0
43039990,30.0
43039991,30.0
43039993,30.0
43039994,30.0
43039996,30.0
43039997,30.0
43039999,30.0
43040000,30.0
43040001,30.0
43040002,30.0
43040003,30.0
43040004,30.0
43040005,30.0
43040006,30.0
43040011,30.0
43040012,30.0
43040013,30.0
43040014,30.0
43040016,30.0
43040019,30.0
43040020,30.0
43040021,30.0
43040022,30.0
43040023,30.0
43040024,30.0
43040025,30.0
43040026,30.0
43040027,30.0
43040028,30.0
43040029,30.0
43040030,30.0
43040031,30.0
43040032,30.0
43040033,30.0
43040034,30.0
43040035,30.0
43040036,30.0
43040041,30.0
43040042,30.0
43040043,30.0
43040044,30.0
43040046,30.0
43040047,30.0
43040049,30.0
43040050,30.0
43040051,30.0
43040054,30.0
43040055,30.0
43040056,30.0
43040057,30.0
43040059,30.0
43040060,30.0
43040061,30.0
43040062,30.0
43040064,30.0
43040065,30.0
43040068,30.0
43040069,30.0
43040070,30.0
43040073,30.0
43040075,40.0
43040076,30.0
43040077,30.0
43040078,30.0
43040081,30.0
43040082,30.0
43040084,25.0
43040085,30.0
43040086,30.0
43040087,30.0
43040089,30.0
43040090,30.0
43040091,30.0
43040092,30.0
43040093,30.0
43040094,30.0
43040095,30.0
43040096,30.0
43040097,30.0
43040098,30.0
43040099,30.0
43040100,30.0
43040104,30.0
43040105,30.0
43040110,25.0
43040111,25.0
43040115,30.0
43040116,30.0
43040129,30.0
43040133,20.0
43040134,30.0
43040135,30.0
43040148,30.0
43040149,30.0
43040150,30.0
43040151,30.0
43040152,30.0
43040153,30.0
43040154,30.0
43040158,30.0
43040159,30.0
43040160,30.0
43040164,30.0
43040166,30.0
43040168,30.0
43040169,30.0
43040170,30.0
43040171,30.0
43040172,30.0
43040173,30.0
43040174,30.0
43040175,30.0
43040176,30.0
43040177,30.0
43040178,30.0
43040179,30.0
43040182,30.0
43040190,30.0
43040191,30.0
43040192,30.0
43040194,30.0
43040195,30.0
43040196,30.0
43040197,30.0
43040198,30.0
43040200,40.0
43040201,30.0
43040202,30.0
43040203,30.0
43040204,30.0
43040206,30.0
43040207,30.0
43040208,30.0
43040209,30.0
43040210,30.0
43040211,30.0
43040212,30.0
43040213,30.0
43040214,30.0
43040215,30.0
43040220,30.0
43040221,30.0
43040222,30.0
43040223,25.0
43040226,25.0
43040227,30.0
43040228,30.0
43040229,30.0
43040230,30.0
43040231,30.0
43040232,30.0
43040233,30.0
43040234,30.0
43040236,30.0
43040237,30.0
43040238,30.0
43040240,30.0
43040241,30.0
43040243,30.0
43040244,30.0
43040245,30.0
43040246,30.0
43040247,30.0
43040248,30.0
43040249,30.0
43040250,30.0
43040252,30.0
43040254,30.0
43040255,30.0
43040256,30.0
43040257,30.0
43040258,30.0
43040259,30.0
43040260,30.0
43040261,30.0
43040264,30.0
43040268,30.0
43040269,30.0
43040270,30.0
43040271,30.0
43040273,30.0
43040275,30.0
43040276,30.0
43040277,30.0
43040278,30.0
43040279,40.0
43040280,30.0
43040281,30.0
43040283,30.0
43040285,30.0
43040287,30.0
43040288,30.0
43040290,30.0
43040291,30.0
43040292,30.0
43040293,30.0
43040294,30.0
43040295,30.0
43040296,30.0
43040297,30.0
43040298,30.0
43040299,45.0
43040300,30.0
43040301,30.0
43040302,30.0
43040303,30.0
43040306,30.0
43040307,30.0
43040308,30.0
43040309,30.0
43040310,30.0
43040311,30.0
43040313,30.0
43040314,30.0
43040315,30.0
43040316,30.0
43040317,30.0
43040318,30.0
43040319,30.0
43040325,30.0
43040327,30.0
43040330,30.0
43040331,30.0
43040332,30.0
43040333,30.0
43040334,30.0
43040335,30.0
43040336,30.0
43040337,30.0
43040338,30.0
43040339,30.0
43040340,30.0
43040341,30.0
43040344,30.0
43040345,30.0
43040346,30.0
43040347,30.0
43040348,30.0
43040350,30.0
43040351,30.0
43040352,30.0
43040353,30.0
43040354,30.0
43040355,30.0
43040356,30.0
43040357,30.0
43040358,30.0
43040361,30.0
43040362,30.0
43040363,30.0
43040365,30.0
43040366,40.0
43040368,30.0
43040369,30.0
43040370,30.0
43040371,30.0
43040372,30.0
43040373,30.0
43040374,30.0
43040375,30.0
43040376,30.0
43040377,30.0
43040378,30.0
43040379,30.0
43040380,30.0
43040381,30.0
43040382,30.0
43040383,30.0
43040384,30.0
43040385,30.0
43040386,30.0
43040387,30.0
43040388,30.0
43040389,30.0
43040390,30.0
43040391,30.0
43166657,30.0
43166658,30.0
43166659,30.0
43166660,30.0
43166661,30.0
43166663,30.0
43166664,30.0
43166665,30.0
43166666,30.0
43166667,30.0
43166668,30.0
43166670,30.0
43166672,30.0
43166673,30.0
43166674,30.0
43166675,30.0
43166676,30.0
43166677,30.0
43166679,30.0
43166683,25.0
43166684,30.0
43166685,30.0
43166686,30.0
43166687,30.0
43166688,30.0
43166689,30.0
43166690,30.0
43166691,30.0
43166692,30.0
43166695,30.0
43166696,30.0
43166697,30.0
43166698,30.0
43166699,30.0
43166700,30.0
43166701,30.0
43166704,30.0
43166707,30.0
43166709,30.0
43166713,30.0
43166715,30.0
43166716,30.0
43166718,30.0
43166719,30.0
43166720,30.0
43166721,40.0
43166722,30.0
43166723,30.0
43166724,30.0
43166725,30.0
43166726,30.0
43166727,30.0
43166728,30.0
43166729,30.0
43166730,30.0
43166731,30.0
43166732,30.0
43166733,30.0
43166734,30.0
43166735,30.0
43166736,30.0
43166737,30.0
43166739,30.0
43166740,30.0
43166741,30.0
43166742,30.0
43166743,30.0
43166744,30.0
43166745,30.0
43166746,30.0
43166747,30.0
43166804,40.0
43166805,45.0
43166806,30.0
43166807,30.0
43166808,30.0
43166809,30.0
43166810,30.0
43166811,30.0
43166812,30.0
43166813,30.0
43166814,30.0
43166815,30.0
43166816,30.0
43166817,30.0
43166818,30.0
43166819,30.0
43166820,30.0
43166821,30.0
43166822,30.0
43166823,30.0
43166824,30.0
43166825,30.0
43166826,30.0
43166827,30.0
43166829,30.0
43166830,30.0
43166831,30.0
43166832,30.0
43166833,30.0
43166834,30.0
43166835,30.0
43166836,30.0
43166837,30.0
43166838,30.0
43166839,30.0
43166840,30.0
43166841,30.0
43166843,30.0
43166846,30.0
43166847,30.0
43198869,30.0
43198870,30.0
43198871,30.0
43198872,30.0
43198874,30.0
43198875,30.0
43198876,30.0
43198877,30.0
43198879,30.0
43198880,30.0
43198881,30.0
43198882,30.0
43198883,30.0
43198884,30.0
43198886,30.0
43198887,30.0
43210162,40.0
43210166,25.0
43210170,30.0
43210171,30.0
43210172,30.0
43210173,30.0
43210174,30.0
43210175,30.0
43210176,30.0
43217091,30.0
43217092,30.0
43217093,30.0
43217094,30.0
43217095,30.0
43217096,30.0
43217097,30.0
43217098,30.0
43217099,30.0
43217100,30.0
43217101,30.0
43217102,30.0
43217103,30.0
43217104,30.0
43217105,30.0
43217106,30.0
43217107,30.0
43217108,30.0
43217109,30.0
43217110,30.0
43217111,30.0
43217112,30.0
43217113,30.0
43217114,30.0
43217115,30.0
43217116,30.0
43217117,30.0
43217118,30.0
43217119,30.0
43217120,30.0
43217121,30.0
43217122,30.0
43217123,30.0
43217124,30.0
43217125,30.0
43217126,30.0
43217127,30.0
43217128,30.0
43217129,30.0
43217130,30.0
43217131,30.0
43217132,30.0
43217133,30.0
43217134,30.0
43217135,30.0
43217136,30.0
43217137,30.0
43217139,30.0
43217140,30.0
43217141,30.0
43217143,30.0
43217144,30.0
43217146,30.0
43217147,30.0
43217149,30.0
43217150,30.0
43217151,30.0
43217152,30.0
43217153,30.0
43217154,30.0
43217155,30.0
43217156,30.0
43217157,30.0
43217158,30.0
43217159,30.0
43217160,30.0
43290672,50.0
43292683,80.0
43292688,25.0
43292692,40.0
43443218,30.0
43443219,30.0
43443220,30.0
43443221,30.0
43443223,30.0
43443224,30.0
43443226,30.0
43443228,30.0
43443229,30.0
43443232,30.0
43443233,30.0
43443234,30.0
43443235,30.0
43443236,30.0
43443237,20.0
43443238,30.0
43443239,30.0
43443240,30.0
43443241,30.0
43443242,30.0
43443243,30.0
43443245,30.0
43443246,30.0
43443247,30.0
43443251,30.0
43443252,45.0
43443253,45.0
43443254,30.0
43443255,30.0
43443256,30.0
43443257,30.0
43443258,30.0
43443260,30.0
43443261,30.0
43443262,30.0
43443263,30.0
43443264,30.0
43443265,30.0
43443267,30.0
43443268,25.0
43443269,30.0
43443270,30.0
43443272,30.0
43443273,30.0
43443274,30.0
43443275,30.0
43443277,30.0
43443278,30.0
43443279,30.0
43443280,30.0
43443281,30.0
43443282,30.0
43443283,30.0
43443284,30.0
43443285,30.0
43443287,30.0
43443288,30.0
43443291,30.0
43443292,40.0
43443301,30.0
43443302,30.0
43443305,30.0
43443306,30.0
43443307,30.0
43443308,30.0
43443309,30.0
43443310,30.0
43443311,30.0
43443312,30.0
43443313,30.0
43443314,30.0
43443315,30.0
43443316,30.0
43443321,30.0
43443322,30.0
43443325,30.0
43443327,30.0
43443328,30.0
43443329,30.0
43443330,30.0
43443331,30.0
43443332,30.0
43443333,30.0
43443336,30.0
43443337,30.0
43443338,30.0
43443339,30.0
43443340,30.0
43443344,30.0
43443354,30.0
43443355,30.0
43443358,30.0
43443359,30.0
43443360,30.0
43443370,30.0
43443371,30.0
43443373,30.0
43443374,45.0
43443375,30.0
43443376,30.0
43443377,30.0
43443378,30.0
43443379,30.0
43443380,30.0
43443381,30.0
43443382,30.0
43443387,30.0
43443388,30.0
43443389,30.0
43443392,30.0
43443394,30.0
43443395,30.0
43443396,30.0
43443397,30.0
43443398,30.0
43443399,30.0
43443410,30.0
43443411,30.0
43443412,30.0
43443413,30.0
43443414,30.0
43443415,30.0
43443416,30.0
43443417,30.0
43443418,30.0
43443419,30.0
43443420,30.0
43443421,30.0
43443422,30.0
43443423,30.0
43443426,30.0
43443427,30.0
43443428,30.0
43443430,30.0
43443431,30.0
43443433,30.0
43443434,30.0
43443435,30.0
43443436,20.0
43443438,30.0
43443439,30.0
43443440,30.0
43443441,30.0
43443442,30.0
43443443,30.0
43443444,30.0
43443445,30.0
43443446,30.0
43443447,30.0
43443448,30.0
43443449,30.0
43443450,30.0
43443452,45.0
43443453,30.0
43443454,30.0
43443455,45.0
43443456,30.0
43443457,30.0
43443459,30.0
43443460,30.0
43443461,30.0
43443462,30.0
43443463,30.0
43443465,30.0
43443466,30.0
43443468,30.0
43443469,30.0
43443470,30.0
43443473,30.0
43443474,30.0
43443476,30.0
43443477,30.0
43443478,30.0
43443479,30.0
43443480,30.0
43443481,30.0
43443482,30.0
43444068,30.0
43444069,30.0
43444070,30.0
43444071,30.0
43444072,30.0
43444073,30.0
43444074,30.0
43444075,30.0
43451627,30.0
43451628,30.0
43451629,30.0
43451630,30.0
43451631,30.0
43451632,30.0
43451634,25.0
43451636,30.0
43451638,30.0
43451641,30.0
43451645,30.0
43451647,30.0
43451649,30.0
43451651,30.0
43451653,30.0
43451657,30.0
43451659,30.0
43451661,30.0
43451663,30.0
43451664,30.0
43451666,30.0
43451668,30.0
43451669,30.0
43451671,30.0
43451674,30.0
43451676,30.0
43451677,30.0
43451679,30.0
43451681,30.0
43451683,30.0
43451689,30.0
43451691,30.0
43451693,50.0
43451699,30.0
43451704,30.0
43451710,30.0
43451712,30.0
43451714,30.0
43451716,30.0
43451721,30.0
43451723,30.0
43451725,30.0
43451728,30.0
43451730,30.0
43451732,30.0
43451734,30.0
43451737,30.0
43451739,30.0
43451741,30.0
43451743,30.0
43451745,30.0
43451750,30.0
43451752,30.0
43451753,30.0
43451755,30.0
43451757,30.0
43451759,30.0
43451760,30.0
43451762,30.0
43451764,30.0
43451766,30.0
43451768,30.0
43451770,30.0
43451772,30.0
43451773,30.0
43451775,30.0
43451777,30.0
43451784,30.0
43451786,30.0
43451788,30.0
43451790,30.0
43451791,30.0
43451793,30.0
43451795,30.0
43451797,30.0
43451799,30.0
43451800,30.0
43451802,30.0
43451804,30.0
43451805,30.0
43451806,30.0
43451807,30.0
43451808,30.0
43451810,30.0
43451812,30.0
43451814,30.0
43451816,30.0
43451818,30.0
43451819,30.0
43451822,30.0
43451824,30.0
43451826,30.0
43451828,30.0
43451829,30.0
43451831,30.0
43451833,30.0
43451834,30.0
43451836,30.0
43451838,30.0
43451840,30.0
43451841,30.0
43451847,30.0
43451849,30.0
43451857,30.0
43451862,30.0
43451866,30.0
43451868,30.0
43451876,30.0
43452647,30.0
43452689,30.0
43452697,25.0
43452701,30.0
43456183,30.0
43456184,30.0
43456185,30.0
43456186,30.0
43456187,30.0
43456188,30.0
43456189,30.0
43456190,30.0
43456191,30.0
43456192,30.0
43456193,30.0
43456194,30.0
43456195,30.0
43456196,30.0
43456197,30.0
43456198,30.0
43456199,30.0
43456200,20.0
43456201,30.0
43456202,30.0
43456203,30.0
43456204,30.0
43456205,30.0
43456206,30.0
43456207,30.0
43456209,30.0
43456210,30.0
43456211,30.0
43456216,30.0
43456220,25.0
43456234,50.0
43456236,45.0
43456239,50.0
43456240,50.0
43456241,50.0
43456242,30.0
43456243,50.0
43456244,50.0
43456245,30.0
43456250,50.0
43456251,30.0
43456252,30.0
43456253,50.0
43456254,30.0
43456255,30.0
43456256,30.0
43456257,30.0
43456258,30.0
43456259,30.0
43456260,30.0
43456261,30.0
43456262,30.0
43456263,30.0
43456264,30.0
43456265,30.0
43456266,30.0
43456267,30.0
43456268,30.0
43456269,30.0
43456270,30.0
43456271,30.0
43456273,30.0
43456274,30.0
43456277,30.0
43456278,30.0
43456279,50.0
43456280,30.0
43456282,40.0
43456287,24.0
43456288,40.0
43557658,30.0
43557659,30.0
43557661,30.0
43557662,30.0
43557663,30.0
43557664,30.0
43557665,30.0
43557668,30.0
43557670,30.0
43557671,30.0
43557673,30.0
43557676,30.0
43557678,30.0
43557679,30.0
43557680,30.0
43557681,30.0
43557682,30.0
43557683,30.0
43557684,30.0
43557686,30.0
43557688,30.0
43557689,30.0
43557695,30.0
43557696,30.0
43557709,30.0
43557711,30.0
43557713,30.0
43557714,30.0
43557715,30.0
43557716,30.0
43557717,30.0
43557718,30.0
43557719,30.0
43557722,25.0
43557723,25.0
43557724,30.0
43557725,25.0
43557726,30.0
43557727,30.0
43557728,30.0
43557731,30.0
43557732,30.0
43557734,30.0
43557735,30.0
43557736,30.0
43557741,30.0
43557742,30.0
43557746,30.0
43557747,30.0
43557750,30.0
43557753,30.0
43557754,30.0
43557758,30.0
43557759,30.0
43557760,30.0
43557761,30.0
43557763,30.0
43557764,30.0
43557765,30.0
43557766,30.0
43557767,30.0
43557768,30.0
43557769,30.0
43557770,30.0
43557771,30.0
43557772,30.0
43557773,30.0
43557774,25.0
43557775,30.0
43557776,30.0
43557777,30.0
43557778,30.0
43557779,30.0
43557780,30.0
43557782,30.0
43557783,30.0
43557784,30.0
43557785,30.0
43557786,30.0
43557787,30.0
43557790,30.0
43557791,30.0
43557792,30.0
43557794,30.0
43557796,30.0
43557797,30.0
43557798,30.0
43557800,30.0
43557801,30.0
43557808,30.0
43557809,30.0
43557810,30.0
43557811,30.0
43557812,30.0
43557813,30.0
43557814,30.0
43557815,30.0
43557816,30.0
43557817,30.0
43557820,30.0
43557821,30.0
43557822,20.0
43557823,30.0
43557824,30.0
43557825,30.0
43557827,30.0
43557828,30.0
43557829,40.0
43557830,30.0
43557833,30.0
43557838,30.0
43557839,30.0
43557856,30.0
43557857,30.0
43557858,30.0
43557859,30.0
43557860,30.0
43557861,30.0
43557862,30.0
43557875,30.0
43557876,30.0
43557877,30.0
43557879,30.0
43557880,30.0
43557881,30.0
43557883,30.0
43557884,30.0
43557886,30.0
43557887,30.0
43557888,30.0
43557890,30.0
43557895,30.0
43557896,30.0
43557897,30.0
43557898,30.0
43557899,30.0
43557900,30.0
43557902,20.0
43557903,30.0
43557904,30.0
43557905,30.0
43557906,30.0
43707724,30.0
43707725,30.0
43707726,30.0
43707727,25.0
43707728,30.0
43707729,30.0
43707730,30.0
43707731,25.0
43707732,30.0
43707733,30.0
43707734,30.0
43707735,30.0
43707736,30.0
43707737,30.0
43707738,30.0
43707739,30.0
43707748,30.0
43707749,30.0
43707750,30.0
43707751,30.0
43707761,30.0
43707764,30.0
43707765,30.0
43707767,30.0
43707768,30.0
43707769,25.0
43707770,30.0
43707771,30.0
43707772,30.0
43707773,30.0
43707774,30.0
43707775,30.0
43707776,30.0
43707777,30.0
43707778,30.0
43707779,30.0
43707780,30.0
43707781,30.0
43707782,30.0
43707783,30.0
43707784,30.0
43707785,30.0
43707786,30.0
43707787,30.0
43707789,30.0
43707790,30.0
43707792,30.0
43707795,30.0
43707796,30.0
43707798,30.0
43707799,30.0
43707802,30.0
43707804,30.0
43707805,30.0
43707807,30.0
43707810,30.0
43707812,30.0
43707813,30.0
43707814,30.0
43707815,30.0
43707819,30.0
43707820,25.0
43707821,30.0
43707822,30.0
43707823,30.0
43707824,30.0
43707826,30.0
43707827,30.0
43707830,30.0
43707831,30.0
43707832,30.0
43707833,30.0
43707836,40.0
43707838,30.0
43707839,30.0
43707840,30.0
43707841,30.0
43707842,30.0
43707843,30.0
43707846,30.0
43707848,30.0
43707849,30.0
43707850,30.0
43707851,30.0
43707853,25.0
43707854,50.0
43707856,30.0
43707860,30.0
43707861,30.0
43707862,30.0
43707863,30.0
43707864,30.0
43707866,30.0
43707867,30.0
43707868,30.0
43707869,30.0
43707870,30.0
43707871,30.0
43707873,30.0
43707875,30.0
43707876,30.0
43707877,30.0
43707878,30.0
43707879,30.0
43707880,30.0
43707882,30.0
43707883,30.0
43707884,30.0
43707885,30.0
43707886,30.0
43707887,30.0
43707889,30.0
43707892,30.0
43707893,30.0
43707894,30.0
43707895,30.0
43707896,30.0
43707897,30.0
43707898,30.0
43707899,30.0
43707900,30.0
43707901,30.0
43707902,30.0
43707904,30.0
43707906,30.0
43707908,30.0
43707909,30.0
43707910,30.0
43707911,30.0
43707912,30.0
43707913,30.0
43707914,30.0
43707915,30.0
43707927,30.0
43707930,30.0
43707931,30.0
43707932,30.0
43707933,30.0
43707935,30.0
43707936,30.0
43707937,30.0
43707938,30.0
43707939,30.0
43707940,30.0
43707941,30.0
43707942,30.0
43707944,30.0
43707945,30.0
43707946,30.0
43707947,30.0
43707948,30.0
43707949,30.0
43707950,30.0
43707951,30.0
43707952,30.0
43707953,30.0
43707954,30.0
43707955,30.0
43707958,30.0
43707963,30.0
43707964,30.0
43707965,30.0
43707966,30.0
43707967,30.0
43707968,30.0
43707969,30.0
43707970,30.0
43707971,30.0
43707972,30.0
43707973,30.0
43707974,30.0
43707975,30.0
43707976,30.0
43707977,30.0
43707979,30.0
43707980,30.0
43707981,30.0
43707982,30.0
43707983,30.0
43707984,30.0
43707985,30.0
43707986,30.0
43707987,30.0
43707988,30.0
43707989,30.0
43707990,30.0
43707991,30.0
43707992,30.0
43707995,30.0
43707996,30.0
43707997,30.0
43707998,30.0
43707999,30.0
43708000,30.0
43708003,30.0
43708004,30.0
43708005,30.0
43708006,30.0
43708013,30.0
43708014,30.0
43708017,30.0
43708018,30.0
43708027,30.0
43918942,30.0
43918943,30.0
43918944,30.0
43918945,30.0
43918949,30.0
43918954,30.0
43918955,30.0
43918956,30.0
43918957,30.0
43918967,30.0
43918968,30.0
43918969,30.0
43918974,30.0
43918976,30.0
43918977,30.0
43919007,30.0
43919008,30.0
43919009,30.0
43919010,30.0
43919013,30.0
43919016,30.0
43919017,30.0
43919018,30.0
43919019,30.0
43919021,30.0
43919022,30.0
43919024,30.0
43919025,30.0
43919026,30.0
43919027,30.0
43919031,30.0
43919033,20.0
43919035,30.0
43919037,30.0
43919041,30.0
43919042,30.0
43919045,30.0
43919048,30.0
43919049,30.0
43919050,30.0
43919052,30.0
43919054,30.0
43919055,30.0
43919060,30.0
43919061,30.0
43919062,30.0
43919063,30.0
43919064,30.0
43919065,30.0
43919066,30.0
43919067,30.0
43919068,30.0
43919070,30.0
43919076,30.0
43919077,30.0
43919078,30.0
43919079,30.0
43919080,30.0
43919081,30.0
43919082,30.0
43919083,30.0
43919084,30.0
43919085,30.0
43919087,30.0
43919088,30.0
43919089,30.0
43919091,30.0
43919092,30.0
43919093,30.0
43919094,30.0
43919097,30.0
43919098,30.0
43919099,30.0
43919100,30.0
43919101,30.0
43919103,30.0
43919104,30.0
43919105,30.0
43919106,30.0
43919107,30.0
43919110,30.0
43919112,30.0
43919113,30.0
43919114,30.0
43919116,30.0
43919117,30.0
43919119,30.0
43919120,30.0
43919121,30.0
43919123,30.0
43919124,30.0
43919125,30.0
43919126,30.0
43919129,30.0
43919131,30.0
43919132,30.0
43919133,30.0
43919136,30.0
43919137,30.0
43919139,30.0
43919140,30.0
43919141,30.0
43919142,30.0
43919143,30.0
43919144,30.0
43919145,30.0
43919146,30.0
43919147,30.0
43919149,30.0
43919150,30.0
43919155,30.0
43919156,30.0
43919157,30.0
43919158,30.0
43919159,30.0
43919160,30.0
43919161,30.0
43919162,30.0
43919163,30.0
43919164,30.0
43919165,30.0
43919166,30.0
43919168,30.0
43919170,30.0
43919171,30.0
43919173,30.0
43919174,30.0
43919176,30.0
43919181,30.0
43919182,30.0
43919184,30.0
43919186,30.0
43923818,30.0
43923819,30.0
43923820,30.0
43923821,30.0
43923822,30.0
43923823,30.0
43923824,30.0
43923825,30.0
43923826,30.0
43923828,30.0
43923829,30.0
43923830,30.0
43923831,30.0
43923832,30.0
43923833,30.0
43923834,30.0
43923835,30.0
43923836,30.0
43923837,30.0
43923838,30.0
43923839,30.0
43923840,30.0
43923842,30.0
43923843,30.0
43923844,30.0
43923845,30.0
43923847,30.0
43923848,30.0
43923850,20.0
43923851,30.0
43923853,30.0
43923854,30.0
43923855,30.0
43923856,30.0
43923857,30.0
43923859,30.0
43923860,30.0
43923861,30.0
43923862,30.0
43923863,30.0
43923864,30.0
43923865,30.0
43923866,30.0
43923867,30.0
43923868,30.0
43923869,30.0
43923870,30.0
43923871,30.0
43923872,30.0
43923873,30.0
43923874,30.0
43923875,30.0
43923876,30.0
43923877,30.0
43923878,30.0
43923879,30.0
43923880,30.0
43923881,30.0
43923883,30.0
43923885,30.0
43923888,30.0
43923889,30.0
43923890,30.0
43923891,30.0
43923892,30.0
43923893,30.0
43923894,30.0
43923895,30.0
43923896,30.0
43923897,30.0
43923898,30.0
43923899,30.0
43923900,30.0
43923901,30.0
43923902,45.0
43923903,30.0
43923904,30.0
43923905,30.0
43923906,30.0
43923907,30.0
43923909,30.0
43923910,30.0
43923911,30.0
43923912,30.0
43923913,30.0
43923914,30.0
43923916,30.0
43923917,30.0
43923918,30.0
43923919,30.0
43923920,30.0
43923921,30.0
43923922,30.0
43923923,30.0
43923924,30.0
43923925,30.0
43923926,30.0
43923927,30.0
43923928,30.0
43923929,30.0
43923931,30.0
43923932,30.0
43923933,30.0
43923935,30.0
43923936,30.0
43923937,30.0
43923938,30.0
43923939,30.0
43923940,30.0
43923942,30.0
43923943,30.0
43923945,30.0
43923947,30.0
43923951,30.0
43923953,30.0
43923955,25.0
43923959,30.0
43923962,30.0
43923964,30.0
43923967,30.0
43923969,30.0
43923970,30.0
43923971,30.0
43923972,30.0
43923973,30.0
43923974,30.0
43923975,30.0
43923976,30.0
43923977,30.0
43923978,30.0
43923979,30.0
43923980,30.0
43923981,30.0
43923982,30.0
43923983,30.0
43923984,30.0
43923988,30.0
43923989,30.0
43923990,30.0
43923992,30.0
43923993,20.0
44049491,50.0
44049493,24.0
44049498,30.0
44049499,30.0
44049505,60.0
44049507,45.0
44049508,30.0
44049509,45.0
44049510,40.0
44049511,45.0
44049512,45.0
44049513,30.0
44049514,30.0
44049516,30.0
44049517,30.0
44049523,25.0
44052480,30.0
44052483,30.0
44052484,30.0
44052485,30.0
44052486,30.0
44052487,30.0
44052489,30.0
44052492,30.0
44052494,30.0
44052495,30.0
44052498,10.0
44052500,30.0
44052504,30.0
44052506,30.0
44052507,30.0
44052512,30.0
44052513,30.0
44052515,30.0
44052527,30.0
44052528,30.0
44052530,20.0
44052531,30.0
44052532,30.0
44052533,30.0
44052535,30.0
44052536,30.0
44052537,30.0
44052538,30.0
44052544,30.0
44052545,30.0
44052546,30.0
44052554,30.0
44083575,30.0
44083577,30.0
44083579,30.0
44083580,30.0
44083582,30.0
44083587,30.0
44083589,30.0
44083591,30.0
44083592,30.0
44083594,30.0
44083596,30.0
44083598,30.0
44083603,30.0
44083605,30.0
44083606,30.0
44083607,30.0
44083608,30.0
44083610,30.0
44083611,30.0
44083613,30.0
44083614,30.0
44083616,30.0
44083617,30.0
44083618,30.0
44083619,30.0
44083621,30.0
44083622,30.0
44083624,50.0
44083625,30.0
44083626,30.0
44083628,30.0
44083633,30.0
44083635,30.0
44083636,30.0
44083638,30.0
44083640,30.0
44083645,30.0
44083649,30.0
44083654,30.0
44083655,30.0
44083658,30.0
44083660,30.0
44083663,30.0
44083665,30.0
44083666,30.0
44083671,30.0
44083673,30.0
44083677,30.0
44083681,30.0
44083683,30.0
44083684,30.0
44083687,30.0
44167730,30.0
44167731,30.0
44167741,30.0
44167742,30.0
44167743,30.0
44167744,30.0
44167746,30.0
44167747,30.0
44167748,30.0
44167749,30.0
44167751,30.0
44167757,20.0
44167758,30.0
44167759,30.0
44167760,30.0
44167761,30.0
44167762,30.0
44167763,20.0
44167764,30.0
44167765,30.0
44167766,30.0
44167767,30.0
44174846,50.0
44174848,30.0
44174849,30.0
44174850,30.0
44174851,30.0
44174852,30.0
44174853,30.0
44174854,30.0
44174855,30.0
44174856,30.0
44174857,30.0
44174859,30.0
44174861,30.0
44174862,30.0
44174863,30.0
44174864,30.0
44174865,30.0
44174866,30.0
44174867,30.0
44174868,30.0
44174869,30.0
44174870,30.0
44174871,30.0
44174872,30.0
44174873,30.0
44174874,30.0
44174875,30.0
44174876,30.0
44174879,30.0
44174881,30.0
44174883,30.0
44174884,30.0
44174885,30.0
44174886,30.0
44174887,30.0
44174888,30.0
44174889,30.0
44174890,30.0
44174891,25.0
44174892,30.0
44174893,30.0
44174894,30.0
44174895,30.0
44174897,30.0
44174900,30.0
44174901,30.0
44174902,30.0
44174903,30.0
44174905,30.0
44174906,30.0
44174907,30.0
44174908,30.0
44174909,25.0
44174910,25.0
44174911,30.0
44174913,30.0
44174914,30.0
44174915,30.0
44174916,30.0
44174917,30.0
44174918,30.0
44174919,30.0
44174922,30.0
44174923,30.0
44174924,30.0
44174925,30.0
44174927,30.0
44174928,30.0
44174930,30.0
44174931,30.0
44174932,30.0
44174934,30.0
44174935,30.0
44174937,30.0
44174939,30.0
44174942,30.0
44174944,30.0
44174946,30.0
44174948,30.0
44174949,30.0
44174951,30.0
44174956,30.0
44174958,30.0
44174959,30.0
44174961,30.0
44174963,30.0
44174965,30.0
44174967,30.0
44174968,30.0
44174972,24.0
44174974,30.0
44174975,30.0
44174978,30.0
44174980,30.0
44174982,30.0
44174983,30.0
44174985,30.0
44174987,30.0
44174989,30.0
44174991,30.0
44174992,30.0
44174994,30.0
44174995,30.0
44175004,30.0
44175006,30.0
44175007,30.0
44175008,30.0
44175010,30.0
44175011,30.0
44175013,30.0
44175015,30.0
44175016,30.0
44175017,30.0
44175019,30.0
44175020,30.0
44175022,30.0
44175024,30.0
44175025,30.0
44175027,30.0
44175028,30.0
44175030,30.0
44175032,30.0
44175034,30.0
44175035,30.0
44175036,30.0
44175039,30.0
44175041,30.0
44175043,30.0
44175044,30.0
44175046,30.0
44175047,30.0
44175049,30.0
44175051,30.0
44175053,30.0
44175054,30.0
44175055,30.0
44175057,30.0
44175062,30.0
44175065,30.0
44175072,30.0
44175074,30.0
44175075,30.0
44175077,30.0
44175078,30.0
44175082,30.0
44175087,30.0
44175091,30.0
44175092,30.0
44175094,30.0
44175095,30.0
44175097,30.0
44175100,30.0
44175102,30.0
44175103,30.0
44175104,30.0
44175106,30.0
44175108,30.0
44175109,30.0
44175110,30.0
44175111,30.0
44175114,30.0
44175115,30.0
44175116,30.0
44175117,30.0
44175118,30.0
44175123,30.0
44175125,30.0
44175130,30.0
44175134,30.0
44175135,30.0
44175139,30.0
44175141,30.0
44175142,30.0
44175144,30.0
44175145,30.0
44175146,30.0
44175147,30.0
44175149,30.0
44175151,30.0
44175153,30.0
44175154,30.0
44175155,30.0
44175156,30.0
44175158,30.0
44175160,30.0
44175161,30.0
44175163,30.0
44175170,30.0
44175181,30.0
44328885,25.0
44328886,30.0
44328887,30.0
44328888,30.0
44328889,30.0
44328890,25.0
44328891,30.0
44328892,30.0
44328893,30.0
44328894,30.0
44328895,30.0
44328896,30.0
44328898,30.0
44328899,30.0
44328900,30.0
44328901,30.0
44328904,30.0
44328905,30.0
44328907,30.0
44328908,30.0
44328909,30.0
44328910,30.0
44328911,30.0
44328912,30.0
44328913,30.0
44328914,30.0
44328916,30.0
44328917,30.0
44328918,30.0
44328919,30.0
44328920,30.0
44328921,30.0
44328922,30.0
44328923,30.0
44328924,30.0
44328926,30.0
44328927,30.0
44328928,30.0
44328929,30.0
44328930,30.0
44328931,30.0
44328933,30.0
44328934,30.0
44328936,30.0
44328937,30.0
44328938,30.0
44328939,30.0
44328940,30.0
44328941,30.0
44328942,30.0
44328943,30.0
44328944,30.0
44328945,30.0
44328946,30.0
44328947,30.0
44328948,30.0
44328949,30.0
44328951,30.0
44328952,30.0
44328953,30.0
44328955,30.0
44328956,30.0
44328957,30.0
44328958,30.0
44328960,30.0
44328961,30.0
44328962,30.0
44328963,30.0
44328964,30.0
44328965,30.0
44328967,30.0
44328968,30.0
44505333,30.0
44505334,30.0
44505336,30.0
44505338,30.0
44505339,30.0
44505340,30.0
44505341,30.0
44505342,30.0
44505343,30.0
44505344,30.0
44505347,30.0
44505350,30.0
44505351,30.0
44505352,45.0
44505354,30.0
44505355,30.0
44573975,30.0
44573976,30.0
44573977,30.0
44573978,30.0
44573979,30.0
44573980,30.0
44573981,30.0
44573982,30.0
44573983,30.0
44573984,30.0
44573985,30.0
44573986,30.0
44573987,30.0
44573988,30.0
44573989,30.0
44573990,30.0
44573992,30.0
44573993,30.0
44573994,30.0
44573995,30.0
44573996,25.0
44573997,30.0
44573998,30.0
44573999,30.0
44574000,30.0
44574002,30.0
44574003,30.0
44574004,30.0
44574005,30.0
44574006,30.0
44574007,30.0
44574008,30.0
44574009,30.0
44574012,25.0
44574013,30.0
44574014,30.0
44574015,30.0
44574016,30.0
44574017,30.0
44574018,30.0
44574019,30.0
44574020,30.0
44574021,30.0
44574022,30.0
44574023,30.0
44574024,30.0
44574025,30.0
44574026,30.0
44574027,30.0
44574028,30.0
44574029,30.0
44574030,30.0
44574032,30.0
44574033,30.0
44574035,30.0
44574036,30.0
44574037,30.0
44574038,30.0
44574039,30.0
44574040,30.0
44574041,30.0
44574042,30.0
44574045,30.0
44574046,30.0
44574047,30.0
44574048,30.0
44574049,30.0
44574050,30.0
44574051,30.0
44574052,30.0
44583550,30.0
44583551,30.0
44583552,30.0
44583553,30.0
44583554,30.0
44583555,30.0
44583556,30.0
44583557,30.0
44583558,30.0
44583559,30.0
44583560,30.0
44583567,30.0
44583568,30.0
44583569,30.0
44583570,30.0
44583572,30.0
44583573,30.0
44583575,30.0
44583576,30.0
44583577,25.0
44583578,30.0
44583579,30.0
44583580,30.0
44583581,30.0
44583582,30.0
44583583,30.0
44583584,30.0
44583585,30.0
44583593,30.0
44583594,30.0
44583595,30.0
44583596,30.0
44583597,30.0
44583598,30.0
44583600,30.0
44583601,30.0
44583604,30.0
44583605,30.0
44583606,30.0
44583607,30.0
44583608,30.0
44597958,30.0
44597959,20.0
44597960,30.0
44597961,30.0
44597962,30.0
44597963,30.0
44597964,30.0
44597965,30.0
44597967,30.0
44597968,30.0
44597969,30.0
44597971,30.0
44597973,30.0
44597974,30.0
44597975,30.0
44597976,30.0
44597977,30.0
44597978,30.0
44597980,30.0
44597981,30.0
44597982,30.0
44597983,30.0
44597984,30.0
44597985,30.0
44597986,30.0
44597988,30.0
44597989,30.0
44597990,30.0
44597991,30.0
44597992,30.0
44597993,30.0
44597994,30.0
44597995,30.0
44597996,30.0
44597997,30.0
44597998,30.0
44598001,30.0
44598002,30.0
44598003,30.0
44598005,30.0
44598006,30.0
44598007,30.0
44598009,30.0
44598010,30.0
44598011,30.0
44598012,30.0
44598013,30.0
44598014,30.0
44598015,30.0
44598016,30.0
44630678,30.0
44630679,30.0
44630680,30.0
44630681,30.0
44630682,30.0
44630683,30.0
44630684,30.0
44630685,30.0
44630686,30.0
44630687,30.0
44630688,30.0
44630690,30.0
44630691,30.0
44630692,25.0
44630693,30.0
44630694,30.0
44630695,30.0
44630700,30.0
44630702,30.0
44630703,30.0
44630704,30.0
44630705,30.0
44630707,30.0
44630708,30.0
44630709,30.0
44630710,30.0
44630712,50.0
44631112,30.0
44631113,30.0
44631115,30.0
44631116,30.0
44631117,30.0
44631118,30.0
44631119,30.0
44631120,30.0
44631121,30.0
44631122,30.0
44631123,30.0
44631124,30.0
44631125,30.0
44631126,30.0
44631127,30.0
44631128,30.0
44631129,30.0
44631130,30.0
44631131,30.0
44631134,30.0
44631135,30.0
44631136,30.0
44631138,30.0
44631141,30.0
44631155,25.0
44631156,30.0
44631157,30.0
44631158,30.0
44631159,30.0
44631160,30.0
44631161,30.0
44631162,30.0
44631163,30.0
44631164,30.0
44631165,30.0
44631166,30.0
44679057,50.0
44679058,50.0
44679059,50.0
44679060,50.0
44679061,30.0
44679062,50.0
44679063,30.0
44679067,30.0
44679068,30.0
44679069,30.0
44761404,30.0
44761406,30.0
45178898,30.0
45178899,30.0
45178900,30.0
45178901,30.0
45178902,30.0
45178903,30.0
45178904,30.0
45178905,30.0
45178906,30.0
45178907,30.0
45178908,30.0
45178909,30.0
45178911,30.0
45178912,30.0
45178913,30.0
45178914,30.0
45178915,30.0
45178916,30.0
45178917,30.0
45178918,30.0
45178919,30.0
45178920,30.0
45178921,30.0
45178922,30.0
45178923,30.0
45178924,30.0
45178925,30.0
45178926,30.0
45178927,30.0
45178928,30.0
45178929,30.0
45178930,30.0
45178931,30.0
45178932,30.0
45178933,30.0
45178934,30.0
45178935,30.0
45178936,30.0
45178939,25.0
45178941,30.0
45178942,30.0
45178943,30.0
45178944,30.0
45178945,30.0
45178946,30.0
45178947,30.0
45178948,30.0
45178949,30.0
45178950,30.0
45178951,30.0
45178952,30.0
45178953,30.0
45178954,30.0
45178955,30.0
45178956,30.0
45178958,30.0
45178960,30.0
45178961,30.0
45190213,30.0
45190216,30.0
45190219,30.0
45190220,30.0
45190221,30.0
45190222,30.0
45190223,30.0
45190224,30.0
45190225,30.0
45190226,30.0
45190227,30.0
45190228,30.0
45190229,30.0
45190230,30.0
45190231,30.0
45190232,30.0
45190233,30.0
45190234,30.0
45190235,30.0
45190236,30.0
45190237,30.0
45190238,30.0
45190239,30.0
45190241,30.0
45190242,30.0
45190244,30.0
45190245,30.0
45190246,30.0
45190247,30.0
45190248,30.0
45190249,30.0
45190250,30.0
45190251,30.0
45190252,30.0
45190253,30.0
45190254,30.0
45190255,30.0
45190256,30.0
45190257,30.0
45190258,30.0
45190259,30.0
45190260,30.0
45190261,30.0
45190262,30.0
45190263,30.0
45190264,30.0
45190265,30.0
45190266,30.0
45190267,30.0
45190268,30.0
45190270,30.0
45190271,30.0
45190272,30.0
45190273,30.0
45190274,30.0
45190276,30.0
45190277,30.0
45190278,30.0
45190280,30.0
45190281,30.0
45190282,30.0
45190283,30.0
45190284,30.0
45190285,30.0
45190286,30.0
45190287,30.0
45190288,30.0
45190289,30.0
45190290,30.0
45190292,30.0
45190293,30.0
45190294,30.0
45190295,30.0
45190296,30.0
45190297,30.0
45190298,30.0
45190299,30.0
45190304,30.0
45190305,30.0
45190308,30.0
45190309,30.0
45190310,30.0
45190311,30.0
45190312,30.0
45190313,30.0
45190314,30.0
45190320,30.0
45190321,30.0
45190322,30.0
45190323,30.0
45190324,30.0
45190325,30.0
45190326,30.0
45190327,30.0
45190330,30.0
45190331,30.0
45190333,20.0
45190334,60.0
45190335,30.0
45190337,30.0
45190338,30.0
45190339,30.0
45190340,30.0
45190341,30.0
45190342,30.0
45190343,30.0
45190344,30.0
45190345,30.0
45190346,30.0
45190347,30.0
45190348,30.0
45190349,30.0
45190350,30.0
45190351,30.0
45190352,30.0
45190353,30.0
45190354,30.0
45190355,30.0
45190356,30.0
45190357,30.0
45190358,30.0
45190359,30.0
45190360,30.0
45190361,30.0
45190362,30.0
45190363,30.0
45190365,30.0
45190366,30.0
45764822,30.0
45892557,40.0
45892558,50.0
45892564,30.0
45892565,30.0
45892568,30.0
45892569,30.0
45892570,30.0
45892571,30.0
45892572,30.0
45892573,30.0
45892574,30.0
45892575,30.0
45892577,30.0
45892578,30.0
45892579,30.0
45892580,30.0
45892581,30.0
45892585,30.0
45892586,30.0
45892591,30.0
45892592,30.0
45892596,30.0
45892597,30.0
45892599,30.0
45892600,30.0
45892601,30.0
45892602,30.0
45902009,45.0
45902010,45.0
45902011,40.0
45902012,45.0
45902013,40.0
45902014,50.0
45902015,50.0
45902016,50.0
45902017,50.0
45902018,50.0
45902019,50.0
45902020,10.0
45902021,45.0
45902022,50.0
45902026,50.0
45902027,50.0
45902039,60.0
45902052,30.0
45902056,45.0
45902057,50.0
45902058,50.0
45902059,32.0
45902060,30.0
45902063,50.0
45902064,40.0
46890475,30.0
46890476,30.0
46890477,30.0
46890478,30.0
46890479,30.0
46890480,30.0
46890481,30.0
46890482,30.0
46890483,30.0
46890484,30.0
46890485,30.0
46890487,30.0
46890488,30.0
46890489,30.0
46890490,30.0
46890491,30.0
46890493,30.0
46890494,30.0
46890495,30.0
46890496,30.0
46890497,30.0
46890498,30.0
46890499,30.0
46890500,30.0
46890501,30.0
46890502,30.0
46890503,30.0
46890504,30.0
46890506,30.0
46890507,30.0
46890508,30.0
46890509,30.0
46890510,30.0
46890511,30.0
46890513,30.0
46890514,30.0
46890515,30.0
46890516,30.0
46890517,30.0
46890520,30.0
46890521,30.0
46890522,30.0
46890523,30.0
46890524,30.0
46890525,30.0
46890526,30.0
46890527,30.0
46890528,30.0
46890529,30.0
46890531,30.0
46890533,30.0
46890534,30.0
46890535,30.0
46890536,30.0
46890537,30.0
46890539,30.0
46890540,30.0
46890541,30.0
46890542,30.0
46890544,30.0
46890545,30.0
46890546,30.0
46890547,30.0
46890548,30.0
46890549,30.0
46890550,30.0
46890551,30.0
46890552,30.0
46890553,30.0
46890554,30.0
46890555,30.0
46890556,30.0
46890557,30.0
46953614,30.0
46953615,30.0
46953635,30.0
46953636,30.0
46953637,30.0
46953638,30.0
46953639,30.0
46953640,30.0
46953644,30.0
46953645,30.0
46953646,30.0
46953647,30.0
46953648,30.0
46953649,30.0
46953650,30.0
46953651,30.0
46953661,30.0
46953662,30.0
46953663,30.0
46953670,30.0
46953672,30.0
46953673,30.0
46953675,30.0
46953676,30.0
46953677,30.0
46953678,30.0
46953679,30.0
46953681,30.0
46953684,30.0
46953685,30.0
46953686,30.0
46953687,24.0
46953688,30.0
47572661,20.0
47572663,30.0
47572664,30.0
47572665,20.0
47572668,30.0
47572669,20.0
47572670,30.0
47574723,30.0
48233421,40.0
48233422,25.0
48233423,30.0
48233424,30.0
48233425,30.0
48233426,30.0
48233427,30.0
48233428,30.0
48233429,30.0
48233430,30.0
48233431,25.0
48233432,30.0
48233433,25.0
48233434,30.0
48233435,30.0
48233436,30.0
48233437,30.0
48233438,30.0
48233439,30.0
48233440,30.0
48233441,30.0
48233442,30.0
48233443,30.0
48233444,30.0
48233445,30.0
48233446,30.0
48233447,30.0
48233448,30.0
48233449,30.0
48233450,30.0
48233451,30.0
48233452,30.0
48233453,25.0
48233454,30.0
48233455,30.0
48233456,30.0
48233457,30.0
48233458,30.0
48233459,30.0
48233460,30.0
48233461,30.0
48233462,30.0
48233463,30.0
48233464,30.0
48233465,30.0
48233466,30.0
48233467,30.0
48233468,30.0
48233469,30.0
48233470,30.0
48233471,30.0
48233472,30.0
48233473,30.0
48233474,30.0
48233475,30.0
48233476,30.0
48233477,30.0
48233478,30.0
48233479,30.0
48233480,30.0
48233481,30.0
48233482,30.0
48233483,30.0
48233484,30.0
48233485,30.0
48233486,30.0
48233487,30.0
48233488,30.0
48233489,30.0
48233490,30.0
48233491,30.0
48233492,30.0
48233493,30.0
48233494,30.0
48233495,30.0
48233496,30.0
48233497,30.0
48233498,30.0
48233499,30.0
48233500,30.0
48233501,30.0
48233503,30.0
48233504,30.0
48233505,30.0
48233506,30.0
48233507,40.0
48233508,30.0
48233509,30.0
48233510,30.0
48238385,30.0
48238386,30.0
48238387,30.0
48238388,30.0
48238390,30.0
48238391,30.0
48238392,30.0
48238393,30.0
48238394,30.0
48238395,30.0
48238397,30.0
48238398,30.0
48238399,30.0
48238400,30.0
48238403,30.0
48238404,30.0
48238405,30.0
48238406,30.0
48238408,30.0
48238411,30.0
48238412,30.0
48238416,30.0
48238418,30.0
48238419,30.0
48238421,30.0
48238423,30.0
48238424,30.0
48238426,30.0
48238428,30.0
48238429,30.0
48238431,30.0
48238432,30.0
48238434,30.0
48238436,30.0
48238437,30.0
48238441,30.0
48238445,30.0
48238448,30.0
48238451,30.0
48238453,30.0
48238454,30.0
48238456,30.0
48238458,30.0
48238460,30.0
48238461,30.0
48238463,30.0
48238465,30.0
48238466,30.0
48238468,30.0
48238469,30.0
48238471,30.0
48238475,30.0
48238476,30.0
48238479,30.0
48238482,30.0
48238483,30.0
48238485,30.0
48238502,30.0
48238503,30.0
48238506,30.0
48238507,30.0
48238508,30.0
48238512,30.0
48238513,30.0
48238517,30.0
48238518,30.0
48238521,30.0
48359557,30.0
48359558,30.0
48359559,30.0
48359560,30.0
48359561,30.0
48359562,30.0
48359563,30.0
48359564,25.0
48359571,40.0
48359572,30.0
48359573,30.0
48359575,30.0
48359576,30.0
48359577,30.0
48359578,30.0
48359579,30.0
48359580,30.0
48359582,30.0
48359583,30.0
48359585,30.0
48359586,30.0
48459386,30.0
48505863,30.0
48505864,30.0
48505865,30.0
48505866,30.0
48505867,30.0
48505868,30.0
48505869,30.0
48505870,30.0
48505871,30.0
48505872,30.0
48505874,30.0
48505876,30.0
48505877,30.0
48505879,30.0
48505883,30.0
48505884,30.0
48505885,30.0
48505886,30.0
48505887,30.0
48505888,30.0
48505889,30.0
48505891,30.0
48505893,30.0
48505894,30.0
48505896,30.0
48505897,30.0
48505898,30.0
48505904,30.0
48505905,30.0
48505906,30.0
48505909,30.0
48505910,30.0
48505911,30.0
48505913,30.0
48505914,30.0
48505915,30.0
48505919,30.0
48505920,30.0
48505921,30.0
48505923,30.0
48505924,30.0
48505925,30.0
48505926,30.0
48505929,30.0
48505930,30.0
48505931,30.0
48505932,30.0
48505933,30.0
48505934,30.0
48505935,30.0
48505937,30.0
48505938,30.0
48505939,30.0
48505940,30.0
48505941,30.0
48505942,30.0
48505943,30.0
48505944,30.0
48505945,30.0
48505946,30.0
48505947,30.0
48505948,30.0
48505949,30.0
48505950,30.0
48505952,30.0
48505953,30.0
48505955,30.0
48505958,30.0
48505959,30.0
48505960,30.0
48505961,30.0
48505962,30.0
48505963,30.0
48505964,30.0
48505966,30.0
48505967,30.0
48505968,30.0
48505970,30.0
48505972,45.0
48505973,30.0
48505976,30.0
48505977,30.0
48505978,30.0
48505980,40.0
49416990,50.0
49416992,50.0
49416993,40.0
49416995,50.0
49416996,50.0
49417002,80.0
49417003,50.0
49417004,50.0
49417005,50.0
49712890,24.0
49712891,24.0
49779324,25.0
49779325,25.0
49779328,25.0
49870361,30.0
49870363,30.0
49870365,30.0
49870366,30.0
49870367,30.0
49870368,30.0
49870369,30.0
49870370,30.0
49870371,30.0
49870376,30.0
49870377,30.0
49870378,30.0
49870397,30.0
49870398,30.0
49870400,30.0
49870401,30.0
49870402,30.0
49870407,30.0
49870408,30.0
49870409,30.0
49870429,30.0
49870433,30.0
49870441,30.0
49870442,30.0
49870449,30.0
49870450,30.0
49870451,30.0
49870452,30.0
49870469,30.0
49911377,30.0
49911378,30.0
49911380,30.0
49911381,30.0
49911382,30.0
49911383,30.0
49911393,30.0
49911394,30.0
49911395,30.0
49911396,30.0
49911397,30.0
49911398,30.0
49911399,30.0
49911404,30.0
49911407,30.0
49911420,30.0
49911421,30.0
49911423,30.0
49911425,10.0
49911426,30.0
49911428,10.0
49911429,30.0
49911430,30.0
49911436,30.0
49911437,30.0
49911438,30.0
49991020,30.0
49991026,30.0
49991069,30.0
50071426,30.0
50071441,30.0
50071442,30.0
50071451,30.0
50071456,30.0
50071459,30.0
50833492,30.0
50833558,30.0
50833559,30.0
51001216,30.0
51001221,20.0
51001223,30.0
51001225,20.0
51078426,30.0
51078472,30.0
51078501,30.0
51078502,30.0
51078513,30.0
51078514,30.0
51078515,30.0
51078517,30.0
51078519,30.0
51078520,30.0
51078521,30.0
51078523,30.0
51078524,30.0
51078525,30.0
51078526,30.0
51078529,30.0
51078533,30.0
51078535,30.0
51078536,30.0
51078537,30.0
51078543,30.0
51350867,25.0
51403686,80.0
51403687,50.0
51403688,80.0
51403689,30.0
51403690,50.0
51403691,50.0
51403695,30.0
51403696,50.0
51403697,50.0
51403698,30.0
51403699,30.0
51403700,30.0
52739939,30.0
52739940,30.0
52739941,30.0
52739942,30.0
52739943,45.0
52739945,45.0
52773066,30.0
52916967,30.0
52918616,30.0
52918618,30.0
52986371,20.0
57393228,25.0
57967486,30.0
57972104,30.0
57972106,40.0
58252840,30.0
58252847,20.0
58252848,20.0
58252850,20.0
58252859,30.0
58252860,30.0
58252864,30.0
58252866,30.0
58669949,30.0
58669997,40.0
58669998,30.0
58670013,30.0
58691550,30.0
58691551,30.0
58706706,30.0
58706707,24.0
58706709,30.0
58706711,30.0
58706718,30.0
58706720,30.0
58706722,30.0
58706723,30.0
58725475,20.0
58725477,30.0
58728397,45.0
58728399,25.0
58728401,50.0
58728404,40.0
58882193,30.0
58882194,30.0
58882195,30.0
58882196,30.0
59547650,30.0
59720100,30.0
60050670,30.0
60050672,30.0
60050673,30.0
60050674,30.0
60050675,30.0
60050676,30.0
60082227,50.0
60447043,30.0
60534324,30.0
60534334,20.0
60547505,20.0
60889174,30.0
61213333,30.0
61213340,30.0
61213424,20.0
61215601,20.0
61215604,20.0
61605365,30.0
61605366,25.0
61605367,30.0
61605369,30.0
61605370,30.0
61605371,30.0
61605372,30.0
61605373,30.0
61605374,30.0
61605375,30.0
61605376,30.0
61605378,30.0
61605379,30.0
61605464,30.0
61605465,30.0
61605505,50.0
61605507,30.0
61605508,60.0
61605509,30.0
61653170,40.0
61653171,50.0
61653172,40.0
62065171,50.0
62065173,50.0
62065175,30.0
62065176,50.0
62065177,50.0
62065178,50.0
62065179,50.0
62177813,30.0
62177815,50.0
62177818,45.0
63213137,30.0
63213145,30.0
63213147,20.0
63213153,30.0
63213155,30.0
63213167,30.0
63213168,30.0
63676582,30.0
63676585,30.0
63676589,30.0
63676590,30.0
64042804,30.0
64260397,40.0
64260402,30.0
64261582,30.0
64261589,30.0
64261592,30.0
64261595,30.0
64261596,25.0
64261598,30.0
64261599,30.0
64261600,30.0
64261606,30.0
64934232,30.0
64934233,20.0
65423980,30.0
65423981,30.0
65423983,40.0
65423985,30.0
65423994,20.0
65494914,24.0
65494915,30.0
65712240,50.0
65712242,50.0
65712265,30.0
65712271,40.0
65735674,30.0
65735682,20.0
66098979,30.0
66098982,50.0
66098986,80.0
66098990,30.0
66098994,30.0
66098996,30.0
66098998,30.0
66098999,30.0
66099000,30.0
66099001,25.0
66099002,30.0
66099003,25.0
66099005,30.0
66099008,30.0
66099009,30.0
66099010,30.0
66099011,25.0
66099013,30.0
66099014,30.0
66099015,30.0
66099017,30.0
66099018,30.0
66099019,50.0
66099022,30.0
66099026,30.0
66099028,50.0
66099032,30.0
66099034,40.0
66099038,30.0
66324101,30.0
66324102,30.0
66324105,30.0
66324107,30.0
66324109,30.0
66324111,30.0
66324112,30.0
66324113,30.0
66324114,30.0
66324115,30.0
66324116,30.0
66324117,30.0
66324118,30.0
66324121,30.0
66324122,30.0
66324123,30.0
66324124,30.0
66324125,30.0
66324126,30.0
66324127,30.0
66324128,30.0
66324129,40.0
66324130,30.0
66324131,30.0
66324132,30.0
66324133,30.0
66324354,30.0
66324355,20.0
66324357,30.0
66324358,25.0
66324359,30.0
66324360,30.0
66324361,30.0
66324364,30.0
66324365,30.0
66324366,30.0
66324367,40.0
67337803,30.0
67337804,30.0
67337805,30.0
67337807,30.0
67337811,30.0
67337813,30.0
67337814,30.0
67337815,30.0
67337817,30.0
67337818,30.0
67337820,30.0
67337821,30.0
67518582,50.0
68247462,30.0
68248054,20.0
69607766,30.0
69697654,50.0
70108283,80.0
70253354,25.0
70253356,30.0
70856863,30.0
70856864,30.0
70856865,30.0
70857279,30.0
71000072,30.0
71000073,30.0
71000074,30.0
71000075,30.0
71000076,30.0
71000077,30.0
71000079,30.0
71000082,30.0
71000283,30.0
71000284,40.0
71000287,30.0
71000289,60.0
71000296,30.0
71000298,30.0
71000585,40.0
71000592,40.0
71000605,25.0
71000740,30.0
71000742,25.0
71000745,25.0
71001641,30.0
71001644,30.0
71001645,25.0
71001646,30.0
71001647,30.0
71001648,30.0
71001649,30.0
71001650,30.0
71001651,30.0
71001652,30.0
71001653,30.0
71001654,30.0
71001655,30.0
71001656,30.0
71001657,30.0
71001658,30.0
71001659,30.0
71001661,30.0
71001662,30.0
71001663,25.0
71165876,30.0
71232139,30.0
71232295,30.0
71232297,30.0
71232617,30.0
71392260,30.0
71392262,30.0
71394432,30.0
71394437,30.0
71394448,30.0
71394485,30.0
72683476,30.0
72683479,30.0
72683480,30.0
72683486,30.0
72683493,24.0
72683494,30.0
72683502,30.0
72683505,30.0
72683507,30.0
72683511,30.0
72683512,30.0
72683519,30.0
72683522,30.0
72683526,30.0
72683528,30.0
72683529,30.0
72683531,30.0
72683533,30.0
72863195,30.0
72863199,30.0
72873264,50.0
72873679,50.0
72878002,30.0
72878005,50.0
72878006,30.0
72878007,30.0
72878008,30.0
72878009,30.0
72878010,30.0
72878011,50.0
72878012,30.0
72878013,30.0
72878016,30.0
72878018,30.0
77488868,30.0
77488869,30.0
77488870,45.0
77488871,30.0
77488872,30.0
77488873,30.0
77488874,30.0
77488875,30.0
77488876,60.0
77488877,30.0
77488878,60.0
77488879,30.0
77488880,30.0
77488881,30.0
77488883,30.0
77488884,30.0
77488885,30.0
77488886,30.0
77488887,30.0
77488888,30.0
77488890,50.0
77488893,50.0
77488900,50.0
77488902,30.0
77488904,50.0
77488905,50.0
77488908,30.0
77488910,30.0
77488918,60.0
77488919,50.0
79561068,25.0
80415183,30.0
80415184,30.0
80416716,80.0
80417941,50.0
92066694,30.0
92066699,30.0
92066702,40.0
93001390,30.0
93001392,30.0
93012254,25.0
93012256,25.0
93012258,25.0
93033314,30.0
93033316,30.0
93033319,25.0
93108026,20.0
93108030,24.0
93108037,16.0
93108040,25.0
93108043,20.0
93108044,30.0
93108048,16.0
93108053,20.0
93108054,20.0
93108058,25.0
93108060,50.0
93108063,25.0
93108076,20.0
93108093,24.0
93412787,30.0
93412792,24.0
93412796,24.0
93412797,24.0
93415596,30.0
93415597,20.0
93415598,30.0
93415599,30.0
93415600,30.0
93415602,30.0
93415603,20.0
93415604,30.0
93415605,30.0
93686819,50.0
93870606,30.0
93870612,30.0
93905105,50.0
93905108,50.0
94091737,40.0
94091738,40.0
94438285,50.0
94440417,40.0
94440434,40.0
95196422,50.0
95224671,20.0
95458350,50.0
95458351,50.0
95458353,80.0
95458354,50.0
95458355,80.0
95458357,45.0
95458358,50.0
95458361,20.0
95458362,50.0
95458363,30.0
95458396,50.0
95458403,50.0
95458406,30.0
95458435,50.0
95458437,50.0
95458438,30.0
95458440,30.0
95458441,50.0
95458443,30.0
95458445,25.0
95458446,50.0
95465699,20.0
95810157,30.0
95810158,30.0
95810159,50.0
95810161,50.0
95810162,30.0
95810163,50.0
95810164,30.0
95810165,50.0
95810166,30.0
95850710,50.0
95850714,50.0
95850715,50.0
96027833,30.0
96027835,30.0
96027836,25.0
96027843,30.0
99294507,32.0
99295276,32.0
99701968,30.0
99701969,30.0
99701971,30.0
99701972,30.0
99701973,30.0
99701974,30.0
99701976,30.0
99701977,30.0
99701978,20.0
99701979,30.0
99701980,30.0
99701982,30.0
99701983,30.0
99701984,20.0
99701987,30.0
99701990,30.0
99701992,30.0
99701993,30.0
99701994,30.0
99701995,30.0
99701996,20.0
99701997,30.0
99702000,20.0
99704156,30.0
99704158,30.0
99704159,30.0
99712733,20.0
99712734,80.0
99712735,80.0
99712736,30.0
99712737,30.0
99712738,30.0
99712740,30.0
99712741,30.0
99712743,30.0
99712744,30.0
99712746,30.0
99712749,30.0
99712750,30.0
99712752,30.0
101532627,20.0
101558947,30.0
101558949,30.0
101844638,30.0
101844639,30.0
101844644,25.0
103547527,30.0
104385196,80.0
104385197,30.0
104385199,80.0
104385200,20.0
104385201,30.0
104385202,30.0
104385203,30.0
104385204,30.0
104403154,50.0
104408484,30.0
104408485,30.0
104408486,30.0
104408488,30.0
104408489,30.0
104408492,50.0
104408494,50.0
104410365,25.0
104410370,25.0
104503669,40.0
104503670,50.0
104503672,50.0
104503673,30.0
104503677,30.0
104503678,50.0
104503679,30.0
104503682,30.0
104503685,40.0
104503688,30.0
104503691,50.0
104651713,50.0
104681670,80.0
104681676,80.0
104681678,80.0
104681682,80.0
104681692,80.0
104681693,80.0
104681697,80.0
104681698,50.0
104694295,30.0
104694297,50.0
104694299,50.0
104694300,50.0
104694303,45.0
104695856,50.0
107674692,30.0
107674693,30.0
107674694,30.0
107674695,30.0
107674696,30.0
107674697,30.0
107674698,30.0
107674699,30.0
107674700,30.0
107674701,24.0
107674702,30.0
107674703,30.0
107674704,30.0
107674705,30.0
108284775,30.0
108284778,30.0
108284782,30.0
108284783,30.0
108284784,30.0
110349136,30.0
110349137,30.0
110349138,30.0
110349141,30.0
110349142,30.0
110349143,30.0
110349144,30.0
110349145,30.0
110349146,50.0
110349147,30.0
110349148,30.0
110349149,30.0
111876406,30.0
111876407,30.0
111876408,30.0
111876409,25.0
111876410,30.0
111876411,30.0
111876412,30.0
111876413,30.0
111876414,30.0
111876415,30.0
111876416,30.0
111876417,30.0
111876418,30.0
111876420,30.0
111876421,30.0
111876422,30.0
111876423,30.0
111876424,30.0
111876425,30.0
111876426,30.0
111876427,30.0
111876428,30.0
111876429,30.0
111876558,30.0
111876559,30.0
111876564,30.0
111876566,25.0
111876567,30.0
111876568,30.0
111877335,30.0
111877336,30.0
111877337,30.0
111877338,30.0
111877339,30.0
111877340,30.0
111877341,30.0
111877342,30.0
111877343,40.0
111877344,30.0
111877345,30.0
111877346,30.0
111877347,30.0
111877348,30.0
111877349,30.0
111877350,30.0
111877351,30.0
111877352,30.0
111877353,30.0
111877354,30.0
111877355,30.0
111877356,30.0
111877357,30.0
111877358,30.0
111877359,30.0
111877371,30.0
111877372,30.0
111877373,30.0
111877374,30.0
111877375,30.0
111877376,30.0
111877377,30.0
111877378,30.0
111877379,30.0
111877380,30.0
111877381,30.0
111877382,30.0
112142455,30.0
112142482,50.0
112142498,50.0
112142508,50.0
112158739,30.0
112158741,60.0
112163328,50.0
112163564,50.0
113359852,30.0
113359855,30.0
113361227,30.0
113361228,32.0
113361229,30.0
113361230,45.0
113361231,30.0
114323346,30.0
114323347,30.0
114323348,30.0
114323349,30.0
114323350,30.0
114323351,30.0
114323352,30.0
114323353,30.0
114323355,30.0
114323356,25.0
114323357,30.0
114323358,30.0
114323359,30.0
114323360,40.0
114646999,30.0
115335532,50.0
115335575,50.0
115368810,30.0
115368815,30.0
115368818,40.0
115368827,45.0
115368828,30.0
115590375,45.0
115590376,20.0
115590820,80.0
115590822,80.0
115590825,80.0
115590826,25.0
116750660,40.0
116750662,40.0
116750666,45.0
116750676,24.0
116750680,50.0
116750683,30.0
116750686,60.0
116750722,45.0
116750724,45.0
116750729,45.0
116750730,36.0
116750744,30.0
116750749,25.0
116750752,30.0
116750754,20.0
116750755,60.0
116750761,50.0
116753054,60.0
116753056,30.0
116753057,60.0
116753059,30.0
116753061,60.0
116753062,25.0
116753063,30.0
116753064,30.0
116753065,30.0
116753066,30.0
116753067,60.0
116757519,30.0
116757520,50.0
116757521,50.0
116757523,30.0
116757524,50.0
116757525,50.0
116757527,30.0
116757530,30.0
116757531,30.0
117453775,36.0
118221717,40.0
118301926,32.0
118301928,40.0
118301929,32.0
118301977,40.0
118301981,36.0
118595497,25.0
118595501,30.0
118595502,45.0
118595503,50.0
118633464,30.0
118633465,20.0
118633466,80.0
118633468,80.0
118633469,30.0
118633471,30.0
118633472,24.0
118633473,30.0
118633475,30.0
118633485,32.0
118633490,20.0
118633491,30.0
118633493,32.0
118633494,30.0
118633495,30.0
119452271,25.0
119452272,30.0
119883755,30.0
119883757,30.0
120396303,45.0
120776246,20.0
120776247,20.0
120776250,20.0
120776252,20.0
120776253,20.0
120776254,20.0
120776257,20.0
120776259,20.0
120776262,20.0
120776264,20.0
120776265,20.0
128973102,50.0
128973267,30.0
128973268,24.0
128973293,30.0
128973478,30.0
128973479,30.0
128973480,30.0
128973814,30.0
128984916,20.0
130227413,20.0
130227414,30.0
130228902,30.0
130228903,30.0
130229125,40.0
130229188,24.0
130229307,25.0
131315220,30.0
131316067,30.0
131472291,30.0
131472292,24.0
131472293,30.0
131472294,30.0
131472295,30.0
131472296,30.0
131472297,24.0
131472298,30.0
131472299,30.0
131472300,30.0
131472577,24.0
131472578,24.0
131564920,30.0
145915880,40.0
146205487,50.0
146205496,50.0
147465311,20.0
147465312,20.0
150332403,20.0
150794994,30.0
150796237,40.0
150796238,30.0
150796239,30.0
150796240,30.0
150796241,30.0
150796243,30.0
150796244,30.0
150796245,30.0
150796246,30.0
151223861,30.0
151223862,30.0
151223863,30.0
151223866,30.0
151223867,30.0
151223868,30.0
151223869,30.0
151223870,30.0
151223872,30.0
151223874,30.0
151223876,30.0
151223878,30.0
151223880,25.0
151223882,30.0
151223884,30.0
151223886,30.0
151223887,30.0
151223889,30.0
151223892,30.0
151223894,30.0
151223896,30.0
151225748,30.0
151225750,30.0
151225751,20.0
151225752,30.0
151225754,30.0
151225756,30.0
151225757,30.0
151225759,30.0
151225760,30.0
151225815,30.0
151229722,30.0
151229723,30.0
151229724,30.0
151229725,30.0
151229726,30.0
151229727,30.0
151229728,30.0
151229729,30.0
151229730,30.0
151229731,30.0
151229732,30.0
151229733,30.0
151229734,30.0
151229735,30.0
151229736,40.0
151229738,40.0
151229739,40.0
151229740,30.0
151229741,30.0
151229742,30.0
151271345,30.0
151271346,20.0
151271347,30.0
151271349,30.0
151271350,30.0
151271353,20.0
151271354,30.0
151271356,30.0
151271357,30.0
151271360,25.0
151271362,30.0
151271363,30.0
151271364,25.0
151271367,30.0
151271369,30.0
151271370,20.0
151271493,30.0
151354813,20.0
151354814,20.0
151354818,20.0
151357819,20.0
151357820,20.0
151357822,20.0
151357823,20.0
151357824,20.0
151359805,30.0
151359806,30.0
151359807,30.0
151359808,30.0
151359809,30.0
151359810,30.0
151359811,30.0
151359814,30.0
151359816,30.0
151359817,30.0
151359818,30.0
151359819,30.0
151359821,30.0
151359822,30.0
151359825,30.0
151359826,30.0
151359827,30.0
151359828,30.0
151359829,30.0
151359830,30.0
151359831,30.0
151359832,30.0
151359833,30.0
151359834,30.0
151359835,30.0
151359836,30.0
151359838,30.0
151359839,30.0
151359840,30.0
151359841,30.0
151359847,30.0
151359848,30.0
151359849,30.0
151359850,30.0
151359853,30.0
151359856,30.0
151359857,30.0
151359859,30.0
151359860,30.0
151359861,30.0
151359862,30.0
151359863,30.0
151359864,30.0
151359865,30.0
151359866,30.0
151359867,30.0
151359868,30.0
151359869,30.0
151359870,30.0
151359871,30.0
151359872,30.0
151359873,30.0
151359874,30.0
151359875,30.0
151359876,30.0
151359877,30.0
151359880,30.0
151359881,30.0
151359882,30.0
151359883,30.0
151359884,30.0
151359885,30.0
151359886,30.0
151359887,30.0
151359888,30.0
151359889,30.0
151359890,30.0
151359891,30.0
151359892,30.0
151359893,30.0
151359896,30.0
151359897,30.0
151359899,30.0
151359900,30.0
151359902,30.0
151359903,30.0
151359904,30.0
151359905,30.0
151359906,30.0
151359907,30.0
151359909,30.0
151359910,30.0
151359915,30.0
151359916,30.0
151359919,30.0
151359923,30.0
151359924,30.0
151359925,30.0
151359928,30.0
151359937,30.0
151359939,30.0
151359941,30.0
151359944,30.0
151359954,30.0
151359956,30.0
151359958,30.0
151359959,30.0
151359969,30.0
151359971,30.0
151359972,30.0
151359981,30.0
151359983,30.0
151359984,30.0
151359985,30.0
151359995,30.0
151359999,30.0
151360004,30.0
151360006,30.0
151360008,30.0
151360010,30.0
151360016,30.0
151360017,30.0
151360019,30.0
151360020,30.0
151360026,30.0
151360027,30.0
151360028,30.0
151360029,30.0
151360035,30.0
151360037,30.0
151360038,30.0
151360039,30.0
151360042,30.0
151360044,30.0
151360045,30.0
151360047,30.0
151360049,30.0
151360051,30.0
151360052,30.0
151360056,30.0
151360057,30.0
151360058,30.0
151360059,30.0
151360064,30.0
151360065,30.0
151360066,30.0
151360070,30.0
151360072,30.0
151360073,30.0
151360078,30.0
151360079,30.0
151360081,30.0
151360085,30.0
151360087,30.0
151360088,30.0
151360091,30.0
151360092,30.0
151360093,30.0
151360094,30.0
151360098,30.0
151360099,30.0
151360100,30.0
151360102,30.0
151360103,30.0
151360104,30.0
151360105,30.0
151360106,30.0
151360107,30.0
151360111,30.0
151360113,30.0
151360114,30.0
151360119,30.0
151360121,30.0
151360122,30.0
151360124,30.0
151360125,30.0
151360129,30.0
151360131,30.0
151360133,30.0
151360134,30.0
151360136,30.0
151360138,30.0
151360139,30.0
151360140,30.0
151360143,30.0
151360144,25.0
151360309,30.0
151395941,20.0
151406638,30.0
151406639,30.0
151406640,30.0
151406641,24.0
151406642,30.0
151406848,30.0
151406849,30.0
151407217,30.0
151407218,30.0
151407219,30.0
151407220,30.0
151407221,20.0
151407963,30.0
151407964,30.0
151407965,30.0
151407966,30.0
151407967,30.0
151407968,30.0
151407969,30.0
151407972,30.0
151409277,30.0
151409281,30.0
151409286,30.0
151409287,30.0
151409583,30.0
151410764,30.0
151410765,30.0
151410766,30.0
151410767,30.0
151410769,30.0
151410772,30.0
151410773,30.0
151410774,30.0
151410776,30.0
151410778,30.0
151410779,30.0
151410780,30.0
151410782,30.0
151411475,30.0
151411476,30.0
151411477,30.0
151411478,30.0
151411662,30.0
151411663,30.0
151411664,30.0
151430188,40.0
151430192,50.0
151430202,50.0
151430204,50.0
151468405,20.0
151468406,30.0
151468407,20.0
151468408,20.0
151468409,30.0
151468411,20.0
151468412,30.0
151468413,30.0
151468414,30.0
151468415,30.0
151468416,25.0
151468417,30.0
151468418,30.0
151468419,30.0
151468420,30.0
151468421,30.0
151480442,25.0
151481234,30.0
151482343,30.0
151482344,30.0
151482345,30.0
151482346,30.0
151482347,30.0
151482348,30.0
151483015,20.0
151483016,50.0
151483019,20.0
151483023,20.0
151483025,20.0
151483027,20.0
151483029,20.0
151483030,20.0
151483031,20.0
151483033,20.0
151483034,20.0
151483035,20.0
151483036,20.0
151483790,50.0
151483792,50.0
151484277,30.0
151484378,30.0
151489179,30.0
151489180,30.0
151489181,30.0
151489182,30.0
151489183,30.0
151489184,30.0
151489185,30.0
151489186,30.0
151489187,30.0
151489188,30.0
151489189,30.0
151489190,30.0
151489191,30.0
151489192,30.0
151489193,30.0
151489194,30.0
151489195,30.0
151489196,30.0
151489197,30.0
151489199,20.0
151489200,30.0
151489201,30.0
151489204,30.0
151489205,30.0
151489207,30.0
151489210,30.0
151489213,30.0
151489216,30.0
151489219,20.0
151489222,25.0
151489225,30.0
151489226,20.0
151489229,30.0
151489231,30.0
151489233,30.0
151489235,30.0
151489236,30.0
151489244,30.0
151489245,25.0
151489246,20.0
151489250,30.0
151489252,30.0
151489254,30.0
151489256,20.0
151489258,30.0
151490721,30.0
151490723,30.0
151490724,30.0
151490725,30.0
151490727,30.0
151490728,30.0
151490729,30.0
151490733,30.0
151490734,30.0
151490735,30.0
151490736,30.0
151490737,30.0
151490739,30.0
151493116,50.0
151493120,50.0
151493124,30.0
151493126,30.0
151506333,45.0
151506334,45.0
151506336,45.0
151506337,45.0
151549445,30.0
151549450,30.0
151549451,30.0
151549453,30.0
151549458,30.0
151549459,30.0
151549464,80.0
151549466,20.0
151549468,30.0
151549470,80.0
151549473,30.0
151549476,30.0
151549478,30.0
151549479,50.0
151549484,20.0
151549485,45.0
151549486,30.0
151549489,80.0
151549490,50.0
151549491,30.0
151549493,30.0
151549494,80.0
151549495,30.0
151549496,30.0
151549501,50.0
151549502,30.0
151549503,30.0
151570868,30.0
151570869,30.0
151570871,30.0
151570872,30.0
151570873,30.0
151570874,30.0
151570875,30.0
151570876,30.0
151570877,30.0
151570880,30.0
151570881,30.0
151570882,30.0
151658989,30.0
151658990,30.0
151658991,30.0
151658992,30.0
151658993,25.0
151658994,30.0
151658995,30.0
151658997,30.0
151658998,30.0
151658999,30.0
151659000,30.0
151659002,30.0
151659003,30.0
151659004,30.0
151659006,30.0
151659007,30.0
151659009,30.0
151659010,30.0
151659011,30.0
151659012,30.0
151659013,30.0
151659014,30.0
151659015,30.0
151659016,30.0
151659017,30.0
151659018,30.0
151659019,30.0
151659020,30.0
151659021,30.0
151659022,30.0
151659023,30.0
151659024,30.0
151659025,30.0
151659026,30.0
151659027,30.0
151659028,30.0
151659029,30.0
151659030,30.0
151659031,30.0
151659032,30.0
151659033,30.0
151659036,30.0
151659038,30.0
151659039,30.0
151659045,30.0
151659047,30.0
151659048,30.0
151659049,30.0
151659052,30.0
151659054,30.0
151659055,30.0
151659056,30.0
151659057,30.0
151659058,30.0
151659059,30.0
151659060,30.0
151659061,30.0
151659062,30.0
151659063,30.0
151659064,30.0
151659065,30.0
151659066,30.0
151659067,30.0
151659068,30.0
151659069,30.0
151659070,30.0
151659071,30.0
151659072,30.0
151659073,30.0
151659074,30.0
151659076,30.0
151659078,30.0
151659079,30.0
151659080,30.0
151659081,30.0
151659082,30.0
151659083,30.0
151659084,30.0
151659085,30.0
151659086,30.0
151659087,30.0
151659088,30.0
151659089,30.0
151659090,30.0
151659091,30.0
151659092,30.0
151659093,30.0
151659094,30.0
151659095,30.0
151659096,30.0
151659097,30.0
151659098,30.0
151659099,30.0
151659538,30.0
151659539,30.0
151659619,30.0
151659620,30.0
151659621,30.0
151659622,30.0
151659623,30.0
151659624,30.0
151659625,30.0
151659626,30.0
152080593,30.0
152080594,30.0
152080597,30.0
152080598,30.0
152080599,30.0
152080601,30.0
152080602,30.0
152080605,30.0
152080606,30.0
152080607,30.0
152080608,30.0
152080610,30.0
152080612,30.0
152080613,30.0
152080614,30.0
152080615,30.0
152080616,30.0
152080618,30.0
152080619,30.0
152080620,30.0
152080622,30.0
152080624,30.0
152080625,30.0
152080626,30.0
152080628,30.0
152080630,30.0
152080631,30.0
152080635,30.0
152080637,30.0
152080639,30.0
152080640,30.0
152080642,30.0
152080644,30.0
152080645,30.0
152080647,30.0
152080648,30.0
152080650,30.0
152080652,30.0
152080653,30.0
152080655,30.0
152080656,30.0
152080657,30.0
152080659,30.0
152080661,30.0
152080662,30.0
152080663,30.0
152080665,30.0
152080667,30.0
152080669,30.0
152080670,30.0
152080674,30.0
152080675,30.0
152080677,30.0
152080678,30.0
152080680,30.0
152080681,30.0
152080684,30.0
152080685,30.0
152080688,30.0
152080690,30.0
152080691,30.0
152080693,30.0
152080695,30.0
152080696,30.0
152080698,30.0
152080703,30.0
152080704,30.0
152080706,30.0
152080711,30.0
152080713,30.0
152080714,30.0
152080720,30.0
152080724,50.0
152080729,30.0
152080731,30.0
152080732,30.0
152080735,30.0
152080737,30.0
152080738,30.0
152086456,30.0
152086458,30.0
152086467,30.0
152086469,30.0
152086471,30.0
152086474,30.0
152086476,30.0
152086481,30.0
152086483,30.0
152086485,30.0
152086486,30.0
152086487,30.0
152086488,30.0
152086490,30.0
152086500,30.0
152086501,30.0
152086502,30.0
152086503,30.0
152086506,30.0
152086510,30.0
152086511,30.0
152086519,30.0
152086520,30.0
152086522,30.0
152086523,30.0
152086527,30.0
152086534,30.0
152086539,30.0
152086542,30.0
152086545,30.0
152086548,30.0
152086562,30.0
152086564,30.0
152086565,30.0
152086567,30.0
152095587,30.0
152095589,30.0
152095591,30.0
152095593,30.0
152095595,30.0
152095597,30.0
152095598,30.0
152095601,30.0
152095602,30.0
152095604,30.0
152095606,50.0
152095609,30.0
152095611,30.0
152095613,30.0
152095614,30.0
152095620,30.0
152095621,30.0
152095622,30.0
152095623,30.0
152095625,30.0
152095626,30.0
152095628,30.0
152095629,30.0
152095631,30.0
152095634,30.0
152095635,30.0
152095637,30.0
152095638,30.0
152095639,30.0
152095642,30.0
152095644,30.0
152095645,30.0
152095647,30.0
152095649,30.0
152095651,30.0
152095652,30.0
152095654,30.0
152095655,30.0
152095658,30.0
152095660,30.0
152095662,30.0
152095663,30.0
152095665,30.0
152095667,30.0
152095669,30.0
152095670,30.0
152095673,30.0
152095675,30.0
152095676,30.0
152095678,30.0
152095681,30.0
152095682,30.0
152095684,25.0
152095688,30.0
152095689,30.0
152095690,30.0
152095696,30.0
152095699,30.0
152095700,30.0
152095702,30.0
152095710,30.0
152095712,30.0
152095714,30.0
152095716,30.0
152095724,30.0
152095727,30.0
152095728,30.0
152095731,30.0
152095733,30.0
152095735,30.0
152095736,30.0
152095738,30.0
152095742,30.0
152095743,30.0
152095745,30.0
152095749,30.0
152095750,30.0
152095751,30.0
152095752,30.0
152095757,25.0
152095758,30.0
152095759,30.0
152095760,30.0
152095765,30.0
152095766,30.0
152095767,30.0
152095768,30.0
152095775,30.0
152095776,30.0
152095777,30.0
152095778,30.0
152095783,30.0
152095784,30.0
152095785,30.0
152095790,30.0
152095791,30.0
152095792,30.0
152095793,30.0
152095796,30.0
152095797,30.0
152095799,30.0
152095800,30.0
152095803,30.0
152095804,30.0
152095806,30.0
152095809,30.0
152095810,30.0
152095818,30.0
152095819,30.0
152095820,30.0
152095822,30.0
152095831,30.0
152095832,30.0
152095833,30.0
152095837,30.0
152095843,30.0
152095848,30.0
152100513,50.0
152100517,30.0
152105609,30.0
152105610,30.0
152105611,30.0
152105614,30.0
152105616,30.0
152105618,30.0
152105620,30.0
152105621,30.0
152105622,30.0
152105624,30.0
152105625,30.0
152105626,30.0
152105627,30.0
152105628,30.0
152105629,30.0
152105630,30.0
152105631,30.0
152105634,30.0
152105635,30.0
152105637,30.0
152105639,30.0
152105640,30.0
152105643,30.0
152105644,30.0
152105645,30.0
152105646,30.0
152105647,30.0
152105648,30.0
152105649,30.0
152105650,30.0
152105651,30.0
152105652,30.0
152105653,30.0
152105655,30.0
152105657,30.0
152105658,30.0
152105659,30.0
152105660,30.0
152105661,30.0
152105662,30.0
152105664,30.0
152105665,30.0
152105666,30.0
152105667,30.0
152105668,30.0
152105669,30.0
152105670,30.0
152105671,30.0
152105672,30.0
152105673,30.0
152105674,30.0
152105675,30.0
152105677,30.0
152105678,30.0
152105679,30.0
152105680,20.0
152105685,30.0
152105687,30.0
152105688,30.0
152105689,30.0
152105691,30.0
152105692,30.0
152105694,30.0
152105699,30.0
152105701,30.0
152105702,30.0
152105707,30.0
152105710,30.0
152105711,30.0
152105713,30.0
152105715,30.0
152105717,30.0
152105720,30.0
152105722,30.0
152105724,30.0
152105726,30.0
152105729,25.0
152105731,30.0
152105734,30.0
152105738,30.0
152105741,30.0
152105747,30.0
152105748,30.0
152105749,30.0
152247046,30.0
152247047,30.0
152247049,30.0
152247051,30.0
152247054,30.0
152247055,30.0
152247056,30.0
152247057,30.0
152247058,40.0
152247059,30.0
152260366,30.0
152260367,40.0
152260368,30.0
152260369,30.0
152260371,30.0
152260372,30.0
152260373,30.0
152260374,30.0
152260375,30.0
152260376,30.0
152260377,30.0
152260379,30.0
152260381,30.0
152260382,30.0
152260383,30.0
152260384,30.0
152260385,30.0
152260387,30.0
152260388,30.0
152260389,30.0
152260390,30.0
152260391,30.0
152260392,30.0
152260393,30.0
152260394,30.0
152260395,30.0
152260396,30.0
152260397,30.0
152260398,30.0
152260399,30.0
152260400,30.0
152260401,30.0
152260402,30.0
152260403,30.0
152260404,30.0
152260405,30.0
152260406,30.0
152260407,30.0
152260408,30.0
152260409,30.0
152260410,30.0
152260411,30.0
152260413,30.0
152260414,30.0
152260415,30.0
152260416,30.0
152260417,30.0
152260418,30.0
152260419,30.0
152260420,30.0
152260421,30.0
152260422,30.0
152260423,30.0
152260424,30.0
152260425,30.0
152260426,30.0
152260427,30.0
152260428,30.0
152260429,30.0
152260430,30.0
152260431,30.0
152260432,30.0
152260433,30.0
152260434,30.0
152260435,30.0
152260436,30.0
152260437,30.0
152260438,30.0
152260439,30.0
152260440,30.0
152260441,30.0
152260442,30.0
152260443,30.0
152260444,30.0
152260445,30.0
152260446,30.0
152260447,30.0
152260448,30.0
152260449,30.0
152260450,30.0
152260451,30.0
152260452,30.0
152260453,30.0
152260455,30.0
152260456,30.0
152260457,30.0
152260458,30.0
152260459,30.0
152260460,30.0
152260461,30.0
152260462,30.0
152260463,30.0
152260464,30.0
152260465,30.0
152260466,30.0
152260467,30.0
152260468,30.0
152260469,30.0
152260470,30.0
152260471,30.0
152260472,30.0
152260473,30.0
152260474,30.0
152260475,30.0
152260476,30.0
152260477,30.0
152260478,30.0
152260479,30.0
152260480,30.0
152260481,30.0
152260482,30.0
152260483,30.0
152260484,30.0
152260485,30.0
152260486,30.0
152260487,30.0
152260488,30.0
152260489,30.0
152260490,30.0
152260491,30.0
152260492,30.0
152260493,30.0
152260494,30.0
152260495,30.0
152260496,30.0
152260497,30.0
152260498,30.0
152260499,30.0
152260500,30.0
152260501,30.0
152260502,30.0
152260503,30.0
152260504,30.0
152260505,30.0
152260506,30.0
152260508,30.0
152260510,30.0
152260512,30.0
152260513,30.0
152260514,30.0
152260515,30.0
152260516,30.0
152260517,30.0
152260518,30.0
152260519,30.0
152260520,30.0
152260521,30.0
152260524,30.0
152260526,30.0
152260527,30.0
152260528,30.0
152260529,30.0
152260530,30.0
152260531,30.0
152260532,30.0
152260533,30.0
152260534,30.0
152260535,30.0
152260536,30.0
152260538,30.0
152260539,30.0
152260540,30.0
152260542,30.0
152260543,30.0
152260544,30.0
152260545,30.0
152260546,30.0
152260548,30.0
152260549,30.0
152260550,30.0
152260551,30.0
152260552,30.0
152260553,30.0
152260555,30.0
152260557,30.0
152260558,30.0
152260559,30.0
152260560,30.0
152260561,30.0
152260562,30.0
152260563,30.0
152260564,30.0
152260565,30.0
152260566,30.0
152260567,30.0
152260568,30.0
152260569,30.0
152260570,30.0
152260571,30.0
152260572,30.0
152260573,30.0
152260574,30.0
152260575,30.0
152260576,30.0
152260578,30.0
152260579,30.0
152260581,30.0
152260582,30.0
152260583,30.0
152260584,30.0
152260585,30.0
152260587,30.0
152260588,30.0
152260589,30.0
152260590,30.0
152260591,30.0
152260592,30.0
152260593,30.0
152260594,30.0
152260595,30.0
152260596,30.0
152260597,30.0
152260598,30.0
152260599,30.0
152260600,30.0
152260601,30.0
152260602,30.0
152260603,30.0
152260604,30.0
152260605,30.0
152260606,30.0
152260607,30.0
152260608,30.0
152260609,30.0
152260610,30.0
152260611,30.0
152260612,30.0
152260613,30.0
152260614,30.0
152260615,30.0
152260616,30.0
152260617,30.0
152260618,30.0
152260619,30.0
152260620,30.0
152260621,30.0
152260622,30.0
152260623,30.0
152260624,30.0
152260625,30.0
152260626,30.0
152260627,30.0
152260628,30.0
152260629,30.0
152260630,30.0
152260631,30.0
152260632,30.0
152260633,30.0
152260635,30.0
152260636,30.0
152260637,30.0
152260638,30.0
152260639,30.0
152260640,30.0
152260641,30.0
152260642,30.0
152260643,30.0
152260644,30.0
152260645,30.0
152260648,30.0
152260650,30.0
152260651,30.0
152260652,30.0
152260656,30.0
152260657,30.0
152260658,30.0
152260659,30.0
152260667,30.0
152260668,30.0
152260670,30.0
152260671,30.0
152260674,30.0
152260675,20.0
152260677,30.0
152260679,30.0
152260683,30.0
152260684,30.0
152260685,30.0
152260689,30.0
152260690,30.0
152276217,30.0
152881796,30.0
152881798,30.0
152881800,30.0
152881803,30.0
152881807,30.0
152881809,30.0
152881810,30.0
152881813,30.0
152881814,30.0
152881815,30.0
152881820,30.0
152881822,30.0
152881823,30.0
152881826,30.0
152881827,30.0
152881828,30.0
152881829,30.0
152881832,30.0
152881833,30.0
152881834,30.0
152881836,30.0
152881837,30.0
152881839,30.0
152881845,30.0
152881846,30.0
152881848,30.0
152881849,30.0
152881851,30.0
152881852,30.0
152881854,30.0
152881855,30.0
152881856,30.0
152881859,30.0
152881860,30.0
152881861,30.0
152881862,30.0
152881864,30.0
152881871,30.0
152881873,30.0
152881874,30.0
152881875,30.0
152881877,30.0
152881879,30.0
152881880,30.0
152881882,30.0
152881886,30.0
152881888,30.0
152881890,30.0
152881891,30.0
152881899,30.0
152881901,30.0
152881902,30.0
152881903,30.0
152881905,30.0
152881909,30.0
152881910,30.0
152881911,30.0
152881912,30.0
152881914,30.0
152881918,30.0
152881920,30.0
152881921,30.0
152881922,30.0
152881927,30.0
152881930,30.0
152881932,30.0
152881933,30.0
152881935,30.0
152881938,30.0
152881941,30.0
152881942,30.0
152881943,30.0
152881948,30.0
152881949,30.0
152881950,30.0
152881951,30.0
152881954,30.0
152881961,30.0
152881963,30.0
152881965,30.0
152881967,30.0
152881973,30.0
152881975,30.0
152881976,30.0
152881978,30.0
152881980,30.0
152881984,30.0
152881986,30.0
152881988,30.0
152881990,30.0
152881996,30.0
152881997,30.0
152881999,30.0
152882000,30.0
152882001,30.0
152882004,30.0
152882005,30.0
152882006,30.0
152882007,30.0
152882012,30.0
152882014,30.0
152882015,30.0
152882016,30.0
152882018,30.0
152882019,30.0
152882020,30.0
152882022,30.0
152882024,30.0
152882026,30.0
152882028,30.0
152882030,25.0
152882036,30.0
152882038,30.0
152882039,30.0
152882040,30.0
152882043,30.0
152882044,30.0
152882046,30.0
152882047,30.0
152882048,30.0
152882053,30.0
152882054,30.0
152882055,30.0
152882057,30.0
152882059,30.0
152882060,30.0
152882061,30.0
152882063,30.0
152882066,30.0
152882067,30.0
152882069,30.0
152882072,25.0
152882074,30.0
152882075,25.0
152882076,30.0
152882080,30.0
152882082,30.0
152882083,30.0
152882088,30.0
152882089,30.0
152882091,30.0
152883169,50.0
152889298,30.0
152889300,30.0
153043611,30.0
153043612,30.0
153043613,30.0
153043614,30.0
153043615,30.0
153043616,30.0
153043617,30.0
153043618,30.0
153043620,30.0
153043621,30.0
153043622,30.0
153043623,30.0
153043624,30.0
153043625,30.0
153043626,30.0
153043627,30.0
153043628,30.0
153043630,30.0
153043631,30.0
153043632,30.0
153043634,30.0
153043635,30.0
153043637,30.0
153043638,30.0
153043640,30.0
153043641,30.0
153043643,30.0
153043644,30.0
153043645,30.0
153043647,30.0
153043648,30.0
153043650,30.0
153043652,30.0
153043653,30.0
153043656,30.0
153043657,30.0
153043658,30.0
153043659,30.0
153043662,30.0
153043663,30.0
153043664,30.0
153043665,30.0
153043667,30.0
153043668,30.0
153043669,30.0
153043671,30.0
153043672,30.0
153043673,30.0
153043674,30.0
153043675,30.0
153043676,30.0
153043677,30.0
153043678,30.0
153043679,30.0
153043680,30.0
153043681,30.0
153043682,30.0
153043683,30.0
153043684,30.0
153043685,30.0
153043686,30.0
153043687,30.0
153043688,30.0
153043689,30.0
153043690,30.0
153043693,30.0
153043694,30.0
153043695,30.0
153043696,30.0
153043697,30.0
153043698,30.0
153043699,30.0
153043700,30.0
153043701,30.0
153043702,30.0
153043703,30.0
153043704,30.0
153043705,30.0
153043706,30.0
153043707,30.0
153043708,30.0
153043709,30.0
153043710,30.0
153043711,30.0
153043712,30.0
153043713,30.0
153043715,30.0
153043716,30.0
153043717,30.0
153043718,30.0
153043719,30.0
153048905,30.0
153048907,30.0
153048908,30.0
153048909,30.0
153048911,30.0
153048914,30.0
153048915,30.0
153048918,30.0
153048919,30.0
153048920,30.0
153048921,30.0
153048922,30.0
153048923,30.0
153048924,30.0
153048925,30.0
153048926,30.0
153048927,30.0
153048928,30.0
153048929,30.0
153048930,30.0
153048931,30.0
153048932,30.0
153048933,30.0
153048935,30.0
153048936,30.0
153048939,30.0
153048941,30.0
153048942,30.0
153048944,30.0
153048945,30.0
153048947,30.0
153048948,30.0
153048950,30.0
153048951,30.0
153048953,30.0
153048954,30.0
153048956,30.0
153048958,30.0
153048959,30.0
153048962,30.0
153048964,30.0
153048965,30.0
153048967,30.0
153048968,30.0
153048970,30.0
153048972,30.0
153048973,30.0
153048975,30.0
153048976,30.0
153048978,30.0
153048980,30.0
153048981,30.0
153048982,30.0
153048983,30.0
153048984,30.0
153048986,30.0
153048987,30.0
153057068,30.0
153057069,30.0
153057070,30.0
153057072,30.0
153057074,30.0
153057076,30.0
153057077,30.0
153057078,30.0
153057081,30.0
153057082,30.0
153057083,30.0
153057084,30.0
153057089,30.0
153057090,30.0
153057091,30.0
153057092,30.0
153057093,30.0
153057094,30.0
153057095,30.0
153057096,30.0
153057100,30.0
153057101,30.0
153057102,30.0
153057106,30.0
153057107,30.0
153057108,30.0
153057110,30.0
153057112,30.0
153057113,30.0
153057116,30.0
153057121,30.0
153057492,30.0
153057497,30.0
153057500,30.0
153441381,20.0
153441385,20.0
153443680,30.0
153443687,30.0
153443689,30.0
153459554,30.0
153459556,30.0
153459558,30.0
153459563,30.0
153459564,30.0
153459565,30.0
153459566,30.0
153459570,30.0
153459574,30.0
153459575,30.0
153459578,30.0
153459581,30.0
153459583,30.0
153459585,30.0
153459587,30.0
153459593,30.0
153459596,30.0
153459597,30.0
153459598,30.0
153459609,30.0
153459611,24.0
153459612,30.0
153459614,30.0
153459621,30.0
153459624,30.0
153459626,30.0
154308883,30.0
154308885,30.0
154308887,30.0
154308888,30.0
154308889,25.0
154308891,30.0
154308893,30.0
154308894,30.0
154308896,30.0
154308897,30.0
154308899,30.0
154308900,30.0
154308901,30.0
154308903,30.0
154308904,30.0
154308906,30.0
154308907,30.0
154308908,30.0
154308909,30.0
154308910,30.0
154308912,30.0
154308913,30.0
154308915,30.0
154308916,30.0
154308917,30.0
154308918,30.0
154308919,30.0
154308920,30.0
154308922,30.0
154308923,30.0
154308925,30.0
154308926,30.0
154308927,30.0
154308928,30.0
154308930,30.0
154308931,30.0
154308932,30.0
154308934,30.0
154308935,30.0
154308936,30.0
154308937,30.0
154308938,30.0
154308939,30.0
154308941,30.0
154308943,30.0
154308944,30.0
154308945,30.0
154308946,30.0
154308947,30.0
154308948,30.0
154308949,30.0
154308952,30.0
154308953,30.0
154308954,30.0
154308955,30.0
154308957,30.0
154308959,30.0
154308960,30.0
154308963,30.0
154308965,30.0
154308967,30.0
154308968,30.0
154308969,30.0
154308975,30.0
154308976,30.0
154308977,30.0
154308980,30.0
154308981,30.0
154308982,30.0
154308984,30.0
154308988,30.0
154308989,30.0
154308990,30.0
154308991,30.0
154308993,30.0
154308994,30.0
154308995,30.0
154308997,30.0
154308998,30.0
154308999,30.0
154309000,30.0
154309001,30.0
154309004,30.0
154309005,30.0
154309006,30.0
154309007,30.0
154309009,30.0
154309010,30.0
154309011,30.0
154309013,30.0
154309014,30.0
154309015,30.0
154309016,30.0
154309017,30.0
154309020,30.0
154309021,30.0
154309022,30.0
154309023,30.0
154309024,30.0
154309026,30.0
154309027,30.0
154309029,30.0
154309030,30.0
154309031,30.0
154309032,30.0
154309033,30.0
154309035,40.0
154309037,30.0
154309038,30.0
154309039,30.0
154309042,30.0
154309044,30.0
154309045,30.0
154309046,30.0
154309047,30.0
154309049,30.0
154309051,30.0
154309052,30.0
154309053,30.0
154309055,30.0
154309056,30.0
154309058,30.0
154309059,30.0
154309060,30.0
154309061,30.0
154309062,30.0
154309065,30.0
154309066,30.0
154309067,30.0
154309068,30.0
154309069,30.0
154309070,30.0
154309072,30.0
154312625,30.0
154312628,30.0
154312630,30.0
154312632,30.0
154312637,30.0
154312640,30.0
154312647,30.0
154312648,30.0
154312650,30.0
154312651,30.0
154312657,30.0
154312662,30.0
154312670,30.0
154312673,30.0
154860036,30.0
154860037,30.0
154860038,30.0
155010435,30.0
155010438,30.0
155010441,30.0
155010443,30.0
155010446,30.0
155958009,30.0
155958010,30.0
155958011,30.0
155958012,30.0
155958013,30.0
155958014,30.0
155958015,30.0
155958016,30.0
155958017,30.0
155958018,30.0
155958019,30.0
155958020,30.0
155958021,30.0
155958022,30.0
155958023,30.0
155958024,30.0
155958025,30.0
155958027,30.0
155958028,30.0
155958029,30.0
155958030,30.0
155958031,30.0
155972147,30.0
155972148,30.0
155972153,30.0
155972155,30.0
155972157,30.0
155972161,30.0
155972162,30.0
155972164,30.0
155972166,30.0
155972167,30.0
155972171,30.0
155972173,30.0
155972174,30.0
155972175,30.0
155972176,30.0
155972180,30.0
155972181,30.0
155972183,30.0
155972185,30.0
155972186,30.0
155972188,30.0
155972191,30.0
155972192,30.0
155972193,30.0
155972194,30.0
155972196,30.0
155972200,30.0
155972201,30.0
155972202,30.0
155972204,30.0
155972206,30.0
155972210,30.0
155972212,30.0
155972213,30.0
155972214,30.0
155972216,30.0
155972218,30.0
155972223,30.0
155972224,30.0
155972225,30.0
155972232,50.0
155972236,30.0
155972238,30.0
155972240,30.0
155972246,30.0
155972247,30.0
155972248,30.0
155972250,30.0
155972252,30.0
155972254,30.0
155972255,30.0
155972257,30.0
155972258,30.0
155972260,30.0
155972262,30.0
155972264,30.0
155972265,30.0
155972267,30.0
155972269,30.0
155972272,30.0
155972274,30.0
155972275,30.0
155972276,30.0
155972284,30.0
155972286,30.0
155972288,30.0
155972289,30.0
155972293,30.0
155972297,30.0
155972298,30.0
155972299,30.0
155972301,30.0
155972307,30.0
155972308,30.0
155972309,30.0
155972311,30.0
155972317,30.0
155972318,30.0
155972319,30.0
155972320,30.0
155972323,30.0
155972326,30.0
155972329,30.0
155972330,30.0
155972331,30.0
155972332,30.0
155972337,30.0
155972339,30.0
155972341,30.0
155972342,30.0
155972348,30.0
155972351,30.0
155972353,30.0
155972355,30.0
155972363,30.0
155972366,30.0
155972368,30.0
155972370,30.0
155972382,30.0
155972383,30.0
156003740,30.0
156003741,30.0
156003746,30.0
156003747,30.0
156003748,30.0
156003749,30.0
156003750,30.0
156003752,30.0
156003753,30.0
156003754,30.0
156003755,30.0
156003756,30.0
156003760,30.0
156003762,30.0
156003763,30.0
156003764,30.0
156003765,30.0
156003766,30.0
156003767,30.0
156003768,30.0
156003769,30.0
156003770,30.0
156003771,30.0
156003772,30.0
156003773,30.0
156003774,30.0
156003775,30.0
156003776,30.0
156003777,30.0
156003778,30.0
156003779,30.0
156003780,30.0
156003781,30.0
156003782,30.0
156003783,30.0
156193301,30.0
156193302,30.0
156193303,50.0
156195316,20.0
156195317,30.0
156195318,30.0
156195320,30.0
156195322,30.0
156195323,30.0
156195324,30.0
156195325,30.0
156195327,30.0
156195328,30.0
156195331,30.0
156618090,30.0
156618093,30.0
156618097,30.0
156618105,30.0
156618108,30.0
156618112,30.0
156618115,30.0
156618117,30.0
156618120,30.0
156618122,30.0
156618124,30.0
156618126,30.0
156618128,30.0
156618129,30.0
156618133,30.0
156618134,30.0
156618135,30.0
156618138,30.0
156618142,30.0
156618144,30.0
156618145,30.0
156618151,30.0
156618154,30.0
156830965,50.0
156830966,30.0
156830968,50.0
156830969,50.0
156923492,30.0
157076332,50.0
157076333,50.0
157076334,45.0
157076335,50.0
157076339,30.0
157076341,50.0
157076344,30.0
157076345,30.0
157076346,30.0
157076347,30.0
157076348,30.0
157076349,30.0
157076350,50.0
157076351,30.0
157076352,30.0
157076353,30.0
157076355,30.0
157076356,30.0
157076357,30.0
157076358,30.0
157076360,30.0
157076361,30.0
157076362,30.0
157076363,30.0
157076364,30.0
157076365,30.0
157314202,30.0
157314203,30.0
157314204,30.0
157314205,45.0
157314206,30.0
157314207,30.0
157314208,30.0
157314209,30.0
157314210,30.0
157314212,30.0
157314213,30.0
157314214,30.0
157314215,30.0
157540448,30.0
157546868,30.0
157546870,30.0
157546872,30.0
157546873,30.0
157546874,30.0
157546880,30.0
157546881,30.0
157712588,50.0
157712596,30.0
157712606,45.0
157712619,30.0
157712620,45.0
157712622,45.0
157712624,45.0
157712628,20.0
157712629,20.0
157712630,20.0
157712631,20.0
157712632,20.0
157712633,20.0
157712634,20.0
157712635,20.0
157712636,20.0
157712637,20.0
157712638,20.0
157712639,20.0
157712640,20.0
157712641,20.0
157712642,20.0
157712643,20.0
157712644,20.0
157712645,20.0
157712646,20.0
157712649,20.0
157712650,20.0
157712651,20.0
157712652,20.0
157712653,20.0
157712654,20.0
157712655,20.0
157712656,20.0
157712657,20.0
157712658,20.0
157712660,20.0
157712661,20.0
157712662,20.0
157712665,20.0
157915636,30.0
157915640,30.0
158326844,30.0
158326845,30.0
158326848,30.0
158326849,30.0
158326851,25.0
158328854,30.0
158328855,30.0
158328857,30.0
158328858,30.0
158859265,20.0
158859266,30.0
158859269,30.0
158859270,30.0
158859275,30.0
158859277,20.0
158859279,20.0
158859280,30.0
158878502,30.0
158878503,30.0
158895439,30.0
159009500,30.0
159044177,24.0
159159240,30.0
159159725,30.0
159162714,30.0
159162715,30.0
159162716,30.0
159162718,30.0
159162719,30.0
159162720,30.0
159162721,30.0
159162722,30.0
160456972,50.0
160456975,50.0
160456981,50.0
160456987,30.0
160456988,30.0
160456993,30.0
160456994,30.0
160456995,30.0
160456996,30.0
160456998,30.0
160457000,30.0
160457003,30.0
160457004,30.0
160457005,30.0
160457007,30.0
160475031,30.0
160475033,30.0
160475035,30.0
160475037,30.0
160475038,30.0
160475039,30.0
160475040,30.0
160475041,30.0
160475044,30.0
160475046,25.0
160475049,30.0
160475050,30.0
160475051,30.0
160475053,30.0
160475054,30.0
160475055,25.0
160475056,30.0
160475058,25.0
160475059,30.0
160475060,30.0
160475061,30.0
160475062,30.0
160475063,30.0
160610312,20.0
160610313,30.0
160623168,20.0
160623171,20.0
160623172,30.0
160623173,30.0
160623174,20.0
160623176,30.0
160623177,30.0
160623179,30.0
160625554,45.0
160625560,30.0
160662592,20.0
160749830,45.0
160749832,45.0
160749835,30.0
160749839,45.0
160749840,30.0
160749841,30.0
160749845,30.0
160749850,30.0
160749854,30.0
160749857,40.0
160749861,30.0
160749865,30.0
160749866,30.0
160757994,20.0
160945735,30.0
161021879,50.0
161021880,30.0
161306835,30.0
161306837,20.0
161306838,25.0
161306840,30.0
161306841,30.0
161306842,30.0
161306843,30.0
161306844,30.0
161306845,30.0
161306846,30.0
161306847,30.0
161306848,30.0
161306849,30.0
161306850,30.0
161306851,30.0
161306852,30.0
161306853,30.0
161306854,30.0
161306855,30.0
161306856,30.0
161306857,30.0
161306858,30.0
161306859,30.0
161306860,30.0
161306861,30.0
161306862,30.0
161306863,30.0
161306864,30.0
161306866,30.0
161306867,30.0
161306868,30.0
161306869,30.0
161306870,30.0
161306871,30.0
161306872,30.0
161306873,30.0
161306874,30.0
161306875,30.0
161306876,30.0
161306877,25.0
161306878,30.0
161306879,30.0
161306880,30.0
161306881,30.0
161306882,30.0
161306883,30.0
161306884,30.0
161306885,30.0
161306886,32.0
161306887,30.0
161438386,30.0
161438388,20.0
161438390,30.0
161438392,30.0
161969010,45.0
161969011,40.0
161969012,30.0
161969013,45.0
162046429,40.0
162046430,50.0
162046432,40.0
162046433,40.0
162046434,40.0
162050207,50.0
162052428,30.0
162052429,45.0
162052430,45.0
162139347,45.0
162143358,45.0
162143359,45.0
162144120,40.0
162144121,45.0
162183373,30.0
162183374,30.0
162183375,30.0
162183376,30.0
162183379,30.0
162183381,30.0
162183383,30.0
162183384,30.0
162183386,30.0
162183387,30.0
162183388,30.0
162532885,50.0
162541144,30.0
162541146,30.0
162541148,30.0
162541897,45.0
162541898,30.0
162541900,30.0
162541902,30.0
162541903,30.0
162541904,30.0
162541905,50.0
162541906,30.0
162541907,30.0
162541908,30.0
162541910,30.0
162541911,45.0
162542228,50.0
162542230,50.0
162547019,50.0
162547023,50.0
162547024,50.0
162549509,50.0
162549510,40.0
162549512,50.0
162552655,50.0
162552656,50.0
162552657,50.0
162552658,50.0
162557512,20.0
162557513,30.0
162557514,30.0
162557515,30.0
162557516,30.0
162557517,30.0
162557518,20.0
162558807,50.0
162558808,40.0
162558809,30.0
162558810,50.0
162558811,30.0
162559542,32.0
162561840,50.0
162561841,50.0
162561842,30.0
162561843,50.0
162561845,50.0
162561846,50.0
162562963,20.0
162562964,30.0
162562965,30.0
162562967,30.0
162562968,25.0
162564171,30.0
162564172,30.0
162564173,30.0
162564174,30.0
162564175,30.0
162564176,30.0
162564177,30.0
162564178,30.0
162564179,30.0
162564181,30.0
162564183,30.0
162566200,30.0
162566202,20.0
162566203,30.0
162566205,50.0
162568006,50.0
162568007,50.0
162569244,50.0
162569246,80.0
162653717,24.0
162654200,50.0
162654201,50.0
162654202,50.0
162654203,50.0
162654657,30.0
162656072,50.0
162656073,30.0
162656074,50.0
162656267,30.0
162656269,50.0
162657683,45.0
162657684,30.0
162657685,30.0
162657686,30.0
162660771,20.0
162660772,40.0
162660775,30.0
162660776,30.0
162664553,50.0
162665180,30.0
162665181,30.0
162665183,30.0
162665184,30.0
162665186,30.0
162665187,30.0
162665188,45.0
162665189,30.0
162665190,30.0
162665191,30.0
162665192,30.0
162665193,30.0
162665194,40.0
162665195,30.0
162665197,30.0
162665198,30.0
162665199,25.0
162665200,30.0
162665201,30.0
162665202,30.0
162665205,30.0
162665206,45.0
162665207,30.0
162668152,30.0
162668153,30.0
162668155,30.0
162668601,30.0
162668603,25.0
162668605,30.0
162668608,30.0
162668611,30.0
162668613,45.0
162668615,30.0
162668619,30.0
162668621,30.0
162668623,30.0
162668625,30.0
162668628,30.0
162668630,30.0
162668634,40.0
162668635,30.0
162668636,30.0
162668637,50.0
162669909,45.0
162675731,30.0
162675732,30.0
162675733,30.0
162675734,30.0
162675735,30.0
162675736,30.0
162675737,25.0
162675738,30.0
162675739,30.0
162675741,30.0
162675742,45.0
162675743,30.0
162675744,30.0
162675745,30.0
162675746,25.0
162675747,30.0
162675748,30.0
162675749,30.0
162675750,30.0
162675751,30.0
162675752,30.0
162675754,30.0
162675755,30.0
162675757,30.0
162675759,30.0
162675760,30.0
162675762,30.0
162675763,30.0
162675765,30.0
162675766,30.0
162675768,30.0
162675770,30.0
162675771,30.0
162675772,30.0
162675774,30.0
162675775,30.0
162675776,30.0
162675777,30.0
162675778,30.0
162675779,30.0
162675780,30.0
162675781,30.0
162675782,30.0
162675783,30.0
162675784,30.0
162675785,30.0
162675786,30.0
162675787,30.0
162675788,30.0
162675789,30.0
162675790,30.0
162675791,30.0
162675792,30.0
162675793,30.0
162675794,30.0
162675795,30.0
162675796,30.0
162675797,30.0
162675798,30.0
162675799,30.0
162675800,30.0
162675801,30.0
162675802,30.0
162675803,30.0
162675804,30.0
162675805,30.0
162675806,30.0
162675807,30.0
162675808,30.0
162675809,30.0
162675810,30.0
162675811,30.0
162675813,30.0
162675814,30.0
162675815,30.0
162675816,30.0
162675817,30.0
162675818,30.0
162675819,30.0
162675820,30.0
162675821,30.0
162675822,30.0
162675823,30.0
162675824,30.0
162675825,30.0
162675826,30.0
162675827,30.0
162675828,30.0
162675829,30.0
162675830,30.0
162675831,30.0
162675832,30.0
162675833,30.0
162675834,30.0
162675835,30.0
162675836,30.0
162675837,30.0
162675838,30.0
162675839,30.0
162675840,30.0
162675841,30.0
162675842,25.0
162675843,30.0
162675844,30.0
162675846,30.0
162687678,30.0
162687680,30.0
162687683,30.0
162687684,30.0
162687685,30.0
162687686,30.0
162687688,30.0
162687689,30.0
162687690,30.0
162687692,40.0
162687696,30.0
162687697,30.0
162691848,30.0
162691849,30.0
162691850,30.0
162691851,30.0
162691852,30.0
162696156,30.0
162696157,30.0
162696158,30.0
162696159,30.0
162696160,25.0
162696161,30.0
162696162,30.0
162696163,30.0
162696164,30.0
162696165,30.0
162696166,30.0
162696167,30.0
162696168,30.0
162696169,30.0
162696171,25.0
162696172,30.0
162696173,30.0
162696174,30.0
162696175,30.0
162696176,30.0
162696177,30.0
162696178,30.0
162696179,30.0
162696180,25.0
162696181,30.0
162696542,50.0
162696543,50.0
162699987,50.0
162699989,50.0
162699991,30.0
162706159,80.0
162706162,80.0
162714188,25.0
162714194,30.0
162714196,50.0
162714197,30.0
162714198,30.0
162714200,30.0
162714204,30.0
162714205,30.0
162714210,40.0
162844955,40.0
162844956,50.0
162844961,45.0
162844962,50.0
162844965,50.0
162844969,50.0
162844971,40.0
162870365,30.0
162941067,30.0
162941070,50.0
162941073,45.0
162941074,30.0
162941075,50.0
162941076,30.0
162941077,45.0
162941078,50.0
162941080,40.0
162942284,50.0
162942285,50.0
162942286,50.0
162942287,50.0
162943573,30.0
162943574,30.0
162943575,45.0
162943576,50.0
162943577,40.0
162943579,30.0
162943581,40.0
162943582,30.0
162943583,45.0
162943584,30.0
162943585,30.0
162943587,30.0
162943588,30.0
162943589,30.0
162943590,45.0
162964575,20.0
162964577,20.0
162964578,20.0
162964579,20.0
162964580,30.0
162964581,30.0
162964582,20.0
162964584,20.0
162964586,20.0
162964587,20.0
162964588,20.0
162964589,20.0
162964590,20.0
162964594,20.0
162964600,20.0
162964604,20.0
162968255,30.0
162968256,30.0
162968257,30.0
162968258,30.0
162968259,30.0
162968260,30.0
162968261,30.0
162968262,30.0
162968263,30.0
162969283,30.0
162969284,30.0
162969285,30.0
162969286,30.0
162969287,30.0
162969288,30.0
162975705,30.0
162975706,30.0
162975707,30.0
163206694,30.0
163206695,30.0
163206696,30.0
163206697,30.0
163206698,30.0
163206699,30.0
163206700,30.0
163206701,30.0
163206702,30.0
163206703,30.0
163206704,30.0
163208545,30.0
163208546,30.0
163208547,30.0
163208549,30.0
163214287,30.0
163214288,30.0
163214289,30.0
163214290,30.0
163214291,20.0
163214292,30.0
163214293,30.0
163214294,30.0
163598601,40.0
163598602,40.0
163598608,50.0
163598614,50.0
163598615,50.0
163598616,50.0
163598617,50.0
163598618,50.0
163598619,50.0
163598620,50.0
163598621,50.0
163598622,50.0
163598623,30.0
163598624,30.0
163598627,30.0
163598628,40.0
163598629,30.0
163598630,30.0
163598631,40.0
163598632,40.0
163598633,30.0
163598634,30.0
163598635,40.0
163598637,40.0
163598638,45.0
163598640,30.0
163598641,30.0
163598642,30.0
163598644,30.0
163598645,30.0
163598646,40.0
163598647,40.0
163598648,30.0
163598649,40.0
163598650,30.0
163598651,30.0
163598652,40.0
163598654,30.0
163598655,40.0
163598656,30.0
163598657,40.0
163598658,30.0
163598659,30.0
163598660,45.0
163598661,40.0
163602194,30.0
163602195,30.0
163602196,30.0
163602197,50.0
163602198,50.0
163602199,50.0
163602202,50.0
163602204,30.0
163602206,40.0
163602211,30.0
163602212,50.0
163602213,30.0
163602214,30.0
163602217,30.0
163602219,30.0
163602220,30.0
163602221,30.0
163602224,40.0
163602225,30.0
163602226,30.0
163602227,30.0
163602228,30.0
163602229,30.0
163602230,30.0
163602231,40.0
163699384,30.0
163699385,30.0
163699386,30.0
163699387,30.0
163699388,30.0
163702461,30.0
163703460,50.0
163703461,50.0
163703463,80.0
163703464,80.0
163703465,80.0
163703466,80.0
163703467,50.0
163703468,50.0
163703469,50.0
163703470,50.0
163703471,50.0
163703473,50.0
163703474,50.0
163703475,50.0
163703476,50.0
165070354,25.0
165070355,30.0
165070356,24.0
165070357,50.0
165070359,50.0
165070361,32.0
165070362,25.0
165070363,25.0
165070364,45.0
165070365,32.0
165070368,32.0
165082072,24.0
165082073,30.0
165082074,30.0
165082080,30.0
165082081,30.0
165082084,30.0
165082085,30.0
165082086,30.0
165082087,30.0
165082088,30.0
165082089,30.0
165082090,30.0
165082092,30.0
165082093,30.0
165082094,30.0
165082095,30.0
165082096,30.0
165082097,30.0
165082098,30.0
165082099,30.0
165082101,30.0
165082102,30.0
165082103,30.0
165082105,30.0
165082106,30.0
165082107,30.0
165082108,30.0
165082109,30.0
165082110,30.0
165082112,30.0
165082113,24.0
165082114,30.0
165082115,45.0
165082117,30.0
165082119,30.0
165082120,30.0
165082121,30.0
165082122,30.0
165082124,30.0
165082125,30.0
165082126,30.0
165082127,30.0
165082130,45.0
165082131,30.0
165082133,25.0
165082134,30.0
165082135,30.0
165082136,30.0
165082140,30.0
167196317,40.0
167446073,50.0
167457277,30.0
167892439,25.0
167892441,40.0
167892443,36.0
167892449,25.0
167892452,25.0
169955982,30.0
169955983,30.0
169955984,30.0
169955985,30.0
169955987,30.0
169955988,30.0
169955989,30.0
169955990,30.0
169955991,30.0
169955992,30.0
169955993,30.0
169955994,20.0
169955997,30.0
169955998,30.0
169955999,30.0
169956000,30.0
169956001,20.0
169956004,30.0
169956005,30.0
169956007,30.0
169956008,20.0
170186008,40.0
170186009,45.0
170186010,30.0
170186011,30.0
170186012,30.0
170186013,30.0
170186014,30.0
170186015,30.0
170186016,30.0
170186017,30.0
170186018,30.0
170186020,30.0
170186021,30.0
170186022,30.0
170186023,30.0
170186025,30.0
170186026,30.0
170186533,25.0
170186534,30.0
170186535,30.0
170186536,30.0
170186537,30.0
170186538,30.0
170186539,30.0
170186540,30.0
170186541,30.0
170186542,30.0
170186543,30.0
170186544,30.0
170186545,30.0
170186546,30.0
170186547,30.0
170186548,30.0
170186549,30.0
170186932,30.0
170186933,30.0
170186934,30.0
170186935,30.0
170186936,30.0
170186937,30.0
170186938,30.0
170186939,30.0
170186940,30.0
170186941,30.0
170186942,30.0
170186943,30.0
170186944,30.0
170186945,30.0
170188290,30.0
170188291,30.0
170188292,30.0
170188293,30.0
170188294,30.0
170188295,30.0
170188296,30.0
170188297,30.0
170188298,30.0
170188299,30.0
170188300,30.0
170188301,30.0
170188302,30.0
170188303,30.0
170188304,30.0
170189297,30.0
170189298,30.0
170189299,30.0
170189300,30.0
170860080,30.0
170860081,30.0
170860082,30.0
170860083,30.0
170860084,30.0
170860085,30.0
170860086,30.0
170860087,30.0
170860088,30.0
170860089,30.0
170860090,30.0
170860091,30.0
170860092,30.0
170860093,30.0
170860094,30.0
170860096,30.0
170860098,30.0
170860099,30.0
170860100,30.0
170860101,30.0
170860102,30.0
170860104,30.0
170860105,30.0
170860106,25.0
170860107,30.0
170860110,30.0
170860111,30.0
170860112,30.0
170860113,30.0
170860114,30.0
170860115,30.0
170860116,30.0
170860117,30.0
170860118,25.0
170860119,30.0
170860120,30.0
170860121,30.0
170860122,30.0
170860123,30.0
170860124,25.0
170860125,25.0
170860126,30.0
170860127,30.0
170860129,30.0
170860130,30.0
170860131,30.0
170863072,30.0
170863073,30.0
170863074,30.0
170863075,30.0
170863076,30.0
170863077,30.0
170863078,30.0
170863079,30.0
170863080,30.0
170863081,30.0
170863082,30.0
170863084,30.0
170863085,30.0
170863086,30.0
170863088,30.0
170863089,30.0
170863092,30.0
170863093,30.0
170863096,30.0
170863097,30.0
170863100,30.0
170863103,30.0
170863104,30.0
170863106,30.0
170863108,30.0
170863109,30.0
170863110,30.0
170863112,30.0
170863113,30.0
170863114,30.0
170863115,30.0
170863117,30.0
170924673,20.0
170924674,20.0
170924675,20.0
170924677,20.0
170924682,30.0
170924683,30.0
170924684,30.0
170924685,30.0
170924686,30.0
170924687,30.0
170924688,30.0
170924690,20.0
170924697,20.0
171043644,20.0
171043645,20.0
171506040,30.0
171506041,30.0
171506042,30.0
171506043,30.0
171506044,30.0
171506045,30.0
171506046,30.0
171506047,30.0
171506049,30.0
171506050,30.0
171506051,30.0
171506052,30.0
171506053,30.0
171506054,30.0
171506055,30.0
171506056,30.0
171506057,30.0
171506058,30.0
171506059,30.0
171506061,30.0
171506062,30.0
171506063,30.0
171506065,30.0
171506067,30.0
171506069,30.0
171506070,30.0
171506071,30.0
171506072,30.0
171506073,30.0
171506074,30.0
171506075,30.0
171506076,30.0
171506077,30.0
171506078,30.0
171506079,30.0
171506080,30.0
171506081,30.0
171506082,30.0
171506083,30.0
171506084,30.0
171506085,30.0
171506086,30.0
171506088,30.0
171506089,30.0
171506090,30.0
171506091,30.0
171506092,30.0
171506093,30.0
171506094,30.0
171506095,30.0
171506096,30.0
171506097,30.0
171506098,30.0
171506099,30.0
171506100,30.0
171506101,30.0
171506102,30.0
171506103,30.0
171506104,30.0
171506105,30.0
171506106,30.0
171506107,30.0
171506108,30.0
171506109,30.0
171506110,30.0
171506111,30.0
171506112,30.0
171506113,30.0
171506114,30.0
171506115,30.0
171506116,30.0
171506117,30.0
171506118,30.0
171506119,30.0
171506120,30.0
171506121,30.0
171506122,30.0
171506123,30.0
171506124,30.0
171506125,30.0
171506126,30.0
171506127,30.0
171506128,30.0
171506129,30.0
171506130,30.0
171506131,30.0
171506132,30.0
171506133,30.0
171506134,30.0
171506136,30.0
171506137,30.0
171506139,30.0
171506142,30.0
171506143,30.0
171506144,30.0
171506145,30.0
171506146,30.0
171506147,30.0
171506148,30.0
171506149,30.0
171506150,30.0
171506151,40.0
171506152,30.0
171506153,30.0
171506154,30.0
171506155,30.0
171506156,30.0
171506157,40.0
171506158,40.0
171506159,30.0
171506160,30.0
171506161,30.0
171506162,30.0
171506163,30.0
171508753,30.0
171508754,30.0
171508755,30.0
171508756,30.0
171508757,30.0
171508758,30.0
171508759,30.0
171508760,30.0
171508761,30.0
171508762,30.0
171508763,30.0
171508764,30.0
172290524,20.0
173931182,30.0
173931184,30.0
173931187,30.0
175014021,30.0
175014022,30.0
175014024,30.0
175278682,32.0
175278685,20.0
175278687,30.0
175278691,32.0
175427792,30.0
175427793,20.0
175427794,60.0
175610672,30.0
175610673,30.0
176976484,20.0
176976486,20.0
176976488,20.0
177208438,20.0
177208440,24.0
177210064,25.0
177210066,30.0
177210068,30.0
177210069,40.0
177265010,20.0
178152765,20.0
179440469,20.0
180602091,30.0
180602092,30.0
180602093,30.0
180602096,30.0
180602098,30.0
180602102,25.0
180602103,30.0
180602104,25.0
180602105,25.0
180602106,30.0
180602107,40.0
180602108,30.0
180602109,25.0
180602110,30.0
180602114,30.0
180602116,40.0
180602117,40.0
180602119,25.0
180604265,25.0
180604276,25.0
180686379,30.0
180686384,32.0
180686385,24.0
180686386,25.0
180686389,30.0
180686390,20.0
180686392,40.0
180686393,24.0
180686404,40.0
180686410,24.0
180686413,30.0
180686417,24.0
182861116,60.0
182861429,30.0
182896509,30.0
182898590,20.0
182898597,20.0
182898598,20.0
182898605,20.0
182898606,20.0
182898612,20.0
182950605,30.0
182950606,30.0
182950665,30.0
182951330,30.0
182951331,30.0
182951332,30.0
182951333,30.0
182951334,30.0
182951335,30.0
182951336,30.0
182951337,30.0
182951653,30.0
182951654,30.0
182951670,60.0
182993374,20.0
183190836,25.0
183190837,25.0
183190843,45.0
183191093,40.0
183195580,25.0
183196776,20.0
183196777,25.0
183747969,45.0
183747970,45.0
183867798,50.0
183867799,50.0
183867800,60.0
183867801,60.0
183867802,16.0
183867803,50.0
183867804,16.0
183867805,60.0
183867806,60.0
183867807,50.0
183867808,20.0
183867811,16.0
183867813,20.0
184336819,50.0
184873483,20.0
184954415,30.0
184954424,30.0
184954425,30.0
184954429,30.0
184954430,30.0
184954432,30.0
184954433,30.0
184954435,30.0
184954436,30.0
184954438,30.0
184954440,30.0
184954441,30.0
184954445,30.0
184954447,30.0
185131364,24.0
185131367,24.0
185131369,45.0
185259109,20.0
185260278,25.0
185267785,25.0
185268111,45.0
185268770,20.0
185268909,20.0
185405218,10.0
185405220,50.0
185407249,25.0
185407250,25.0
185407253,20.0
185407254,20.0
185408957,30.0
185409191,30.0
185409193,30.0
185409284,30.0
185410320,20.0
185411002,30.0
185411331,16.0
185412398,25.0
185414802,25.0
185421351,20.0
185568248,20.0
185568729,30.0
185568730,25.0
185568804,25.0
185568886,30.0
185568887,30.0
185569019,30.0
185569020,30.0
185569021,30.0
185788712,30.0
185789168,30.0
185790309,30.0
185791123,30.0
185791124,25.0
185791125,25.0
185791126,25.0
185791621,25.0
185791622,32.0
185791623,40.0
185791624,32.0
185791627,32.0
185791822,25.0
185791823,25.0
185792578,25.0
185792579,30.0
185792580,30.0
185792667,25.0
185792668,25.0
185792669,25.0
185792781,30.0
185792959,30.0
185792960,30.0
185792961,30.0
185793392,25.0
185793393,25.0
185793394,30.0
185793395,25.0
185793396,25.0
185793786,30.0
185798651,25.0
185798656,30.0
185798658,30.0
185798659,30.0
185798663,25.0
185798664,30.0
185798665,25.0
185801863,30.0
185801880,30.0
185960485,30.0
185975999,20.0
186517692,30.0
186517693,30.0
186517694,30.0
186517695,30.0
186517696,30.0
186517697,30.0
186517698,30.0
186517699,30.0
186517700,30.0
186517714,30.0
186517715,25.0
186517716,30.0
186517717,30.0
186517718,30.0
186517719,30.0
186517720,30.0
186517721,25.0
186517723,30.0
186517724,30.0
186517725,30.0
186517726,30.0
186517727,30.0
186517728,30.0
186517729,30.0
186517730,30.0
186517731,30.0
186517732,30.0
186517733,30.0
186517734,30.0
186517735,30.0
186517736,30.0
186517737,30.0
186517738,30.0
186517739,30.0
186517740,30.0
186517741,30.0
186517742,30.0
186517743,30.0
186517744,30.0
186517745,30.0
186517746,30.0
186517747,30.0
186517748,30.0
186517749,30.0
186517750,30.0
186517751,30.0
186517752,30.0
186517753,30.0
186517754,30.0
186517755,30.0
186517756,30.0
186517757,30.0
186517758,30.0
186517759,30.0
186517760,30.0
186517761,30.0
186517762,30.0
186517763,30.0
186517764,30.0
186517765,30.0
186517766,30.0
186517767,30.0
186517768,30.0
186517769,30.0
186517770,30.0
186517771,30.0
186517772,30.0
186517773,30.0
186517774,30.0
186517775,30.0
186517776,30.0
186517777,30.0
186517778,40.0
186517779,30.0
186517780,30.0
186517781,30.0
186517782,30.0
186517783,30.0
186517784,30.0
186517785,30.0
186517786,30.0
186517787,40.0
186517788,30.0
186517789,30.0
186517790,30.0
186517791,30.0
186517792,30.0
186517793,30.0
186517794,30.0
186517795,30.0
186517796,30.0
186517797,30.0
186517798,30.0
186517799,30.0
186517800,30.0
186517801,30.0
186517802,30.0
186517803,30.0
186517804,30.0
186517805,30.0
186517806,30.0
186517807,30.0
186517808,30.0
186517809,30.0
186517810,30.0
186517811,30.0
186517812,30.0
186517813,30.0
186517814,30.0
186517815,30.0
186517816,30.0
186517817,30.0
186517818,30.0
186517819,30.0
186517820,30.0
186517821,30.0
186517822,30.0
186517823,30.0
186517824,30.0
186517825,40.0
186517826,40.0
186517827,30.0
186517828,30.0
186517829,30.0
186517830,30.0
186517831,30.0
186517832,30.0
186517833,30.0
186517834,30.0
186517835,30.0
186517836,30.0
186517837,30.0
186517838,30.0
186517839,30.0
186517840,30.0
186517841,30.0
186517842,30.0
186517843,30.0
186517844,30.0
186517845,30.0
186517846,30.0
186517847,30.0
186517848,30.0
186517849,30.0
186517850,30.0
186517851,30.0
186517852,20.0
186517853,30.0
186517854,30.0
186517855,30.0
186517856,30.0
186517857,30.0
186517862,40.0
186517864,30.0
186517865,30.0
186517866,30.0
186517868,30.0
186517870,30.0
186517875,30.0
186517876,30.0
186517877,30.0
186517878,30.0
186517879,40.0
186517880,30.0
186517886,30.0
186517887,30.0
186549226,40.0
187018636,24.0
187019107,30.0
187019108,30.0
187019109,30.0
187019110,30.0
187019111,30.0
187365657,30.0
187365662,30.0
187365665,30.0
187365668,30.0
187365669,30.0
187365673,30.0
187365674,30.0
187370861,20.0
187370871,40.0
187370875,20.0
187370883,30.0
187371824,30.0
187371827,30.0
187371828,30.0
187371829,25.0
187371830,25.0
187371831,30.0
187371834,30.0
187371835,30.0
187371837,30.0
187371839,30.0
187371840,25.0
187371842,30.0
187371896,25.0
187642351,32.0
187643261,30.0
187643266,30.0
187643268,30.0
187757690,25.0
187757691,30.0
187758163,30.0
187758165,30.0
187758167,30.0
187758169,25.0
187758171,25.0
187758173,25.0
187758175,25.0
187758177,30.0
187758178,30.0
187870955,40.0
187870957,32.0
187870962,40.0
187923491,30.0
187923495,30.0
187923496,30.0
187923497,25.0
187923498,30.0
187923499,25.0
187923502,25.0
187923504,30.0
187923507,25.0
187923509,25.0
187923511,30.0
187923512,25.0
187923513,25.0
187923514,30.0
187923515,30.0
187923518,25.0
187923519,30.0
187923520,25.0
187923522,25.0
187923523,25.0
187923524,25.0
187923532,30.0
187923534,25.0
187923543,30.0
187923546,30.0
187923547,25.0
187923548,25.0
187923550,25.0
187923552,25.0
187923553,30.0
187923555,30.0
187925456,25.0
187925457,25.0
187925941,30.0
187926733,30.0
187926734,20.0
187926739,30.0
188050185,24.0
188050186,24.0
188238998,30.0
188238999,30.0
188239000,30.0
188239001,25.0
188239002,25.0
188239003,30.0
188239004,25.0
188239005,30.0
188239007,40.0
188239008,30.0
188239009,30.0
188241923,25.0
188241927,40.0
188563298,45.0
188564209,30.0
188564210,30.0
188564211,30.0
188564213,30.0
188565240,30.0
188565241,30.0
188565242,30.0
188565243,30.0
188565244,30.0
188565246,30.0
188565247,30.0
188565248,30.0
188565250,30.0
188565681,30.0
188565718,30.0
188565719,30.0
188565761,30.0
188565762,30.0
188710513,25.0
188711314,25.0
189118436,32.0
189598127,30.0
189599295,40.0
189599296,30.0
189599298,16.0
189599299,30.0
189599300,30.0
189730919,30.0
189730920,30.0
189730921,30.0
189730922,30.0
189730923,30.0
189730925,30.0
189730926,30.0
189730928,30.0
189730929,30.0
189730930,30.0
189730931,30.0
189730932,30.0
189730933,30.0
190379582,24.0
190379583,30.0
190379584,30.0
190379640,20.0
190733695,30.0
190733936,30.0
190733939,30.0
190733940,25.0
190735914,30.0
190735915,30.0
190735917,30.0
190735919,30.0
190735922,30.0
190735926,30.0
190939633,24.0
190939634,30.0
190939635,24.0
190939636,24.0
190940411,20.0
190940413,20.0
193663867,30.0
193663868,30.0
193663870,20.0
193663871,30.0
193663872,30.0
193668958,20.0
193668959,20.0
193668960,20.0
193668961,20.0
193668963,20.0
193680371,20.0
193680372,20.0
193914264,30.0
193914265,30.0
193914266,30.0
193914267,30.0
193914268,30.0
193914269,30.0
193914270,30.0
193914271,30.0
193914272,30.0
193914273,30.0
193914274,30.0
193914275,30.0
193914276,30.0
194244335,30.0
194244723,30.0
194286916,25.0
194286917,30.0
194286918,30.0
194286919,30.0
194286920,30.0
194286921,30.0
194286922,30.0
194286923,30.0
194436314,30.0
194436317,30.0
194436318,30.0
194436319,30.0
194436320,30.0
194436321,30.0
194436322,30.0
194467764,30.0
194467766,30.0
194467767,30.0
194467768,30.0
194467769,30.0
194467770,30.0
194467772,30.0
194467773,30.0
194467775,30.0
194467776,30.0
194467777,30.0
194467778,30.0
194467779,30.0
194467780,30.0
194467781,30.0
194467782,30.0
194467783,30.0
194467785,30.0
194467786,30.0
194467787,30.0
194467788,30.0
194467789,30.0
194467790,30.0
194467791,30.0
194467792,30.0
194467793,30.0
194467795,30.0
194467796,30.0
194467797,30.0
194467799,30.0
194467800,30.0
194467802,30.0
194467804,30.0
194467805,30.0
194467807,30.0
194467808,30.0
194467809,30.0
194467810,30.0
194467811,30.0
194467812,30.0
194467813,30.0
194467814,30.0
194467815,30.0
194467816,30.0
194588774,30.0
194588775,30.0
194588776,30.0
194588777,30.0
194588778,30.0
194588783,30.0
194588784,30.0
194588787,30.0
194588789,30.0
194588791,30.0
194588793,30.0
194588794,30.0
194608187,30.0
194608188,30.0
194608191,20.0
194608192,20.0
194608194,50.0
194756745,20.0
194756746,20.0
194756747,20.0
194756748,20.0
194756749,20.0
194756752,20.0
194756754,20.0
194756755,20.0
194772327,30.0
194772328,30.0
194774064,30.0
194774065,30.0
194774066,20.0
194774067,30.0
194774068,30.0
194774069,30.0
194774070,30.0
194774071,30.0
194774073,30.0
194774074,30.0
194774075,30.0
194774076,30.0
194774077,30.0
194900752,30.0
194900753,30.0
194900754,25.0
194900755,30.0
194900756,30.0
194900757,30.0
194900758,30.0
194900759,30.0
194900760,30.0
194900761,30.0
194900762,30.0
194900764,30.0
194900766,30.0
194900768,30.0
194900769,30.0
194900770,30.0
194900771,30.0
194900772,30.0
194900773,30.0
194900774,30.0
194900775,30.0
194900776,20.0
194900778,30.0
194900779,30.0
194900780,30.0
194900781,30.0
194900782,30.0
194900783,30.0
194900784,30.0
194900785,30.0
194900786,30.0
194900787,30.0
194900788,30.0
194900789,30.0
194900790,30.0
194900791,30.0
194900792,30.0
194900793,30.0
194900794,30.0
194900795,30.0
194900796,30.0
194900797,30.0
194919701,30.0
194919702,30.0
194919703,30.0
194919704,30.0
194919705,30.0
194919706,30.0
194919707,30.0
194919708,30.0
194919709,30.0
194919710,30.0
194919711,30.0
194919712,30.0
194919713,30.0
194919714,30.0
194940021,30.0
194940023,30.0
194940025,30.0
194940026,30.0
194940027,30.0
194940028,30.0
194940029,30.0
194940030,20.0
194940032,20.0
194940033,30.0
194940035,30.0
194940037,30.0
194940038,30.0
194940039,30.0
194940040,30.0
194940041,30.0
194940042,30.0
194940043,30.0
194940044,30.0
194940045,30.0
194948523,30.0
194948526,30.0
195108521,30.0
195288757,24.0
195578197,20.0
195578198,30.0
195578199,20.0
195578200,20.0
195578201,20.0
195578202,30.0
195578203,20.0
195578204,20.0
195578205,30.0
195589147,30.0
195709031,30.0
195709032,30.0
195709033,30.0
195709034,30.0
195709035,30.0
195709036,30.0
195709037,30.0
195709038,30.0
195709039,30.0
195788364,24.0
195855412,30.0
195855413,30.0
195855414,30.0
195855416,30.0
195855417,30.0
195855419,30.0
195855420,30.0
195855421,30.0
195855423,30.0
195855424,30.0
195855425,30.0
195855426,30.0
195860515,50.0
195860516,50.0
195860517,50.0
195860518,50.0
195860520,30.0
195860521,50.0
195860524,50.0
195860525,30.0
195860526,50.0
195860527,50.0
195860528,30.0
195860529,30.0
195860530,30.0
195860531,30.0
195860532,30.0
195860533,20.0
195860534,30.0
195861333,30.0
195861334,30.0
195861335,30.0
195914235,30.0
195914236,20.0
195914237,40.0
195914238,25.0
195914239,30.0
195914242,30.0
195914243,50.0
195918883,30.0
195918884,30.0
195918885,30.0
195918886,30.0
195918887,30.0
195918888,30.0
195918889,30.0
195918890,30.0
195918891,30.0
195918892,30.0
195921782,30.0
195921783,30.0
195921784,30.0
195921785,30.0
195921786,30.0
195921787,30.0
195921788,30.0
195921789,30.0
195921790,30.0
195921791,30.0
195921792,30.0
195921794,30.0
195921795,30.0
195921796,30.0
195921798,30.0
195921801,30.0
195921803,30.0
196083678,30.0
196083679,30.0
196083680,30.0
196083682,30.0
196083683,30.0
196083684,30.0
196083686,30.0
196083687,30.0
196083688,30.0
196083689,30.0
196083690,30.0
196083691,20.0
196083692,30.0
196083693,30.0
196083694,30.0
196083695,30.0
196083696,30.0
196083697,30.0
196083698,30.0
196083699,30.0
196083700,30.0
196083701,30.0
196096803,30.0
196262831,30.0
196262832,30.0
196262833,30.0
196276969,30.0
196696148,30.0
196841352,30.0
196841353,30.0
196841354,30.0
196841355,30.0
196841356,30.0
196841357,30.0
196841358,30.0
196841359,30.0
196841360,30.0
196841361,30.0
196841362,30.0
196841363,30.0
196841364,30.0
196841365,30.0
196841366,30.0
196841367,30.0
196841368,30.0
196841369,30.0
196841370,30.0
196842387,30.0
196842388,30.0
196842389,30.0
196842390,30.0
196842392,30.0
196842393,30.0
196873320,30.0
196873322,20.0
196873324,20.0
196873326,20.0
196873327,20.0
196905283,30.0
196905284,30.0
196905285,25.0
196905286,20.0
196905287,40.0
196905288,30.0
196905289,20.0
196905291,30.0
196905292,30.0
196905293,40.0
196905294,30.0
196905295,30.0
196905297,30.0
196918002,20.0
196918007,40.0
196919085,20.0
196919088,20.0
196919089,20.0
196960852,30.0
196970969,30.0
196970970,30.0
196970971,30.0
196970972,30.0
196970973,30.0
196970974,30.0
196970975,30.0
196970976,30.0
196970977,30.0
196970978,30.0
196970979,30.0
196970980,30.0
196970981,30.0
197003717,30.0
197003719,30.0
197003722,30.0
197003724,30.0
197003728,30.0
197003730,30.0
197128730,30.0
197128731,30.0
197128732,30.0
197128733,30.0
197128734,30.0
197128735,30.0
197128736,30.0
197128737,30.0
197128738,30.0
197128739,30.0
197128740,30.0
197128741,30.0
197128742,30.0
197128743,30.0
197128744,30.0
197128745,30.0
197128747,30.0
197128748,30.0
197128749,30.0
197128750,30.0
197128751,30.0
197128752,30.0
197128753,30.0
197128754,30.0
197128755,20.0
197128756,30.0
197128757,30.0
197128758,30.0
197128759,30.0
197128760,30.0
197128761,30.0
197128762,30.0
197128763,30.0
197128764,30.0
197133732,30.0
197133733,30.0
197137983,30.0
197137984,30.0
197137985,30.0
197137986,30.0
197137987,30.0
197137988,30.0
197137989,30.0
197137990,30.0
197137991,30.0
197137992,30.0
197137994,30.0
197137995,30.0
197137996,30.0
197137997,30.0
197137998,30.0
197137999,30.0
197138000,30.0
197138001,30.0
197138002,30.0
197138003,30.0
197138004,30.0
197138005,30.0
197138006,30.0
197138007,30.0
197138008,30.0
197138009,30.0
197176147,30.0
197176148,30.0
197176149,30.0
197176150,30.0
197176151,30.0
197176152,30.0
197176153,30.0
197176154,30.0
197176155,30.0
197176156,30.0
197236105,40.0
197332737,30.0
197334533,20.0
197349654,30.0
197349656,30.0
197349660,30.0
197349663,30.0
197349666,30.0
197371211,30.0
197371212,30.0
197371213,30.0
197371214,30.0
197371215,30.0
197371216,20.0
197371217,30.0
197371218,30.0
197371219,30.0
197371220,30.0
197371221,30.0
197371222,30.0
197371223,30.0
197371224,20.0
197497867,30.0
197497868,30.0
197527525,50.0
197527526,50.0
197527527,40.0
197527528,50.0
197530035,30.0
197530036,30.0
197530037,30.0
197530038,30.0
197530039,30.0
197530040,10.0
197530041,30.0
197530042,30.0
197530043,30.0
197530044,30.0
197530045,30.0
197530046,30.0
197530047,20.0
197530048,30.0
197530049,30.0
197530050,30.0
197530051,30.0
197530052,30.0
197530053,30.0
197530054,30.0
197530055,20.0
197530056,30.0
197530057,30.0
197530058,30.0
197530059,30.0
197530060,30.0
197530061,30.0
197530062,30.0
197530063,30.0
197530064,30.0
197530065,30.0
197530066,30.0
197530067,30.0
197530068,30.0
197551416,30.0
197551419,50.0
197551442,30.0
197551443,30.0
197551445,50.0
197551448,40.0
197551451,30.0
197551453,30.0
197551456,30.0
197551459,60.0
197551461,30.0
197551465,20.0
197551467,50.0
197551469,50.0
197551470,60.0
197673559,80.0
197673560,80.0
197673561,80.0
197673562,80.0
197673563,30.0
197673564,30.0
197708988,30.0
197708989,30.0
197708990,24.0
197708991,30.0
197708992,24.0
197708993,30.0
197708995,45.0
197708996,30.0
197708997,30.0
197708999,24.0
197709000,24.0
197709004,24.0
197709545,30.0
197709546,30.0
197709547,30.0
197709548,30.0
197709549,30.0
197709551,25.0
197709552,30.0
197709553,30.0
197709554,30.0
197709555,25.0
197709556,30.0
197709557,30.0
197709558,30.0
197709559,30.0
197709560,30.0
197709563,30.0
197709565,25.0
197709566,30.0
197709567,30.0
197709568,30.0
197709569,25.0
197709570,30.0
197709571,30.0
197709572,30.0
197709573,25.0
197709574,30.0
197709576,30.0
197709577,30.0
197709578,25.0
197713071,30.0
197713072,25.0
197713076,30.0
197713077,40.0
197713081,30.0
197713082,30.0
197713083,30.0
197713084,30.0
197713085,30.0
197713086,30.0
197713087,25.0
197713088,30.0
197713090,30.0
197713091,30.0
197713092,40.0
197713101,40.0
197713107,30.0
197713108,30.0
197713112,30.0
197713113,25.0
197713114,30.0
197713115,30.0
197713116,30.0
197713117,30.0
197713118,30.0
197713119,30.0
197713120,30.0
197794651,30.0
197794652,30.0
197794653,40.0
197794654,30.0
197794658,30.0
197794659,30.0
197794660,30.0
197794663,30.0
197794664,30.0
197794665,30.0
197794666,30.0
197794670,30.0
197794671,30.0
197794672,30.0
197794677,30.0
197794678,40.0
197806458,30.0
197806470,40.0
197830727,25.0
197830728,25.0
197853896,25.0
197853901,30.0
197853935,30.0
197853941,25.0
197853943,25.0
197853948,30.0
197853957,30.0
197853958,25.0
197853959,25.0
197853963,20.0
197897526,30.0
197897538,30.0
197897554,30.0
197897556,30.0
197897559,30.0
197897576,30.0
197898407,25.0
197898417,25.0
197898424,25.0
197898428,25.0
197898651,30.0
197898653,30.0
197902395,30.0
197902396,30.0
197902403,30.0
197902405,30.0
197902907,30.0
197902908,30.0
197902909,30.0
197902910,30.0
197902911,30.0
197902912,30.0
197902913,30.0
197902914,30.0
197902916,30.0
197902918,30.0
197902919,30.0
197902920,30.0
197902922,30.0
197902923,30.0
197902925,30.0
197902926,25.0
197902927,30.0
197902928,30.0
197902929,30.0
197903874,25.0
197903876,30.0
197903878,20.0
197903881,30.0
197903882,25.0
197903883,20.0
197903884,30.0
197903885,25.0
197903886,30.0
197903887,30.0
197904194,25.0
197904195,25.0
197904201,25.0
197904203,25.0
197904205,25.0
197904207,25.0
197904208,20.0
197904209,25.0
198112220,20.0
198112222,20.0
198112224,30.0
198112226,30.0
198112227,30.0
198112228,30.0
198112234,30.0
198112236,30.0
198112238,30.0
198112239,30.0
198112240,30.0
198112243,30.0
198112244,30.0
198112245,30.0
198112249,30.0
198112251,30.0
198112252,30.0
198112254,30.0
198112257,30.0
198112259,30.0
198112260,30.0
198112262,30.0
198112263,30.0
198112264,30.0
198112267,30.0
198112270,30.0
198112272,30.0
198112273,30.0
198112274,30.0
198112275,30.0
198112276,30.0
198112277,30.0
198112278,20.0
198112279,30.0
198112280,30.0
198112281,30.0
198112282,25.0
198112283,30.0
198112284,30.0
198112285,30.0
198112286,30.0
198112287,30.0
198112288,30.0
198112289,30.0
198112290,30.0
198112291,30.0
198112292,30.0
198112294,30.0
198112295,30.0
198112298,30.0
198112299,30.0
198112300,30.0
198112301,30.0
198112302,30.0
198112303,30.0
198112304,30.0
198112305,30.0
198112306,20.0
198112307,30.0
198112309,30.0
198112310,30.0
198112311,30.0
198112312,30.0
198112314,30.0
198112315,30.0
198112316,30.0
198112317,30.0
198112318,30.0
198120509,30.0
198120510,30.0
198120511,30.0
198120512,30.0
198120513,30.0
198120514,30.0
198120515,30.0
198120516,30.0
198120517,30.0
198120518,30.0
198120519,30.0
198120520,30.0
198120522,30.0
198120523,30.0
198120524,30.0
198120525,30.0
198120526,30.0
198120527,30.0
198120528,30.0
198120529,30.0
198120530,30.0
198120531,30.0
198120532,30.0
198120533,30.0
198120534,30.0
198120535,30.0
198120536,30.0
198120537,30.0
198120538,30.0
198120539,30.0
198120540,30.0
198120541,30.0
198120542,30.0
198120543,30.0
198120544,30.0
198120545,30.0
198120546,30.0
198120547,30.0
198120548,30.0
198120549,30.0
198120550,30.0
198120551,30.0
198162854,25.0
198162857,25.0
198162859,25.0
198162860,25.0
198162875,25.0
198162882,30.0
198258473,30.0
198258474,30.0
198258475,30.0
198258476,30.0
198258477,30.0
198258478,30.0
198258479,30.0
198258480,30.0
198258481,30.0
198258482,30.0
198258483,30.0
198258484,30.0
198258485,30.0
198258486,30.0
198258487,30.0
198258488,30.0
198258489,30.0
198258490,30.0
198258491,30.0
198258492,30.0
198258493,30.0
198258494,30.0
198258495,30.0
198258496,30.0
198258498,30.0
198258499,30.0
198258500,30.0
198258501,30.0
198258502,30.0
198258503,30.0
198258504,30.0
198258505,30.0
198258506,30.0
198258507,30.0
198258508,30.0
198258509,30.0
198258510,30.0
198258511,30.0
198258512,30.0
198258513,30.0
198258514,30.0
198258515,30.0
198258516,30.0
198258517,30.0
198258518,30.0
198258519,30.0
198258520,30.0
198258521,30.0
198258522,30.0
198258523,30.0
198258524,30.0
198258525,30.0
198258526,30.0
198258527,30.0
198258528,30.0
198258529,30.0
198258530,30.0
198258531,30.0
198258532,30.0
198258533,30.0
198258534,30.0
198258535,30.0
198258536,30.0
198258537,30.0
198258538,30.0
198258539,30.0
198258540,30.0
198258541,30.0
198258542,30.0
198258543,30.0
198258544,30.0
198258545,30.0
198258546,30.0
198258548,30.0
198258549,30.0
198258550,30.0
198258551,30.0
198258552,30.0
198258739,30.0
198258740,30.0
198258741,30.0
198258742,30.0
198258743,30.0
198258745,30.0
198258746,30.0
198258747,30.0
198258748,30.0
198258749,30.0
198258750,30.0
198258751,30.0
198258752,30.0
198258753,30.0
198258754,30.0
198258755,30.0
198258756,30.0
198258757,30.0
198258758,30.0
198258759,30.0
198278700,25.0
198278701,25.0
198278703,25.0
198278706,25.0
198278709,25.0
198309314,30.0
198309315,30.0
198309316,30.0
198309317,30.0
198309318,30.0
198309319,30.0
198309320,30.0
198309321,50.0
198309323,50.0
198309325,32.0
198309326,50.0
198309327,30.0
198309328,30.0
198309330,30.0
198309331,30.0
198309332,30.0
198309333,50.0
198309334,32.0
198309335,30.0
198309336,30.0
198597583,30.0
198597584,30.0
198597585,30.0
198597586,30.0
198597587,30.0
198610682,30.0
198610683,30.0
198610684,25.0
198610685,30.0
198610686,30.0
198610687,30.0
198610688,30.0
198610689,30.0
198610691,30.0
198610692,30.0
198610694,30.0
198610696,30.0
198610697,30.0
198610699,30.0
198610700,30.0
198610701,30.0
198610704,30.0
198610705,30.0
198610706,30.0
198610708,30.0
198610709,30.0
198610710,30.0
198610711,30.0
198610712,30.0
198610713,30.0
198610715,30.0
198610716,30.0
198610717,30.0
198610718,30.0
198610719,30.0
198610720,30.0
198610721,30.0
198610722,30.0
198610723,30.0
198610724,30.0
198610725,30.0
198610726,30.0
198998229,20.0
198998230,20.0
198998231,20.0
198998232,20.0
198998233,20.0
198998234,20.0
198998235,20.0
198998236,20.0
198998237,20.0
198998238,20.0
198998239,20.0
198998240,20.0
198998241,20.0
199004913,30.0
199004914,30.0
199004915,30.0
199004916,30.0
199004917,20.0
199004918,30.0
199004919,30.0
199004920,30.0
199004921,30.0
199004922,30.0
199004923,30.0
199004924,30.0
199004925,30.0
199004963,20.0
199007794,30.0
199007795,30.0
199007796,40.0
199007797,30.0
199007798,30.0
199007799,40.0
199007800,30.0
199007801,30.0
199007802,30.0
199007803,25.0
199007805,30.0
199007807,30.0
199007808,30.0
199007809,30.0
199007810,25.0
199007811,30.0
199007812,40.0
199007813,30.0
199007814,25.0
199007815,30.0
199007816,30.0
199007817,30.0
199007818,30.0
199007819,30.0
199007820,30.0
199007821,30.0
199007822,30.0
199007823,30.0
199007824,30.0
199007825,30.0
199007826,30.0
199007827,30.0
199007828,30.0
199007829,30.0
199007830,25.0
199007831,30.0
199007832,30.0
199007833,30.0
199007834,40.0
199007835,30.0
199007836,30.0
199007837,30.0
199007838,30.0
199007839,30.0
199007840,30.0
199007841,30.0
199007843,30.0
199007844,30.0
199007845,30.0
199007846,30.0
199007847,30.0
199007848,30.0
199007849,30.0
199007850,40.0
199007851,30.0
199007852,30.0
199007853,30.0
199007854,30.0
199007855,30.0
199007856,30.0
199007857,40.0
199007858,30.0
199007859,30.0
199007860,30.0
199007861,30.0
199007862,30.0
199007863,30.0
199007864,30.0
199007865,25.0
199007866,30.0
199007867,30.0
199007868,30.0
199007869,30.0
199007870,30.0
199007871,30.0
199007872,30.0
199007873,30.0
199007874,30.0
199007875,30.0
199007876,30.0
199007877,30.0
199007878,30.0
199007879,30.0
199007880,30.0
199007881,30.0
199007882,30.0
199007883,30.0
199007884,30.0
199007885,30.0
199022406,30.0
199022407,30.0
199022408,30.0
199022409,30.0
199022410,30.0
199022411,30.0
199022412,30.0
199022413,30.0
199022414,30.0
199022415,30.0
199022416,30.0
199022417,30.0
199022418,30.0
199022419,30.0
199022420,30.0
199022421,30.0
199022422,30.0
199022423,30.0
199022424,30.0
199022425,30.0
199022426,30.0
199022427,30.0
199022428,30.0
199022429,30.0
199022430,30.0
199022431,30.0
199022432,25.0
199177168,30.0
199177170,30.0
199177171,30.0
199177173,30.0
199177174,30.0
199177176,25.0
199177177,30.0
199301949,30.0
199301951,30.0
199301952,30.0
199301953,30.0
199301955,30.0
199301956,30.0
199301960,30.0
199301962,30.0
199301963,30.0
199301965,30.0
199301968,30.0
199301969,30.0
199301970,30.0
199301971,30.0
199301972,30.0
199301973,30.0
199301974,30.0
199301975,30.0
199301976,30.0
199301977,30.0
199301978,30.0
199301979,30.0
199301980,30.0
199301981,30.0
199301982,30.0
199301983,30.0
199301985,30.0
199301986,30.0
199301987,30.0
199301988,30.0
199301989,30.0
199301990,30.0
199301991,30.0
199301992,30.0
199301993,30.0
199301994,30.0
199301995,30.0
199301996,30.0
199301997,30.0
199301998,30.0
199301999,30.0
199302000,30.0
199302001,30.0
199302002,30.0
199302004,30.0
199302005,30.0
199302006,30.0
199302009,30.0
199302010,30.0
199302011,30.0
199302012,30.0
199302013,30.0
199303198,30.0
199303199,30.0
199303200,30.0
199500369,30.0
199586151,30.0
199586152,30.0
199586153,30.0
199586154,30.0
199586155,30.0
199586156,30.0
199586157,30.0
199586158,30.0
199586159,30.0
199586160,30.0
199586161,30.0
199586162,30.0
199586163,30.0
199586164,30.0
199586165,30.0
199586166,30.0
199638435,30.0
199638436,30.0
199638437,30.0
199638438,30.0
199638439,30.0
199638440,30.0
199638441,30.0
199638443,30.0
199638444,30.0
199638445,30.0
199638446,30.0
199638447,30.0
199638448,30.0
199638449,30.0
199638451,30.0
199638452,30.0
199638453,30.0
199638454,30.0
199638455,30.0
199638456,30.0
199638457,30.0
199638458,30.0
199638459,30.0
199638460,30.0
199638461,30.0
199638462,30.0
199638463,30.0
199638464,30.0
199638465,30.0
199638466,30.0
199638467,30.0
199638468,30.0
199638469,30.0
199638470,30.0
199638471,30.0
199638472,30.0
199638473,30.0
199638474,30.0
199638475,30.0
199638476,30.0
199638477,30.0
199638478,30.0
199638479,30.0
199638480,30.0
199638481,30.0
199638482,30.0
199638483,30.0
199638484,30.0
199638485,30.0
199638486,30.0
199638487,30.0
199638488,30.0
199642228,30.0
199642229,30.0
199642230,30.0
199642231,30.0
199642232,30.0
199642233,30.0
199642234,30.0
199642235,30.0
199642236,30.0
199642237,30.0
199642238,30.0
199642239,30.0
199642240,30.0
199642241,30.0
199642243,30.0
199642244,30.0
199642245,30.0
199642246,30.0
199642247,30.0
199642248,30.0
199642249,30.0
199642250,30.0
199642252,30.0
199642253,30.0
199642254,30.0
199642255,30.0
199642256,30.0
199642257,30.0
199642258,30.0
199642260,30.0
199642261,30.0
199642262,30.0
199642263,30.0
199642264,30.0
199642265,30.0
199648140,30.0
199648142,30.0
199648144,30.0
199653554,30.0
199653555,30.0
199653556,30.0
199653558,50.0
199653559,30.0
199653560,30.0
199653561,30.0
199653562,30.0
199653563,30.0
199653564,30.0
199653565,30.0
199653566,30.0
199657444,30.0
199657445,30.0
199657446,30.0
199657447,30.0
199657448,30.0
199657449,30.0
199657450,30.0
199657451,30.0
199657453,30.0
199657454,30.0
199657455,30.0
199657456,30.0
199657457,30.0
199657458,30.0
199677811,30.0
199822205,30.0
199822206,24.0
200248403,30.0
200248404,30.0
200248405,30.0
200248406,30.0
200248407,30.0
200248408,25.0
200248409,30.0
200248411,30.0
200248412,30.0
200248413,30.0
200248414,30.0
200248415,30.0
200248416,30.0
200248417,30.0
200248418,30.0
200248419,30.0
200248420,30.0
200248421,30.0
200248422,30.0
200248423,30.0
200248424,30.0
200248425,30.0
200248426,30.0
200248427,30.0
200248428,30.0
200248429,30.0
200248430,30.0
200248431,30.0
200248432,30.0
200248433,30.0
200248434,30.0
200248435,30.0
200248436,30.0
200248437,30.0
200248438,30.0
200248439,30.0
200248440,30.0
200248441,30.0
200248442,30.0
200248443,30.0
200248444,30.0
200248445,30.0
200248446,30.0
200248447,30.0
200248448,30.0
200248449,30.0
200248450,30.0
200248451,30.0
200248452,30.0
200248453,30.0
200248454,30.0
200248455,30.0
200248456,30.0
200248458,30.0
200248459,30.0
200248460,30.0
200248461,30.0
200248462,30.0
200248463,30.0
200248464,25.0
200253946,30.0
200253947,30.0
200253948,30.0
200253949,30.0
200253950,30.0
200253951,30.0
200253952,30.0
200253953,30.0
200253954,30.0
200253956,30.0
200253957,30.0
200253958,30.0
200253959,30.0
200253960,30.0
200253962,30.0
200253963,30.0
200253964,30.0
200253965,30.0
200253968,30.0
200253971,25.0
200253973,30.0
200253975,30.0
200295383,30.0
200295384,30.0
200295385,30.0
200295386,30.0
200295387,30.0
200295388,30.0
200295389,30.0
200295724,30.0
200295726,30.0
200295727,30.0
200295728,30.0
200295729,30.0
200295730,30.0
200295731,30.0
200295732,30.0
200295733,30.0
200295734,30.0
200295735,30.0
200295736,30.0
200295737,30.0
200295738,30.0
200295739,30.0
200295740,30.0
200295741,30.0
200295742,30.0
200295743,30.0
200295744,30.0
200295745,30.0
200295746,30.0
200295747,30.0
200295748,30.0
200295749,30.0
200295750,30.0
200295751,30.0
200295752,30.0
200295753,30.0
200295754,30.0
200295755,30.0
200295756,30.0
200295758,30.0
200295759,30.0
200295760,30.0
200295761,30.0
200295762,30.0
200394212,30.0
200394213,30.0
200394214,30.0
200394215,30.0
200394216,30.0
200394219,30.0
200394220,30.0
200394221,30.0
200394222,30.0
200394223,30.0
200396280,25.0
200396283,30.0
200396285,30.0
200396286,30.0
200396287,30.0
200396289,30.0
200396291,30.0
200396292,30.0
200396758,25.0
200396759,30.0
200396761,30.0
200396767,30.0
200397678,30.0
200397679,30.0
200397680,30.0
200397682,30.0
200397683,30.0
200397684,30.0
200401060,30.0
200403648,30.0
200403651,30.0
200403652,30.0
200403654,30.0
200403655,30.0
200403656,30.0
200403657,30.0
200403658,20.0
200403660,30.0
200403661,16.0
200403662,30.0
200403665,30.0
200403666,30.0
200403667,30.0
200418775,40.0
200418776,40.0
200421003,50.0
200421004,30.0
200421005,30.0
200421006,30.0
200421007,50.0
200421008,30.0
200421009,30.0
200421010,30.0
200421013,20.0
200421014,30.0
200421015,50.0
200421016,50.0
200421017,50.0
200421018,30.0
200421019,30.0
200421020,30.0
200421021,30.0
200421023,30.0
200421024,30.0
200421025,30.0
200421026,30.0
200421027,30.0
200421028,30.0
200421029,30.0
200421031,25.0
200421032,30.0
200421033,30.0
200421034,30.0
200421036,30.0
200421037,30.0
200421038,30.0
200421039,30.0
200421040,30.0
200421041,30.0
200421042,30.0
200422095,30.0
200429848,30.0
200429853,30.0
200429855,30.0
200429857,30.0
200429859,30.0
200432899,30.0
200432900,30.0
200436045,50.0
200436046,50.0
200439031,30.0
200439032,30.0
200439033,30.0
200439034,30.0
200439035,30.0
200439036,30.0
200439037,30.0
200439038,30.0
200439039,30.0
200439040,30.0
200439041,30.0
200439043,30.0
200439044,30.0
200439045,30.0
200439046,30.0
200439047,30.0
200439048,30.0
200439049,30.0
200439050,30.0
200439051,30.0
200439052,30.0
200439053,30.0
200439054,30.0
200439055,30.0
200445070,45.0
200445071,45.0
200445102,45.0
200445106,30.0
200445109,30.0
200445113,30.0
200445116,30.0
200445118,45.0
200445120,30.0
200445125,30.0
200445127,30.0
200445135,30.0
200445136,25.0
200445139,45.0
200445141,30.0
200445143,30.0
200445144,45.0
200445145,30.0
200445146,30.0
200445147,30.0
200445149,30.0
200445150,30.0
200445152,30.0
200445153,30.0
200453362,24.0
200453363,16.0
200560166,30.0
200560169,30.0
200560171,40.0
200560172,50.0
200560177,45.0
200560178,30.0
200560180,50.0
200562588,30.0
200562591,20.0
200567828,45.0
200567855,30.0
200567856,50.0
200567858,50.0
200567859,50.0
200567861,50.0
200567862,25.0
200567863,30.0
200567865,45.0
200567866,50.0
200567867,50.0
200567868,50.0
200567869,50.0
200568372,50.0
200568373,50.0
200591484,50.0
200591485,50.0
200591487,50.0
200591488,50.0
200591489,50.0
200591490,50.0
200591528,20.0
200591529,25.0
200591530,30.0
200591531,30.0
200591533,50.0
200591535,25.0
200591536,30.0
200591537,30.0
200591539,20.0
200591540,25.0
200605626,50.0
200605628,45.0
200605635,30.0
200605637,50.0
200605669,45.0
200605670,30.0
200605671,30.0
200605672,30.0
200605674,30.0
200605675,30.0
200605676,30.0
200605679,45.0
200605681,30.0
200605682,30.0
200605683,45.0
200605685,30.0
200605686,30.0
200605687,25.0
200605689,30.0
200605691,30.0
200605693,30.0
200605694,30.0
200605696,45.0
200605697,30.0
200605699,25.0
200605700,30.0
200605701,45.0
200605703,30.0
200605705,30.0
200605706,30.0
200605707,30.0
200605708,30.0
200605710,30.0
200605713,30.0
200605714,25.0
200605715,30.0
200605716,45.0
200611353,40.0
200611354,30.0
200611355,30.0
200611356,30.0
200620480,30.0
200620481,25.0
200620482,30.0
200620483,25.0
200620484,30.0
200620486,30.0
200620487,30.0
200620488,30.0
200620489,30.0
200620491,30.0
200620492,30.0
200620493,30.0
200620494,30.0
200620495,30.0
200620496,45.0
200620497,30.0
200620499,30.0
200620500,30.0
200629684,30.0
200629685,30.0
200629686,30.0
200629687,30.0
200629688,30.0
200636255,30.0
200657413,45.0
200657477,30.0
200657478,20.0
200657479,45.0
200657480,20.0
200657482,30.0
200657483,30.0
200661634,30.0
200661637,30.0
200666461,30.0
200666462,30.0
200666463,30.0
200666464,30.0
200666466,45.0
200666467,30.0
200666468,30.0
200666469,30.0
200673178,30.0
200810087,50.0
200810090,50.0
200810094,30.0
200810098,30.0
200810101,45.0
201768522,30.0
201768523,20.0
201768524,30.0
202092517,30.0
202092527,30.0
202242487,20.0
202255075,30.0
202255076,30.0
202255077,30.0
202255078,30.0
202255079,30.0
202255080,30.0
202255081,30.0
202255082,30.0
202255083,30.0
202255084,30.0
202255085,30.0
202255086,30.0
202285260,30.0
202285261,30.0
202285262,30.0
202285263,30.0
202285264,30.0
202285265,30.0
202285266,30.0
202285268,30.0
202553223,30.0
202553225,30.0
202553261,30.0
202553262,50.0
202553265,50.0
202553266,30.0
202553267,30.0
202553268,20.0
202553269,30.0
202553270,30.0
202553271,30.0
202553272,30.0
202553273,30.0
202553274,50.0
202553275,50.0
202553276,30.0
202553277,30.0
202553278,30.0
202553279,30.0
202555670,30.0
202806020,30.0
203598926,30.0
203598927,30.0
203598928,30.0
203598929,30.0
203598930,30.0
203598931,30.0
203598932,30.0
203598933,30.0
203598934,30.0
203598935,30.0
203598936,30.0
203598937,30.0
203598938,30.0
203598939,30.0
203598941,30.0
203598946,30.0
203598948,30.0
203598950,30.0
203598952,30.0
203598954,30.0
203598955,30.0
203598956,30.0
203598957,30.0
203598958,30.0
203598959,30.0
203598960,30.0
203598961,30.0
203598962,30.0
203598963,30.0
203598964,30.0
203598965,30.0
203598966,30.0
203598967,30.0
203602614,30.0
204113863,30.0
204113864,30.0
204113865,30.0
204113866,30.0
204113867,30.0
204113868,30.0
204113869,30.0
204113870,30.0
204113874,30.0
204113875,30.0
204113876,30.0
204113877,30.0
204113879,30.0
204113880,30.0
204113881,30.0
204113882,30.0
204113883,30.0
204113884,30.0
204113885,30.0
204113886,30.0
204113887,30.0
204113888,30.0
204113889,30.0
204113890,30.0
204113891,30.0
204113892,30.0
204113893,30.0
204113894,45.0
204113895,30.0
204113896,30.0
204113897,30.0
204113898,30.0
204113899,30.0
204113900,30.0
204113901,30.0
204113902,30.0
204113903,30.0
204113904,30.0
204113905,30.0
204113906,30.0
204113907,30.0
204113908,30.0
204113909,30.0
204113910,30.0
204125160,30.0
204125161,30.0
204125162,30.0
204125164,30.0
204125165,30.0
204125166,24.0
204125167,30.0
204125168,30.0
204125169,24.0
204125170,24.0
204125171,24.0
204125172,30.0
204125173,24.0
204125174,30.0
204125175,30.0
204125176,30.0
204125177,30.0
204125178,30.0
204125179,30.0
204125180,30.0
204125181,30.0
204125182,30.0
204125183,30.0
204125184,30.0
204125185,30.0
204125186,30.0
204125187,30.0
204125188,30.0
204125189,30.0
204125190,30.0
204125191,30.0
204125192,30.0
204125193,30.0
204125194,30.0
204125195,30.0
204125196,30.0
204125197,30.0
204125198,30.0
204125200,30.0
204125201,30.0
204125202,30.0
204131114,30.0
204131116,30.0
204131117,30.0
204131119,30.0
204131121,30.0
204131122,30.0
204131123,30.0
204131124,30.0
204131126,30.0
204131127,30.0
204131131,30.0
204131132,30.0
204131133,30.0
204131135,30.0
204131137,30.0
204131139,30.0
204131141,30.0
204131143,30.0
204131145,30.0
204131148,30.0
204131150,30.0
204131152,30.0
204131153,30.0
204131155,30.0
204137050,30.0
204212371,30.0
204212373,30.0
204212375,30.0
204212377,30.0
204212378,30.0
204212379,30.0
204212382,30.0
204212383,30.0
204212385,30.0
204212386,30.0
204212387,24.0
204212388,30.0
204212390,30.0
204212391,30.0
204212392,24.0
204212394,30.0
204212398,30.0
204212399,30.0
204212401,30.0
204212402,30.0
204212404,30.0
204212408,30.0
204212410,30.0
204212412,30.0
204212413,30.0
204212414,30.0
204212417,30.0
204212422,25.0
204212424,30.0
204212426,30.0
204511119,50.0
204511120,50.0
204511121,40.0
204511122,40.0
204511136,45.0
204511137,30.0
204511139,45.0
204524977,30.0
204524978,30.0
204524979,30.0
204524980,30.0
204524981,30.0
204524982,30.0
204573397,30.0
204573398,30.0
204573400,30.0
204573401,30.0
204573402,30.0
204573403,30.0
204573404,30.0
204573405,30.0
204573406,30.0
204573407,30.0
204573408,30.0
204573409,30.0
204573410,30.0
204771931,30.0
204771932,30.0
204775457,30.0
204775458,30.0
204775459,30.0
204775460,30.0
204775461,30.0
204775462,30.0
204775463,30.0
204775464,30.0
204775465,30.0
204775466,30.0
204775467,30.0
204775468,30.0
204775469,30.0
204775470,30.0
204775471,30.0
204775472,30.0
204775473,30.0
204775474,30.0
204775475,30.0
204775476,30.0
204775477,30.0
204775478,30.0
204775479,30.0
204775480,30.0
204775481,30.0
204775482,30.0
204775483,30.0
204775484,30.0
204775485,30.0
204775486,30.0
204775487,30.0
204775488,30.0
204775489,30.0
204775490,30.0
204775491,30.0
204775492,30.0
204775493,30.0
204775494,30.0
204775495,30.0
204776365,30.0
204776366,30.0
204776367,30.0
204776368,30.0
204776369,30.0
204776370,30.0
204776371,30.0
204776372,30.0
204776373,30.0
204819159,20.0
204819229,20.0
204819230,20.0
204819239,20.0
204822765,50.0
205209846,30.0
205321375,30.0
205321376,30.0
205321377,30.0
205321379,30.0
205321380,30.0
205321381,30.0
205321382,30.0
205321385,30.0
205321386,30.0
205321387,30.0
205321388,30.0
205321390,30.0
205321392,30.0
205321394,30.0
205321396,30.0
205321397,30.0
205321398,30.0
205321400,30.0
205321401,30.0
205321404,30.0
205321405,30.0
205321406,30.0
205321407,30.0
205321408,30.0
205321409,30.0
205321410,30.0
205321411,30.0
205321412,30.0
205321414,30.0
205321415,30.0
205340893,30.0
205340894,30.0
205340895,30.0
205340896,30.0
205340897,30.0
205340898,30.0
205340899,30.0
205340900,30.0
205340901,30.0
205340902,30.0
205340903,30.0
205340904,30.0
205340905,30.0
205340906,30.0
205340907,30.0
205340908,30.0
205340909,30.0
205340910,30.0
205340911,30.0
205340912,30.0
205340913,30.0
205340914,30.0
205340915,30.0
205340916,30.0
205340917,30.0
205340918,30.0
205340919,30.0
205340920,30.0
205340921,30.0
205340922,30.0
205340923,30.0
205353426,30.0
205353427,30.0
205353428,30.0
205353429,30.0
205353430,30.0
205353431,30.0
205353432,30.0
205353433,30.0
205353434,30.0
205353436,30.0
205353439,30.0
205353440,30.0
205353441,30.0
205353442,30.0
205353443,30.0
205353444,30.0
205443990,30.0
205443991,30.0
205443992,30.0
205443993,30.0
205443994,30.0
205443995,30.0
205443996,30.0
205443997,30.0
205443999,30.0
205444000,30.0
205444001,30.0
205444002,30.0
205444003,30.0
205444004,30.0
205444005,30.0
205444006,30.0
205444007,30.0
205444008,30.0
205444009,30.0
205444010,30.0
205444011,30.0
205444012,30.0
205444013,30.0
205444014,30.0
205444015,30.0
205444016,30.0
205444017,30.0
205444018,30.0
205444019,30.0
205444020,30.0
205444021,30.0
205444022,30.0
205444023,30.0
205444024,30.0
205444025,30.0
205444026,30.0
205444028,30.0
205444029,30.0
205444030,30.0
205444031,30.0
205444032,30.0
205444033,30.0
205444034,30.0
205444035,30.0
205444036,30.0
205444037,30.0
205444038,30.0
205490529,25.0
205603037,30.0
205603038,30.0
205603041,30.0
205606344,20.0
205631153,30.0
205631154,30.0
205631155,30.0
205631156,30.0
205631157,30.0
205631158,30.0
205631159,30.0
205742000,30.0
205742001,30.0
205742002,25.0
205742003,25.0
205742004,30.0
205742006,45.0
205742007,45.0
205742008,30.0
205742009,25.0
205742010,45.0
205742011,45.0
205742012,30.0
205742013,30.0
205742014,30.0
205742015,30.0
205742016,30.0
205742017,45.0
205742018,30.0
205742020,45.0
205742021,45.0
205742022,30.0
205742023,30.0
205742024,45.0
205744834,30.0
205744835,30.0
205744836,30.0
205745627,30.0
205766943,50.0
205766946,50.0
205766949,30.0
206071653,25.0
206071654,25.0
206071655,25.0
206074238,30.0
206074242,25.0
206074243,30.0
206074247,40.0
206074254,30.0
206074256,30.0
206074260,25.0
206074268,30.0
206074269,30.0
206074276,30.0
206074277,30.0
206074281,40.0
206074283,30.0
206074285,25.0
206074286,30.0
206074287,20.0
206074288,20.0
206074289,30.0
206074291,30.0
206074292,30.0
206074293,30.0
206076496,30.0
206076497,40.0
206076498,25.0
206076499,40.0
206076500,30.0
206076501,30.0
206076502,30.0
206076503,30.0
206076504,30.0
206076505,30.0
206076506,30.0
206076507,30.0
206076508,30.0
206076509,20.0
206076510,30.0
206076511,30.0
206076512,30.0
206076513,30.0
206076515,30.0
206076516,40.0
206076517,30.0
206076518,30.0
206076519,25.0
206076520,30.0
206076521,30.0
206076522,30.0
206076523,30.0
206104655,50.0
206104681,30.0
206104682,30.0
206104684,30.0
206104686,30.0
206104688,40.0
206104689,30.0
206104691,30.0
206104692,30.0
206104693,30.0
206104694,30.0
206104696,30.0
206104697,30.0
206104698,30.0
206104699,30.0
206104700,30.0
206104701,40.0
206104702,30.0
206104703,30.0
206108427,30.0
206108428,45.0
206108429,45.0
206108430,30.0
206108431,30.0
206108432,30.0
206108434,45.0
206108435,45.0
206108436,50.0
206108438,30.0
206108439,30.0
206108440,50.0
206108441,50.0
206280902,30.0
206280903,30.0
206524338,30.0
206524339,30.0
206524340,30.0
206524341,30.0
206524342,30.0
206524343,30.0
206524344,30.0
206524345,30.0
206524346,30.0
206524347,30.0
206524348,30.0
206524349,30.0
206524350,30.0
206524351,30.0
206629793,30.0
206629794,30.0
206629795,30.0
206629796,30.0
206629797,30.0
206629798,30.0
206629799,30.0
206629800,30.0
206638097,30.0
206638098,30.0
206638099,30.0
206638100,30.0
206638101,30.0
206638102,30.0
206663203,30.0
206663204,30.0
206663205,30.0
206663206,30.0
206663207,30.0
206663208,30.0
206663209,30.0
206663210,30.0
206663211,30.0
206663212,30.0
206663214,30.0
206663215,30.0
206800435,20.0
206800436,30.0
206800437,20.0
206800438,30.0
206812437,30.0
206812439,24.0
206812440,30.0
206812441,30.0
206812442,30.0
206812443,30.0
206812444,30.0
206812446,30.0
206812447,30.0
206812448,30.0
206812449,30.0
206812451,30.0
206812452,30.0
206812453,24.0
206812454,30.0
206812455,30.0
206841730,30.0
206841731,30.0
206841732,30.0
206841733,30.0
206841734,30.0
206841735,30.0
206841736,30.0
206841738,30.0
206841739,30.0
206841740,30.0
206841741,30.0
206841742,30.0
206841743,30.0
206841744,30.0
206865898,30.0
206865899,30.0
206865900,30.0
206865901,30.0
206865903,30.0
206865904,30.0
206865905,30.0
207180809,30.0
207180810,30.0
207180811,30.0
207180812,30.0
207180813,30.0
207180814,30.0
207180815,30.0
207180816,30.0
207180817,30.0
207180818,30.0
207180819,30.0
207180820,30.0
207180821,30.0
207180822,30.0
207180823,30.0
207180824,30.0
207180825,30.0
207180826,30.0
207180827,30.0
207180828,30.0
207180829,30.0
207180830,30.0
207180831,30.0
207180832,30.0
207180833,30.0
207180834,30.0
207180835,30.0
207180836,30.0
207180837,30.0
207180838,30.0
207180839,30.0
207180840,30.0
207180841,30.0
207180842,30.0
207180843,30.0
207180845,30.0
207180846,30.0
207180847,30.0
207180848,30.0
207180849,30.0
207180850,30.0
207180851,30.0
207180852,30.0
207180853,30.0
207180854,30.0
207180855,30.0
207180856,30.0
207180857,30.0
207180858,20.0
207180859,30.0
207180860,30.0
207180861,30.0
207180862,30.0
207180863,30.0
207180864,30.0
207180865,30.0
207180866,30.0
207181691,40.0
207181692,25.0
207181694,30.0
207181695,30.0
207181696,30.0
207181697,30.0
207322489,30.0
207322490,30.0
207322491,30.0
207322493,30.0
207322494,30.0
207322495,30.0
207322496,30.0
207322497,30.0
207322498,30.0
207322499,30.0
207322501,50.0
207322502,30.0
207322503,50.0
207322504,30.0
207322505,30.0
207322506,30.0
207322507,30.0
207322508,30.0
207328454,30.0
207328455,30.0
207328456,30.0
207328457,30.0
207328458,30.0
207342707,30.0
207342708,30.0
207342709,25.0
207342710,30.0
207702716,30.0
207702718,30.0
207702719,30.0
207702720,30.0
207702721,30.0
207702722,30.0
207702723,30.0
207702724,30.0
207702726,30.0
207702727,30.0
207702728,30.0
207702729,30.0
207702730,30.0
207702731,30.0
207702733,30.0
207710756,30.0
207710757,50.0
207710758,50.0
207710759,50.0
207710760,50.0
207710761,50.0
207710762,50.0
207710763,50.0
207710764,50.0
207710765,50.0
207710766,50.0
207718359,40.0
207718360,40.0
207718363,30.0
207718365,25.0
207718366,30.0
207718367,30.0
207718368,30.0
207718370,30.0
207720633,30.0
207720634,30.0
207741148,30.0
207741149,30.0
207742282,30.0
207742283,30.0
207742284,30.0
207742285,30.0
207742286,30.0
207757326,30.0
207757327,24.0
207757328,30.0
207757329,30.0
207757330,30.0
207757331,30.0
207757332,30.0
207757333,30.0
207757336,24.0
207757337,30.0
207757338,30.0
207757339,30.0
207757341,30.0
207757342,30.0
207757343,30.0
207757344,30.0
207757345,30.0
207757346,30.0
207757348,30.0
207757349,30.0
207757350,30.0
207757352,20.0
207757353,30.0
207757354,30.0
207757355,30.0
207757356,30.0
207757357,30.0
207757358,30.0
207757359,30.0
207757361,30.0
208244068,30.0
208244069,30.0
208244070,30.0
208244071,30.0
208244072,30.0
208244073,30.0
208244074,30.0
208244075,30.0
208244076,30.0
208244077,30.0
208244078,30.0
208244079,30.0
208244080,30.0
208244081,30.0
208244082,30.0
208244083,30.0
208244084,30.0
208244085,30.0
208244086,30.0
208244087,30.0
208244088,30.0
208244089,30.0
208244090,30.0
208244091,30.0
208244092,30.0
208244093,30.0
208244094,30.0
208244095,30.0
208244096,30.0
208244097,30.0
208386540,30.0
208386541,30.0
208386542,30.0
208386543,30.0
208426078,30.0
208426079,30.0
208426080,30.0
208426081,30.0
208426082,30.0
208426083,30.0
208426084,30.0
208426085,30.0
208426086,30.0
208426087,30.0
208713940,50.0
208713943,50.0
208713946,50.0
208713948,50.0
208713952,50.0
208713957,50.0
208713959,50.0
208713960,50.0
208713961,30.0
208713963,30.0
208713965,30.0
208713968,30.0
208713970,30.0
208713973,30.0
208713978,45.0
208713981,45.0
208713986,30.0
208713987,30.0
208713988,30.0
208713990,30.0
208713993,30.0
208713995,30.0
209734552,30.0
209734553,30.0
210015491,30.0
210190573,30.0
210190574,30.0
210190575,30.0
210190576,30.0
210190577,30.0
210190578,30.0
210190579,30.0
210190580,30.0
210190581,30.0
210190582,30.0
210190583,30.0
210190584,30.0
210190585,30.0
210190586,30.0
210190588,30.0
210190589,30.0
210190590,30.0
210190591,30.0
210190592,30.0
210190593,30.0
210190594,30.0
210190595,30.0
210190596,30.0
210190599,30.0
210190600,30.0
210190601,30.0
210190602,30.0
210190603,30.0
210190604,30.0
210720230,30.0
210720232,30.0
210720233,30.0
210720234,30.0
210720236,30.0
210720237,30.0
210720239,30.0
210720240,30.0
210720241,30.0
210720243,30.0
210720244,30.0
210720247,30.0
210720249,30.0
210720250,30.0
210767877,30.0
210767878,30.0
210767879,30.0
210767880,30.0
210767881,30.0
210767882,30.0
210767883,30.0
210767884,30.0
210767885,30.0
210767886,30.0
210767887,30.0
210767888,30.0
210767889,30.0
210767890,30.0
210944796,30.0
210944797,30.0
211096040,30.0
211096041,30.0
211096042,30.0
211096043,30.0
211096044,30.0
211135009,30.0
211135010,30.0
211135011,30.0
211135012,30.0
211135013,30.0
211135014,30.0
211135015,30.0
211135017,30.0
211135018,30.0
211135019,30.0
211135020,30.0
211135021,30.0
211135022,30.0
211135023,30.0
211135024,30.0
211135025,30.0
211135026,30.0
211135027,30.0
211135028,30.0
211135029,30.0
211135030,30.0
211135031,30.0
211135032,30.0
211135033,30.0
211135034,30.0
211135036,30.0
211135037,30.0
211135038,30.0
211135039,30.0
211135040,30.0
211283059,30.0
211283061,30.0
211283062,30.0
211283064,30.0
211283066,30.0
211283069,30.0
211283070,30.0
211283074,30.0
211283080,30.0
211283082,30.0
211283084,30.0
211283086,30.0
211427832,30.0
211427834,30.0
211427836,30.0
211427838,30.0
211427839,30.0
211456801,30.0
211456802,30.0
211456803,30.0
211456804,30.0
211456805,30.0
211456806,30.0
211456807,30.0
211456808,30.0
211456809,30.0
211456810,30.0
211474586,30.0
211474587,25.0
211474588,30.0
211474589,30.0
211474590,30.0
211474591,30.0
211474592,30.0
211474593,30.0
211474594,30.0
211474595,30.0
211474596,30.0
211474597,30.0
211474598,30.0
211474599,30.0
211474600,30.0
211474601,30.0
211474602,30.0
211474603,30.0
211474604,30.0
211474605,30.0
211474606,30.0
211474607,30.0
211474608,30.0
211474609,30.0
211474610,30.0
211474611,25.0
211474612,30.0
211474613,30.0
211474614,30.0
211474615,30.0
211474616,30.0
211475154,30.0
211475155,30.0
211475156,30.0
211475157,30.0
211475158,30.0
211475159,30.0
211475160,30.0
211475161,30.0
211475162,30.0
211475163,30.0
211475164,30.0
211475165,30.0
211475166,30.0
211475167,30.0
211476849,30.0
211661977,30.0
211661978,30.0
211661979,30.0
211661980,30.0
211661981,30.0
211661982,30.0
211661983,25.0
211661984,30.0
211661985,30.0
211661986,30.0
211661987,30.0
211661988,30.0
211661990,30.0
211693434,30.0
211693435,30.0
211693436,30.0
211693437,30.0
211693438,30.0
211705881,24.0
211705882,30.0
211705883,30.0
211705884,30.0
211705885,30.0
211705886,30.0
211705887,30.0
211705888,30.0
211705889,30.0
211705890,30.0
211705891,30.0
211705892,30.0
211705893,30.0
211705894,30.0
211705895,30.0
211705896,30.0
211705897,30.0
211705898,30.0
211705899,30.0
211705900,30.0
211705901,30.0
211705902,30.0
211705903,30.0
211705904,30.0
211705905,30.0
211705906,30.0
211705907,30.0
211705908,30.0
211705909,30.0
211705910,30.0
211705911,30.0
211705912,30.0
211705913,30.0
211705914,30.0
211705915,30.0
211705916,30.0
211705917,30.0
211705918,30.0
211705919,30.0
211705920,30.0
211705921,30.0
211705922,30.0
211705923,30.0
211705924,30.0
211705925,30.0
211705926,30.0
211705927,30.0
211705928,30.0
211705929,30.0
211705930,30.0
211705931,30.0
211705932,30.0
211705933,30.0
211705934,30.0
211705935,30.0
211705936,30.0
211705937,30.0
211705938,30.0
211705939,24.0
211715438,30.0
211715439,30.0
211715440,30.0
211715441,30.0
211715442,30.0
211715444,30.0
211715445,30.0
211715446,30.0
211715448,30.0
211715449,45.0
211715450,30.0
211715451,30.0
211715452,30.0
211715453,30.0
211715454,30.0
211715455,30.0
211715456,30.0
211715457,30.0
211715459,30.0
211715460,30.0
211715461,30.0
211715464,30.0
211715466,30.0
211715467,30.0
211715468,30.0
211715469,30.0
211715470,30.0
211715471,30.0
211715472,30.0
211715474,30.0
211715475,30.0
211715477,30.0
211715478,30.0
211715479,30.0
211715480,30.0
211715481,30.0
211715482,30.0
211715483,30.0
211715484,30.0
211715485,30.0
211715486,30.0
211715487,30.0
211715488,30.0
211715489,30.0
211715491,30.0
211715492,30.0
211715493,30.0
211715494,30.0
211715495,30.0
211715496,30.0
211715497,30.0
211715498,30.0
211715499,30.0
211715500,30.0
211715501,30.0
211715502,30.0
211715503,30.0
211715504,30.0
211715506,30.0
211715507,30.0
211715508,30.0
211715509,30.0
211715510,30.0
211715511,30.0
211715512,30.0
211715514,30.0
211715515,30.0
211715516,30.0
211715517,30.0
211715519,30.0
211715521,30.0
211715523,30.0
211715524,30.0
211715526,30.0
211715527,30.0
211715528,30.0
211715529,30.0
211715530,30.0
211715531,30.0
211715532,30.0
211715533,30.0
211715534,30.0
211715535,30.0
211715536,30.0
211715537,30.0
211715538,30.0
211715539,30.0
211715540,30.0
211715541,30.0
211715542,30.0
211715543,30.0
211715545,30.0
211715546,30.0
211715547,30.0
211715548,30.0
211715549,30.0
211715550,30.0
211715551,30.0
211724330,30.0
211724331,30.0
211724332,30.0
211724333,30.0
211724334,30.0
211724335,30.0
211724336,30.0
211724337,30.0
211724338,30.0
211724339,30.0
211724340,30.0
211724341,30.0
211724342,30.0
211724343,30.0
211724344,30.0
211724346,30.0
211724347,30.0
211724348,30.0
211724349,30.0
211724350,30.0
211724351,30.0
211724352,30.0
211724353,30.0
211724354,30.0
211724355,30.0
211724356,30.0
211724357,30.0
211724358,30.0
211724359,30.0
211724361,30.0
211728323,30.0
211728324,30.0
211728326,25.0
211728327,30.0
211728329,25.0
211728330,30.0
211728332,30.0
211728333,30.0
211728335,30.0
211728336,30.0
211728339,30.0
211728341,30.0
211728343,30.0
211728344,30.0
211728346,30.0
211728348,30.0
211728350,30.0
211728351,30.0
211728353,30.0
211728355,30.0
211728356,30.0
211728358,30.0
211728361,30.0
211728364,30.0
211728366,30.0
211728367,30.0
211728368,30.0
211728369,30.0
211728371,30.0
211728372,30.0
211728373,30.0
211728374,30.0
211728375,30.0
211728376,30.0
211728377,30.0
211728378,30.0
211728380,30.0
211728381,30.0
211728382,30.0
211728384,30.0
211728385,30.0
211728386,30.0
211728388,30.0
211728389,30.0
211728390,30.0
211728391,30.0
211731734,30.0
211731735,30.0
211731737,30.0
211731738,30.0
211731739,30.0
211731740,30.0
211731741,30.0
211731742,30.0
211731743,30.0
211731744,30.0
211731746,30.0
211731747,30.0
211731748,30.0
211731749,30.0
211731750,30.0
211731752,30.0
211731753,30.0
211731754,30.0
211731755,30.0
211731757,30.0
211731758,30.0
211731759,30.0
211732582,30.0
211732583,30.0
211732584,30.0
211732585,30.0
211732586,30.0
211732587,30.0
211732588,30.0
211732589,30.0
211734621,30.0
211734622,30.0
211734623,30.0
211734624,30.0
211734625,20.0
211734626,30.0
211734627,30.0
211734628,20.0
211734630,30.0
211734631,30.0
211734632,30.0
211734633,30.0
211734634,30.0
211734635,30.0
211734636,30.0
211734637,30.0
211734638,30.0
211734639,30.0
211740470,30.0
211740475,30.0
211740477,30.0
211740478,30.0
211740480,30.0
211740481,30.0
211740482,30.0
211740483,30.0
211740486,30.0
211740487,30.0
211740489,30.0
211740491,30.0
211740492,30.0
211743601,30.0
211743602,30.0
211743603,20.0
211743604,30.0
211743605,30.0
211743606,30.0
211743607,30.0
211743608,30.0
211743609,30.0
211743610,30.0
211743613,20.0
211743614,30.0
211743616,30.0
211743617,20.0
211743618,30.0
211743620,20.0
211743621,30.0
211743622,30.0
211743623,30.0
211743625,30.0
211743626,30.0
211743627,30.0
211743628,30.0
211743629,30.0
211743630,30.0
211743632,30.0
211743633,30.0
211743634,30.0
211743635,30.0
211743636,20.0
211743637,30.0
211743638,30.0
211743639,30.0
211743640,20.0
211743641,30.0
211748032,30.0
211748033,30.0
211748034,30.0
211748035,30.0
211748036,30.0
211748037,30.0
211748038,30.0
211748039,30.0
211748040,30.0
211748041,30.0
211907317,24.0
211913590,30.0
211913674,30.0
211913691,30.0
211915667,30.0
211915974,30.0
211915975,30.0
211917799,30.0
211922663,30.0
211922665,30.0
211922790,30.0
211922802,30.0
211923311,30.0
211923650,30.0
211923890,30.0
211923891,30.0
211923892,30.0
211924101,30.0
211927326,30.0
211927327,20.0
211927659,30.0
212430511,30.0
212430512,30.0
212430513,30.0
212430514,30.0
212430515,30.0
212430516,30.0
212430517,30.0
212430518,30.0
212430519,30.0
212430520,30.0
212430521,30.0
212430522,30.0
212430523,30.0
212430524,30.0
212430525,30.0
212430526,30.0
212430527,30.0
212430528,30.0
212430529,30.0
212430531,30.0
212430532,30.0
212430533,30.0
212430534,30.0
212430535,30.0
212430536,30.0
212430537,30.0
212430539,30.0
212430540,30.0
212437908,30.0
212437909,30.0
212437910,30.0
212437911,30.0
212437912,30.0
212437913,30.0
212437914,30.0
212437915,30.0
212437917,30.0
212437918,30.0
212437919,30.0
212437920,30.0
212437921,30.0
212437922,30.0
212437923,30.0
212437924,30.0
212437926,30.0
212437927,30.0
212437928,30.0
212437929,30.0
212437930,30.0
212437931,30.0
212437932,30.0
212437934,30.0
212454867,30.0
212454868,30.0
212454869,30.0
212454871,30.0
212454872,30.0
212454873,30.0
212454874,30.0
212454875,30.0
212454876,30.0
212454877,30.0
212454878,30.0
212454880,30.0
212454881,30.0
212454882,30.0
212454883,30.0
212454884,30.0
212454885,30.0
212454886,30.0
212454887,30.0
212454888,30.0
212454889,30.0
212454890,20.0
212454891,30.0
212454892,30.0
212454893,30.0
212454894,30.0
212454895,30.0
212454896,30.0
212454898,30.0
212454899,30.0
212454900,30.0
212454901,30.0
212454902,24.0
212454903,30.0
212454905,30.0
212454906,30.0
212454907,30.0
212454908,30.0
212454909,30.0
212454910,30.0
212454911,30.0
212454912,30.0
212454914,30.0
212454915,30.0
212454916,30.0
212677118,30.0
212677119,30.0
212677121,30.0
212677123,30.0
212677124,30.0
212708554,30.0
212708555,30.0
212708556,30.0
212708557,30.0
212708558,30.0
212708559,30.0
212708560,30.0
212708561,30.0
212708562,30.0
212708563,30.0
212708564,30.0
212708565,30.0
212708566,30.0
212708567,30.0
212708568,30.0
212708570,30.0
212708571,30.0
212708572,30.0
212708573,30.0
212708574,30.0
212708575,30.0
212708576,30.0
212708577,30.0
212708578,30.0
212708579,30.0
215027563,24.0
215027569,24.0
215027574,24.0
215028206,32.0
215028209,20.0
215072994,30.0
215072995,30.0
215072996,30.0
215072997,30.0
215072998,30.0
215073000,30.0
215073001,30.0
215073002,30.0
215073003,30.0
215073004,30.0
215073005,30.0
215073007,30.0
215073008,30.0
215073009,30.0
215073010,30.0
215073012,30.0
215073013,30.0
215073014,30.0
215073015,30.0
215073016,30.0
215073017,30.0
215073018,30.0
215073019,30.0
215073020,30.0
215073021,30.0
215073022,30.0
215073023,30.0
215073026,30.0
215073027,20.0
215091137,30.0
215091138,30.0
215091140,30.0
215091141,25.0
215091888,25.0
215091889,30.0
215091890,30.0
215092217,30.0
215092656,30.0
215108199,30.0
215205717,30.0
215205718,30.0
215205719,30.0
215205720,30.0
215205721,30.0
215205722,30.0
215205724,30.0
215205725,30.0
215205727,30.0
215205728,30.0
215205729,30.0
215205730,30.0
215544046,30.0
215544047,30.0
215544050,30.0
215544051,30.0
215544053,30.0
215544054,30.0
215544056,30.0
215544058,30.0
215544059,30.0
215544061,30.0
215544062,30.0
215544063,30.0
215544065,30.0
215544067,30.0
215544068,30.0
215544070,30.0
215544071,30.0
215544072,30.0
215544073,30.0
215544075,30.0
215544076,30.0
215544078,30.0
215544079,30.0
215544081,30.0
215544083,30.0
215544084,30.0
215544085,30.0
215544089,30.0
215544091,30.0
215544092,30.0
215544094,30.0
215544095,30.0
215544097,30.0
215544100,30.0
215605368,30.0
215605370,30.0
215605371,30.0
215605372,30.0
215605373,30.0
215605375,30.0
215605377,30.0
215605378,30.0
215605380,30.0
215605382,30.0
215605384,30.0
215605386,30.0
215605389,30.0
215605391,30.0
215605392,25.0
215605396,30.0
215800067,30.0
215800071,30.0
215800073,30.0
215800077,30.0
215800082,30.0
215800085,30.0
215800088,30.0
215800094,30.0
215800097,30.0
215800101,30.0
215800105,30.0
215800110,20.0
215800115,30.0
215800120,20.0
215800125,30.0
215800129,30.0
216485420,30.0
216487963,30.0
216487964,30.0
216487966,30.0
216487967,30.0
216487968,30.0
216487969,30.0
216487970,30.0
216487971,30.0
216487972,30.0
216487973,30.0
216487974,30.0
216487975,30.0
216487976,30.0
216487977,30.0
216487978,30.0
216487979,30.0
216487980,30.0
216487981,30.0
216487982,30.0
216487983,30.0
216487984,30.0
216487985,30.0
216488887,30.0
216488888,30.0
216488889,30.0
216488890,30.0
216488891,30.0
216488892,30.0
216488893,30.0
216488894,30.0
216488895,30.0
216488896,30.0
216488898,30.0
216488899,30.0
216488900,30.0
216488901,30.0
216488902,30.0
216488903,30.0
216488904,30.0
216488905,30.0
216488906,30.0
216488908,30.0
216488909,30.0
216488910,30.0
216488911,30.0
216488912,30.0
216488913,30.0
216488914,30.0
216488915,30.0
216488916,30.0
216488917,30.0
216488918,20.0
216488919,30.0
216488920,20.0
216488921,30.0
216488922,30.0
216488923,30.0
216488924,30.0
216488925,30.0
216488926,30.0
216488927,30.0
216488928,30.0
216488929,30.0
216488930,30.0
216497161,30.0
216497162,30.0
216497163,30.0
216497164,25.0
216497165,30.0
216497166,30.0
216497167,30.0
216497168,30.0
216497169,30.0
216497170,30.0
216497171,30.0
216497172,40.0
216497173,30.0
216497174,25.0
216497175,30.0
216497176,30.0
216497177,30.0
216497179,30.0
216497180,30.0
216497181,30.0
216497182,30.0
216497183,30.0
216497184,30.0
216497185,30.0
216497186,30.0
216497188,30.0
216497190,30.0
216508432,30.0
216508433,30.0
216508434,30.0
216508435,30.0
216508436,30.0
216508437,30.0
216597740,30.0
216597741,30.0
216597742,30.0
216597743,30.0
216597744,30.0
216597745,20.0
216597746,30.0
216597747,30.0
216597748,30.0
216597749,30.0
216597750,30.0
216597751,30.0
219956984,60.0
219956985,60.0
220168724,30.0
220168725,30.0
220168726,25.0
220168728,30.0
220168729,30.0
220168730,30.0
220168731,30.0
220168732,30.0
220168733,30.0
220168734,30.0
220168735,30.0
220168736,30.0
220168737,25.0
220168738,25.0
220168739,30.0
220168740,30.0
220168741,30.0
220168742,30.0
220168743,30.0
220168744,30.0
220168745,30.0
220168748,30.0
220168749,30.0
220168750,30.0
220168751,30.0
220168752,30.0
220168753,30.0
220168754,30.0
220168755,30.0
220168757,30.0
220168758,25.0
220168759,30.0
220168760,30.0
220168761,30.0
220168762,30.0
220168763,30.0
220168764,30.0
220168765,30.0
220168766,30.0
220168768,30.0
220168769,30.0
220168770,30.0
220168771,30.0
220168773,30.0
220168775,30.0
220168776,30.0
220168777,30.0
220168778,30.0
220168779,30.0
220168780,30.0
220168781,30.0
220168782,30.0
220168784,30.0
220168785,30.0
220168786,30.0
220168788,30.0
220168789,30.0
220168790,30.0
220168791,30.0
220168792,30.0
220168793,30.0
220168794,30.0
220168795,30.0
220168796,30.0
220168797,30.0
220168798,30.0
220168799,30.0
220168800,30.0
220168801,30.0
220168802,30.0
220168804,30.0
220168805,30.0
220168806,30.0
220168807,30.0
220168810,30.0
220168811,30.0
220168812,30.0
220168814,30.0
220168815,30.0
220168816,30.0
220168817,30.0
220168819,30.0
220168820,30.0
220168821,30.0
220168822,25.0
220168823,30.0
220168824,30.0
220168825,30.0
220168826,30.0
220168827,30.0
220168828,30.0
220168829,30.0
220168831,30.0
220168832,30.0
220168833,30.0
220168835,30.0
220168836,30.0
220168837,30.0
220168838,30.0
220168839,30.0
220168840,30.0
220168842,30.0
220168843,30.0
220168844,30.0
221136255,30.0
221136256,30.0
221136257,30.0
221136258,30.0
221136259,30.0
221136260,25.0
221136261,24.0
221437407,50.0
221437408,50.0
221437411,50.0
221540602,30.0
221540621,30.0
221540626,30.0
221540629,30.0
221540643,25.0
221540644,30.0
221540647,30.0
221540655,30.0
223141386,50.0
223141387,45.0
223141390,50.0
223141392,50.0
223141394,45.0
223141395,30.0
223141396,50.0
223141397,50.0
224214302,30.0
224214304,30.0
224214306,30.0
224214309,20.0
224214310,30.0
224214312,20.0
224214314,30.0
224214315,30.0
224214318,30.0
224856550,30.0
224856552,30.0
224856553,30.0
224856554,30.0
224856556,30.0
224856558,50.0
224856559,50.0
224856560,30.0
224856563,30.0
224856564,30.0
224856565,30.0
224856566,30.0
224856567,30.0
224856568,30.0
224856569,30.0
224856570,30.0
224856572,30.0
224856573,30.0
224856574,30.0
224856575,30.0
224856576,30.0
224856577,30.0
224856578,30.0
224856579,30.0
224856580,30.0
224856581,30.0
224856583,30.0
224856584,50.0
224856585,30.0
224856586,30.0
224856587,30.0
224856588,30.0
224856589,30.0
224856590,30.0
224856591,30.0
224856592,30.0
224856593,30.0
224856594,30.0
224856595,30.0
224856596,30.0
224856597,30.0
224856598,30.0
224856599,30.0
224856600,30.0
224856601,30.0
224856602,30.0
224856603,30.0
224856604,30.0
224856605,30.0
224856606,30.0
224856607,30.0
224856608,30.0
224856609,30.0
224856610,30.0
224856612,30.0
224856613,30.0
224856614,30.0
224856621,30.0
224856623,30.0
224856625,30.0
224856626,30.0
224856627,30.0
224856628,30.0
224856630,30.0
224856631,30.0
224856633,40.0
224856634,30.0
224856635,30.0
224856636,30.0
224859341,50.0
224859342,50.0
224859343,50.0
224859344,50.0
224859346,50.0
224859348,50.0
224859349,50.0
224859350,50.0
224859351,50.0
224859352,50.0
224859353,50.0
224859354,50.0
224859355,50.0
224859357,50.0
224859358,50.0
224859359,50.0
225080290,30.0
225080291,30.0
225080292,30.0
225080293,20.0
225080294,30.0
225080295,30.0
225080296,30.0
225080297,30.0
225080298,30.0
225080299,30.0
225080300,30.0
225080301,30.0
225409361,30.0
225409362,30.0
225409363,30.0
225416825,30.0
225649488,30.0
225649489,30.0
225649490,30.0
225649491,30.0
225649492,30.0
225649493,30.0
225649494,30.0
225649495,30.0
225649497,30.0
225649498,30.0
225649499,30.0
225649500,30.0
225649501,30.0
225649502,30.0
225649503,30.0
225649504,30.0
225649505,30.0
225649506,30.0
225649507,30.0
225649508,30.0
225649509,30.0
225649510,30.0
225649511,30.0
225649512,30.0
225649513,30.0
225649514,30.0
225649515,30.0
225649516,30.0
225649517,30.0
225649518,30.0
225649519,30.0
225649520,30.0
225649521,30.0
225649522,30.0
225649523,30.0
225649524,30.0
225649525,30.0
225649526,30.0
225649527,30.0
225649528,30.0
225649529,30.0
225649530,30.0
225649531,30.0
225649532,30.0
225649533,30.0
225649534,30.0
225649535,20.0
225649536,30.0
225649537,30.0
225649538,30.0
225649539,30.0
225649540,30.0
225649541,30.0
225649542,30.0
225649543,30.0
225649544,30.0
225649546,30.0
225649547,30.0
225649548,30.0
225649549,20.0
225649550,30.0
225649551,30.0
225649552,30.0
225649553,30.0
225649554,30.0
225649555,30.0
225649556,30.0
225649557,30.0
225656736,30.0
225656738,30.0
225656739,30.0
225656740,30.0
225656741,30.0
225656742,30.0
225656743,30.0
225656744,30.0
225656745,30.0
225656746,30.0
225656747,30.0
225656748,30.0
225656749,30.0
225656750,30.0
225656751,30.0
225656752,30.0
225656753,30.0
225656754,30.0
225656755,30.0
225656756,30.0
225656758,30.0
225656759,30.0
225656760,30.0
225656761,30.0
225656762,30.0
225656763,30.0
225656764,30.0
225656765,30.0
225656766,30.0
225656767,30.0
225656768,30.0
225656769,30.0
225656770,30.0
225656771,30.0
225656772,30.0
225656773,30.0
225656774,30.0
225656776,30.0
225656777,30.0
225656778,30.0
225656779,30.0
225656780,30.0
225656782,30.0
225656783,30.0
225656784,30.0
225656785,30.0
225656786,30.0
225656787,30.0
225656788,30.0
225656789,30.0
225656790,30.0
225656791,30.0
225656792,30.0
225656793,30.0
225656794,30.0
225656795,30.0
225656796,30.0
225660293,30.0
225660295,30.0
225660296,30.0
225660297,30.0
225660298,30.0
225660299,30.0
225660300,30.0
225660301,30.0
225660302,30.0
225660303,30.0
225660304,30.0
225660305,30.0
225660306,30.0
225660307,30.0
225660308,30.0
225660309,30.0
225660310,30.0
225660311,30.0
225660312,30.0
225660313,30.0
225660314,30.0
225660315,30.0
225660316,30.0
225660317,30.0
225660318,30.0
225660319,30.0
225660320,30.0
225660322,30.0
225660323,30.0
225660325,30.0
225660326,30.0
225660328,30.0
225660330,30.0
225660331,30.0
225660333,30.0
225660334,30.0
225660336,30.0
225660339,30.0
225660340,30.0
225660341,30.0
225660342,30.0
225660344,30.0
225660345,30.0
225660346,30.0
225660347,30.0
225660348,30.0
225660349,30.0
225660350,30.0
225660351,30.0
225660352,30.0
225660353,30.0
225660354,30.0
225660355,30.0
225660356,30.0
225660358,30.0
225661509,25.0
225661510,25.0
225661511,30.0
225661512,25.0
225661513,25.0
225661934,30.0
226558241,30.0
226558243,30.0
226558244,30.0
226558245,30.0
226558246,30.0
226558247,25.0
226558248,30.0
226558249,30.0
226558250,30.0
226558251,30.0
226558252,30.0
226558253,30.0
226558254,25.0
226558255,30.0
226558256,30.0
226558257,30.0
226558258,30.0
226558259,30.0
226558260,30.0
226558261,30.0
226558262,30.0
226558263,30.0
226558264,30.0
226558265,30.0
226558266,30.0
226558267,30.0
226558269,30.0
226558270,30.0
226558271,30.0
226558272,30.0
226558273,30.0
226558274,30.0
226558275,30.0
226558276,30.0
226558277,30.0
226558278,30.0
226558279,30.0
226558280,30.0
226558281,30.0
226558282,30.0
226559000,30.0
226559001,30.0
226559002,30.0
226559003,30.0
226559004,30.0
226559005,30.0
226559006,30.0
226559007,30.0
226559008,30.0
226559009,30.0
226559010,30.0
226559011,30.0
226559012,30.0
226559013,30.0
226559015,30.0
226559016,30.0
226559017,30.0
226559018,30.0
226559019,30.0
226559020,30.0
226559021,30.0
226559022,30.0
226559023,30.0
226559024,30.0
226560430,30.0
226560431,30.0
226560432,30.0
226560433,30.0
226560434,25.0
226560436,30.0
226566324,20.0
226566325,30.0
226566326,30.0
226566327,20.0
226566328,20.0
226566329,30.0
226566330,20.0
226566331,20.0
226566333,30.0
226566334,20.0
226566594,30.0
226566595,30.0
226566596,20.0
226566597,30.0
226566598,30.0
226571241,30.0
226571242,30.0
226571243,30.0
226571244,30.0
226571248,30.0
226571249,30.0
226571252,25.0
226571253,30.0
226571254,30.0
226571255,30.0
226571256,30.0
226571259,25.0
227900180,30.0
227900181,30.0
227900182,30.0
227900183,30.0
227900184,30.0
227900185,30.0
227900186,30.0
227900188,30.0
227900189,30.0
227900190,30.0
227900191,30.0
227900192,30.0
227900193,30.0
227900195,30.0
227900196,30.0
227900197,30.0
227900198,30.0
227900199,30.0
227900200,30.0
227900201,30.0
227900202,30.0
227900203,30.0
227901084,30.0
227901085,30.0
227901086,30.0
227901087,30.0
227901088,30.0
227901089,30.0
227901090,30.0
227901091,30.0
227901092,30.0
227901093,30.0
227901094,30.0
227901095,30.0
227901096,30.0
227901098,30.0
227901099,30.0
227901100,30.0
227901101,30.0
227901102,30.0
227901103,30.0
227901104,30.0
227901376,30.0
227901377,30.0
228132165,24.0
228132166,24.0
228132169,30.0
228132170,30.0
228132171,30.0
228132172,30.0
228132173,30.0
228132174,30.0
228132175,30.0
228132177,24.0
228132178,30.0
228132179,30.0
228132180,30.0
228132181,30.0
228132182,30.0
228132183,30.0
228132184,30.0
228132185,30.0
228132186,30.0
228132187,30.0
228132188,30.0
228132191,30.0
228132192,30.0
228132193,30.0
228132194,30.0
228132195,30.0
228132196,30.0
228132197,30.0
228132198,30.0
228132199,30.0
228132200,30.0
228132201,30.0
228132202,30.0
228132203,30.0
228132204,30.0
228132205,30.0
228132206,30.0
228132207,30.0
228132208,30.0
228132209,30.0
228132210,30.0
228132211,30.0
228132212,30.0
228132213,30.0
228132214,30.0
228132215,30.0
228132216,30.0
228132217,30.0
228132218,30.0
228132219,30.0
228132220,30.0
228132221,30.0
228132222,30.0
228132223,30.0
228132224,30.0
228132225,30.0
228132226,30.0
228132228,30.0
228132229,30.0
228132230,30.0
228132231,30.0
228132232,40.0
228132233,30.0
228132234,30.0
228132235,30.0
228132236,30.0
228132237,30.0
228132239,30.0
228132241,30.0
228132242,30.0
228132692,30.0
228132694,30.0
228132695,30.0
228132697,30.0
228136303,30.0
228136304,30.0
228136305,30.0
228148629,30.0
228148631,30.0
228148632,30.0
228148636,30.0
228148638,30.0
228148639,30.0
228148641,30.0
228148642,30.0
228148643,30.0
228148644,30.0
228148645,30.0
228148646,30.0
228148647,30.0
228148649,30.0
228150035,30.0
228150037,30.0
228150039,30.0
228150041,30.0
228151169,30.0
228151170,30.0
228151171,30.0
228151172,30.0
228151173,30.0
228161751,30.0
228161754,30.0
228161758,30.0
228161763,30.0
228161765,30.0
228161770,30.0
228161771,30.0
228161773,30.0
228161774,30.0
228161779,30.0
228161780,30.0
228161781,30.0
228161783,30.0
228161784,30.0
228161786,30.0
228161787,30.0
228161791,30.0
228161792,30.0
228161793,30.0
228161795,30.0
228161796,30.0
228161797,30.0
228161799,30.0
228161800,30.0
228161802,30.0
228161803,30.0
228161804,30.0
228161805,30.0
228161807,30.0
228161808,30.0
228161809,30.0
228161810,30.0
228161812,30.0
228161813,30.0
228161816,30.0
228171320,30.0
228171321,30.0
228171322,30.0
228171324,30.0
228171326,30.0
228171330,30.0
228171332,30.0
228171334,30.0
228171336,30.0
228171337,30.0
228171341,30.0
228171349,30.0
228171351,30.0
228171361,30.0
228171369,30.0
228171377,30.0
228171378,30.0
228171379,30.0
228171380,30.0
228171381,30.0
228171383,30.0
228171386,30.0
228171388,30.0
228171389,30.0
228171390,30.0
228787459,30.0
228787460,30.0
228787461,30.0
228787464,30.0
228787465,30.0
228787466,30.0
228787468,30.0
228787471,30.0
228787472,30.0
228809587,30.0
228809588,30.0
228841596,30.0
228841597,30.0
228841598,30.0
230189388,30.0
230189389,30.0
230189391,30.0
230189393,30.0
230189395,30.0
230189397,30.0
230189399,30.0
230189401,30.0
230189402,30.0
230189405,30.0
230189406,30.0
230189408,20.0
230189409,20.0
230189411,30.0
230189412,30.0
230189413,30.0
230189414,30.0
230189415,30.0
230189417,30.0
230189418,30.0
230189420,30.0
230189422,30.0
230189424,30.0
230189425,30.0
230189428,30.0
230189430,30.0
230189433,30.0
230189435,30.0
230189438,30.0
230189440,30.0
230189443,30.0
230189448,30.0
230189452,30.0
230189455,30.0
230189457,30.0
230189459,30.0
230189461,30.0
230189463,30.0
230189466,30.0
230189467,20.0
230189470,30.0
230189472,30.0
230189474,30.0
230189475,30.0
230189478,30.0
230189480,30.0
230189482,30.0
230189484,30.0
230189487,30.0
230189489,30.0
230189491,30.0
230189493,30.0
230189495,30.0
230189497,30.0
230189500,30.0
230189502,30.0
230189504,30.0
230189506,30.0
230189508,30.0
230189510,30.0
230189512,30.0
230189513,30.0
230189515,30.0
230189517,30.0
230192119,30.0
230192120,30.0
230192121,30.0
230192122,30.0
230192123,30.0
230192124,30.0
230192125,30.0
230192127,30.0
230192130,30.0
230192133,30.0
230192135,30.0
230192136,30.0
230192138,30.0
230192140,30.0
230192142,20.0
230192144,30.0
230192145,30.0
230192146,30.0
230192147,30.0
230192148,30.0
230192149,30.0
230192150,30.0
230192151,30.0
230192152,30.0
230192153,30.0
230192154,30.0
230192155,30.0
230192156,30.0
230192157,30.0
230192158,30.0
230192159,30.0
230192160,30.0
230192161,30.0
230192162,30.0
230192163,30.0
230192164,30.0
230192166,30.0
230192167,30.0
230193014,30.0
230193015,30.0
230193016,30.0
230193017,30.0
230193018,30.0
230193019,30.0
230193020,30.0
230193021,30.0
230193022,30.0
230193023,30.0
230193024,30.0
230193025,30.0
230193026,30.0
230193027,30.0
230193028,30.0
230193029,30.0
230193030,30.0
230193031,30.0
230193032,30.0
230193033,30.0
230193034,30.0
230193035,30.0
230193036,30.0
230193037,30.0
230193038,30.0
230193039,30.0
230193040,30.0
230193041,30.0
230193042,30.0
230193043,30.0
230193044,30.0
230206104,30.0
230206105,30.0
230206107,25.0
230206109,30.0
230206112,30.0
230206114,30.0
230206116,30.0
230206118,25.0
230206120,30.0
230206124,30.0
230206126,30.0
230206128,30.0
230206129,30.0
230206131,30.0
230206132,30.0
230206133,30.0
230206134,30.0
230206135,30.0
230206137,30.0
230206138,30.0
230206140,30.0
230206142,30.0
230206144,30.0
230206145,30.0
230206148,30.0
230206149,30.0
230206152,30.0
230206155,30.0
230206157,30.0
230206159,30.0
230206161,30.0
230206163,30.0
230206164,30.0
230206166,30.0
230206167,30.0
230206168,30.0
230206169,30.0
230206171,30.0
230206173,30.0
230206175,30.0
230206177,30.0
230206179,30.0
230206184,30.0
230206186,30.0
230206188,30.0
230206189,30.0
230206192,30.0
230206194,30.0
230206195,30.0
230206199,30.0
230206200,30.0
230206201,30.0
230206203,30.0
230206207,30.0
230206209,30.0
230206210,30.0
230300723,30.0
230300724,30.0
230300725,30.0
230300726,30.0
230300727,30.0
230300728,30.0
230300729,30.0
230300730,30.0
230300731,30.0
230300732,30.0
230300733,25.0
230300734,30.0
230300735,30.0
230300737,30.0
230300738,30.0
230300740,30.0
230300742,30.0
230300743,30.0
230305815,30.0
230305817,30.0
230305819,30.0
230305820,30.0
230305822,30.0
230305823,30.0
230305824,30.0
230305825,30.0
230305826,30.0
230305827,30.0
230305828,30.0
230305829,30.0
230305830,30.0
230305831,30.0
230305832,30.0
230305833,30.0
230305834,30.0
230305835,30.0
230305836,30.0
230305838,30.0
230305839,30.0
230305840,30.0
230305842,30.0
230305844,30.0
230305845,30.0
230305846,30.0
230305847,30.0
230305848,30.0
230305849,30.0
230305850,30.0
230305851,30.0
230305852,30.0
230305853,30.0
230305854,30.0
230305855,30.0
230305856,30.0
230305857,30.0
230305858,30.0
230305859,30.0
230305860,30.0
230305861,30.0
230305862,30.0
230305863,30.0
230305864,30.0
230305865,30.0
230305866,30.0
230305867,30.0
230305868,30.0
230305869,30.0
230305870,30.0
230305871,30.0
230305872,30.0
230305873,30.0
230305874,30.0
230305875,30.0
230305876,30.0
230305877,30.0
230305878,30.0
230305879,30.0
230305880,30.0
230305881,30.0
230305882,30.0
230305883,30.0
230305884,30.0
230305885,30.0
230305886,30.0
230305887,30.0
230305888,30.0
230307956,30.0
230307957,30.0
230307958,30.0
230307959,30.0
230307960,30.0
230307961,30.0
230307962,30.0
230307963,30.0
230307964,30.0
230307965,30.0
230307966,30.0
230307967,30.0
230307968,30.0
230307969,30.0
230318824,30.0
230318825,30.0
230318826,30.0
230318827,30.0
230318830,30.0
230318831,30.0
230318832,30.0
230318833,30.0
230318834,30.0
230318835,30.0
230323138,30.0
230323139,30.0
230323140,30.0
230323141,30.0
230323142,30.0
230323143,30.0
230323144,30.0
230323145,30.0
230323146,30.0
230323147,30.0
230323148,30.0
230323149,30.0
230323150,30.0
230323151,30.0
230323152,30.0
230323153,30.0
230323154,30.0
230323155,30.0
230323156,30.0
230323157,30.0
230323158,30.0
230323159,30.0
230323160,20.0
230323162,25.0
230323163,30.0
230333021,30.0
230333022,30.0
230333023,30.0
230333024,30.0
230333025,45.0
230333026,30.0
230333027,30.0
230333028,30.0
230333029,25.0
230333030,30.0
230333032,30.0
230333033,45.0
230333034,30.0
230333035,30.0
230333036,30.0
230333037,30.0
230333038,30.0
230333039,30.0
230333040,30.0
230333041,30.0
230333042,30.0
230333043,30.0
230333044,30.0
230333045,30.0
230333046,30.0
230333047,30.0
230333048,30.0
230333049,30.0
230333050,30.0
230333051,30.0
230333052,30.0
230333053,30.0
230333054,30.0
230333055,30.0
230333056,30.0
230333057,30.0
230333058,30.0
230333059,30.0
230333060,30.0
230333061,30.0
230333062,30.0
230333063,30.0
230333064,30.0
230333065,30.0
230333066,30.0
230333067,30.0
230333069,30.0
230333070,30.0
230333071,30.0
230333072,30.0
230333073,30.0
230333074,30.0
230333075,30.0
230333076,30.0
230333077,30.0
230333078,30.0
230333079,30.0
230333080,30.0
230333081,30.0
230333082,30.0
230333083,30.0
230333084,30.0
230333085,30.0
230333086,30.0
230333087,30.0
230333088,30.0
230333089,30.0
230333090,30.0
230333091,30.0
230333092,30.0
230333093,30.0
230333094,30.0
230333095,30.0
230333096,30.0
230333097,30.0
230333098,30.0
230333099,45.0
230333100,30.0
230333101,30.0
230333102,30.0
230333103,30.0
230333104,30.0
230333105,30.0
230333107,30.0
230333108,30.0
230333109,30.0
230333110,30.0
230333111,30.0
230333112,30.0
230333113,30.0
230333114,30.0
230333115,30.0
230333116,30.0
230333117,30.0
230333118,30.0
230333119,30.0
230333120,30.0
230333121,30.0
230333122,45.0
230333124,30.0
230333125,45.0
230333126,30.0
230333127,30.0
230333128,45.0
230333129,45.0
230340134,30.0
230340135,30.0
230340136,30.0
230340137,30.0
230340138,25.0
230340139,30.0
230340140,30.0
230340141,30.0
230340142,30.0
230340143,30.0
230340144,30.0
230340145,24.0
230340146,30.0
230340147,30.0
230340148,20.0
230340149,30.0
230340151,30.0
230340152,30.0
230340153,30.0
230340154,25.0
230340155,30.0
230340156,30.0
230340157,25.0
230340158,30.0
230340159,30.0
230340160,30.0
230340162,24.0
230340163,20.0
230340164,30.0
230340165,30.0
230340166,24.0
230340167,30.0
230340168,30.0
230340169,30.0
230340170,30.0
230340171,30.0
230340172,30.0
230340173,30.0
230340174,30.0
230340175,30.0
230340176,30.0
230340177,30.0
230340178,30.0
230340179,30.0
230340180,30.0
230340181,30.0
230340182,30.0
230340183,24.0
230340184,30.0
230340185,30.0
230340186,30.0
230340187,30.0
230340188,30.0
230340189,30.0
230340190,30.0
230340191,30.0
230340193,30.0
230340194,30.0
230340195,30.0
230340196,30.0
230340198,30.0
230340200,20.0
230340201,30.0
230340202,30.0
230340203,30.0
230340204,30.0
230340205,30.0
230340206,30.0
230340207,30.0
230340208,30.0
230340209,30.0
230340210,30.0
230340211,30.0
230343803,30.0
230343804,25.0
230343805,30.0
230343806,25.0
230343807,30.0
230343808,30.0
230343809,30.0
230343810,25.0
230343811,30.0
230343812,30.0
230343813,30.0
230343814,25.0
230343815,25.0
230343816,30.0
230343817,30.0
230343818,30.0
230343819,30.0
230343820,30.0
230343821,30.0
230343822,30.0
230343823,30.0
230343824,30.0
230343825,30.0
230343826,30.0
230343827,20.0
230343828,30.0
230343829,30.0
230343830,30.0
230343831,30.0
230343832,30.0
230343833,30.0
230343834,30.0
230343835,30.0
230343836,30.0
230343837,30.0
230343838,30.0
230343839,30.0
230343840,30.0
230343841,30.0
230343842,30.0
230343843,30.0
230343844,30.0
230343845,30.0
230343846,30.0
230343847,30.0
230343848,30.0
230343849,30.0
230343850,30.0
230343851,30.0
230343852,30.0
230343853,30.0
230343854,30.0
230343855,30.0
230343856,30.0
230343857,30.0
230343858,30.0
230343859,30.0
230343860,30.0
230343861,30.0
230343862,30.0
230343863,30.0
230343864,30.0
230343865,30.0
230343866,30.0
230343867,30.0
230343868,30.0
230343869,30.0
230343870,30.0
230343871,30.0
230343872,30.0
230343873,30.0
230343874,30.0
230343875,30.0
230343876,30.0
230343877,30.0
230343878,30.0
230343879,30.0
230343880,30.0
230343881,30.0
230343882,30.0
230343883,30.0
230343884,30.0
230343885,30.0
230343886,30.0
230343887,30.0
230343888,30.0
230343889,30.0
230343890,30.0
230343891,25.0
230343892,30.0
230343893,30.0
230343894,30.0
230343895,30.0
230343896,30.0
230343897,30.0
230343898,30.0
230343899,30.0
230343900,30.0
230343901,30.0
230343902,30.0
230343903,30.0
230934053,30.0
230934054,30.0
230934055,30.0
230934056,30.0
230934057,30.0
230934058,30.0
230934059,30.0
230934060,30.0
230934061,30.0
230934062,30.0
230934063,30.0
230934431,30.0
230934585,30.0
231069480,30.0
231069481,30.0
231069482,25.0
231069485,30.0
231069488,30.0
231069489,30.0
231069490,30.0
231069491,30.0
231069492,30.0
231069493,30.0
231069494,30.0
231069495,30.0
231069496,30.0
231069497,30.0
231069498,30.0
231069499,20.0
231069500,30.0
231069501,30.0
231069502,30.0
231069503,30.0
231069504,30.0
231069505,30.0
231069506,30.0
231069507,30.0
231069508,30.0
231069509,30.0
231069510,30.0
231069512,30.0
231069513,30.0
231069514,30.0
231069515,30.0
231069516,30.0
231069517,25.0
231069518,30.0
231069519,30.0
231069520,30.0
231069521,30.0
231069522,30.0
231069523,30.0
231069524,30.0
231069525,30.0
231069526,30.0
231069527,30.0
231069528,30.0
231069529,30.0
231069530,30.0
231069531,30.0
231069532,30.0
231069533,30.0
231069534,30.0
231069535,30.0
231069536,30.0
231069537,30.0
231069538,30.0
231069539,30.0
231069540,30.0
231069541,30.0
231069542,30.0
231069543,30.0
231069544,30.0
231069545,30.0
231069547,30.0
231069548,30.0
231069549,30.0
231069551,30.0
231069552,30.0
231069553,30.0
231069554,30.0
231069555,30.0
231069556,30.0
231069557,30.0
231069558,30.0
231069559,30.0
231069560,30.0
231069561,20.0
231069562,30.0
231069563,30.0
231069564,30.0
231069565,30.0
231069566,30.0
231069567,30.0
231069568,30.0
231069569,30.0
231069570,30.0
231069571,30.0
231069572,30.0
231069573,30.0
231069574,30.0
231069575,30.0
231069576,30.0
231069577,30.0
231069578,30.0
231069579,30.0
231069580,30.0
231069581,30.0
231069582,30.0
231069583,30.0
231069584,30.0
231069586,30.0
231069587,30.0
231069588,30.0
231069589,30.0
231069590,30.0
231069591,30.0
231069592,30.0
231069593,30.0
231069594,30.0
231069595,30.0
231069596,30.0
231069597,30.0
231069598,30.0
231069599,30.0
231069600,40.0
231069601,25.0
231069602,30.0
231069603,30.0
231069604,25.0
231069605,25.0
231069606,30.0
231069607,30.0
231069608,30.0
231069609,40.0
231069610,30.0
231069611,30.0
231069612,25.0
231078166,30.0
231078167,30.0
231078168,30.0
231078169,20.0
231078170,30.0
231078171,40.0
231078173,30.0
231078174,30.0
231078175,30.0
231078176,30.0
231078177,30.0
231078178,30.0
231078179,30.0
231078180,30.0
231078181,30.0
231078182,30.0
231078183,30.0
231078185,30.0
231078186,30.0
231078187,30.0
231078188,30.0
231078190,30.0
231078191,30.0
231078192,30.0
231078193,30.0
231078195,30.0
231078196,30.0
231078197,30.0
231078198,30.0
231078199,30.0
231078200,30.0
231078201,30.0
231078202,30.0
231078203,30.0
231078204,30.0
231078205,30.0
231078206,30.0
231078207,30.0
231078208,30.0
231078209,30.0
231078210,30.0
231078211,30.0
231078212,30.0
231078213,30.0
231078214,30.0
231078215,30.0
231078216,30.0
231078217,30.0
231078218,30.0
231078219,30.0
231078220,30.0
231078221,30.0
231078222,30.0
231078223,30.0
231078224,30.0
231078225,30.0
231078226,30.0
231078227,30.0
231078228,30.0
233393077,30.0
233393078,30.0
233393079,30.0
233393080,30.0
233393081,30.0
233393082,30.0
233393083,30.0
233393084,30.0
233393085,30.0
233393086,30.0
233393087,30.0
233393088,30.0
233393089,30.0
233393090,30.0
233393092,30.0
233393093,30.0
233393095,30.0
233393096,30.0
233393098,30.0
233393101,30.0
233393103,30.0
233393104,25.0
233393105,25.0
233393107,30.0
233393108,30.0
233393109,30.0
233393110,30.0
233393111,30.0
233393112,30.0
233393113,30.0
233393114,30.0
233393116,30.0
233393117,30.0
233393118,30.0
233393119,30.0
233393120,30.0
233393121,25.0
233393122,30.0
233393125,30.0
233393126,25.0
233393128,30.0
233393129,30.0
233393130,30.0
233393131,30.0
233393133,30.0
233393134,30.0
233393135,30.0
233393136,30.0
233393138,30.0
233393139,30.0
233393141,30.0
233393142,30.0
233393143,30.0
233393146,30.0
233393148,25.0
233393149,30.0
233393150,30.0
237807551,30.0
240081391,50.0
240081392,50.0
240081393,50.0
240081396,30.0
240146175,30.0
240146176,30.0
240146177,30.0
242865128,50.0
242865133,30.0
242865135,30.0
242865139,25.0
242865141,30.0
242865142,50.0
242865144,50.0
242865147,50.0
242865149,50.0
242865154,50.0
242865155,50.0
242865162,50.0
242871811,40.0
242873787,50.0
242873789,50.0
242873790,50.0
242877602,50.0
242877603,30.0
242877604,30.0
242877605,50.0
242877606,30.0
245021408,25.0
245021410,40.0
255530644,30.0
255542233,50.0
255542234,50.0
255547672,50.0
259350508,45.0
259350509,30.0
259350510,45.0
264568127,30.0
264568128,30.0
264568129,30.0
264568130,50.0
267288005,30.0
267288007,30.0
267288008,30.0
267288009,30.0
267288010,30.0
267288011,30.0
267288012,30.0
267288013,30.0
267288014,30.0
267288015,30.0
267288016,30.0
267288017,30.0
267288018,30.0
267288019,30.0
267288020,30.0
267288021,30.0
267288022,30.0
267288023,30.0
267288024,30.0
267288025,30.0
267288026,30.0
267288027,30.0
267288028,30.0
267288029,30.0
267288032,20.0
267288033,30.0
267288034,30.0
267288035,30.0
267288036,30.0
267288037,30.0
267288038,30.0
267288039,30.0
267288040,30.0
267288041,30.0
267288042,30.0
267288043,30.0
267288044,20.0
267288045,30.0
267288046,30.0
267288048,30.0
267288050,30.0
267288051,30.0
267288052,30.0
267288054,30.0
267288055,30.0
267288056,30.0
267288057,30.0
267288058,30.0
267288060,30.0
267288061,30.0
267288062,30.0
267288063,30.0
267288065,30.0
267288066,30.0
267288067,30.0
267288069,30.0
267288071,30.0
267288073,25.0
267288075,25.0
267288076,30.0
267288077,30.0
267288078,30.0
267288079,30.0
267288080,30.0
267288081,30.0
267288082,30.0
267288083,30.0
267288084,30.0
267288085,30.0
267288086,30.0
267288087,30.0
267288090,30.0
267288091,30.0
267288092,30.0
267288093,30.0
267288094,30.0
267288095,30.0
267288096,30.0
267288098,30.0
267288099,30.0
267288101,30.0
267288102,30.0
267288103,30.0
267288104,30.0
267288105,30.0
267288106,30.0
267288107,30.0
267288108,30.0
267288110,30.0
267288111,30.0
267288112,30.0
267288113,30.0
267288114,30.0
267288115,30.0
267288117,30.0
267288119,30.0
267288120,30.0
267288121,30.0
267288125,30.0
267288126,30.0
267288127,30.0
267288128,30.0
267288129,30.0
267288130,30.0
267288131,30.0
267288132,30.0
267288133,30.0
267288134,30.0
267288135,30.0
267288136,20.0
267382862,30.0
267382864,30.0
267382866,20.0
267382868,30.0
267382870,30.0
267382872,30.0
267382874,30.0
267382876,30.0
267382879,20.0
267382881,30.0
267382883,30.0
267382886,30.0
267382888,30.0
267382889,30.0
267382891,30.0
267382893,30.0
267382895,30.0
267382897,30.0
267382898,20.0
267382901,30.0
267382913,30.0
267382914,30.0
267382916,30.0
267382918,30.0
267382920,30.0
267382921,30.0
267382923,30.0
267382924,30.0
267382926,30.0
267382927,30.0
267382929,30.0
267382930,30.0
267382932,20.0
267382933,30.0
267382935,30.0
267382937,30.0
267382938,30.0
267382940,30.0
267382942,30.0
267382943,30.0
267382945,20.0
267382946,30.0
267382948,20.0
267382950,30.0
267382951,30.0
267382953,30.0
267382955,30.0
267382956,30.0
267382958,30.0
267382959,20.0
267382961,30.0
267382963,20.0
267382964,20.0
267382966,30.0
267382967,30.0
267382968,30.0
267382970,30.0
267382971,30.0
267382973,20.0
267382975,30.0
267382976,20.0
267382978,30.0
267382979,30.0
267382981,30.0
267382983,30.0
267382984,30.0
267382986,30.0
267382987,30.0
267382988,30.0
267382989,30.0
267382990,30.0
267382992,20.0
267382993,20.0
267382995,30.0
267382997,20.0
267382998,30.0
267383000,30.0
267383002,30.0
267383003,30.0
267383005,30.0
267383006,30.0
267383008,30.0
267383011,30.0
267383012,30.0
267383017,20.0
267383019,30.0
267383021,30.0
267383023,30.0
267383025,30.0
267383027,20.0
267383029,30.0
267383031,30.0
267383032,30.0
267383033,30.0
267383034,30.0
267383035,30.0
267383036,30.0
267383037,30.0
267383038,30.0
267383039,30.0
267383040,30.0
267421922,30.0
267421924,30.0
267421927,30.0
267421929,30.0
267421931,30.0
267421933,30.0
267421937,30.0
267421939,30.0
267421941,30.0
267421944,30.0
267421945,30.0
267421947,30.0
267421948,30.0
267421950,30.0
267421951,30.0
267421953,30.0
267421955,30.0
267421956,30.0
267421958,30.0
267421959,30.0
267421961,30.0
267421962,30.0
267421963,30.0
267421965,30.0
267421966,30.0
267421968,30.0
267421969,30.0
267421970,30.0
267421973,30.0
267421974,30.0
267421976,30.0
267421978,30.0
267421979,30.0
267421981,30.0
267421983,30.0
267421986,30.0
267421988,30.0
267421990,30.0
267421991,30.0
267421993,30.0
267421994,20.0
267421996,30.0
267421997,30.0
267422000,30.0
267422002,30.0
267422003,30.0
267422006,30.0
267422007,30.0
267422009,30.0
267422010,30.0
267422012,30.0
267422013,30.0
267422014,30.0
267422017,30.0
267422018,30.0
267422021,30.0
267422022,30.0
267422024,30.0
267422026,30.0
267422028,30.0
267422029,30.0
267422034,30.0
267422035,30.0
267422038,30.0
267422041,30.0
267422042,30.0
267422043,30.0
267422045,30.0
267422046,30.0
267422048,30.0
267422051,30.0
267422053,30.0
267422055,30.0
267422057,30.0
267422058,30.0
267422061,30.0
267422063,30.0
267422064,30.0
267422066,30.0
267610568,30.0
267610569,30.0
267610570,30.0
267610571,20.0
267610572,30.0
267610573,30.0
267610574,30.0
267610575,30.0
267610576,30.0
267610577,30.0
267610578,30.0
267610579,30.0
267610580,30.0
267610581,30.0
267610582,30.0
267610583,30.0
267610584,30.0
267610585,30.0
267610586,30.0
267610587,20.0
267610589,30.0
267610590,30.0
267610591,30.0
267610592,30.0
267610593,30.0
267610594,30.0
267610595,30.0
267610596,30.0
267610597,30.0
267610598,30.0
267610599,30.0
267610601,30.0
267610602,30.0
267610603,30.0
267610604,30.0
267610605,30.0
267610606,30.0
267610607,30.0
267610608,30.0
267610609,30.0
267610610,30.0
267610611,30.0
267610612,30.0
267610613,30.0
267610614,30.0
267610615,30.0
267610616,30.0
267610617,30.0
267610618,30.0
267610619,30.0
267610620,30.0
267610621,30.0
267610622,30.0
267610623,30.0
267610624,30.0
267610625,40.0
267610626,30.0
267610627,20.0
267610628,30.0
267610629,30.0
267610631,30.0
267610632,30.0
267610633,30.0
267610634,30.0
267610635,30.0
267610636,20.0
267610637,30.0
267610638,30.0
267610639,30.0
267610640,30.0
267610641,30.0
267610642,30.0
267610643,30.0
267610644,30.0
267610645,30.0
267610646,30.0
267610647,30.0
267610648,20.0
267610649,30.0
267610650,30.0
267610651,30.0
267610652,30.0
267610653,30.0
267610654,30.0
267610656,30.0
267610657,30.0
267610658,20.0
267610659,30.0
267610661,30.0
267610662,30.0
267610663,30.0
267610664,30.0
267610665,30.0
267610666,30.0
267610667,30.0
267610668,30.0
267610669,30.0
267610670,30.0
267610671,30.0
267610672,30.0
267610673,30.0
267610674,30.0
267610675,20.0
267610676,30.0
267610677,30.0
267610678,30.0
267610679,30.0
267610680,30.0
267610681,30.0
267610682,30.0
267610683,30.0
267610684,30.0
267610685,30.0
267610686,30.0
267610687,30.0
267610688,30.0
267610689,30.0
267610690,30.0
267610691,30.0
267610692,30.0
267610693,30.0
267610694,30.0
267610695,30.0
267610696,30.0
267610697,30.0
267610698,30.0
267610699,30.0
267610700,30.0
267610701,30.0
267610702,30.0
267610703,30.0
267610704,30.0
267610705,30.0
267610706,30.0
267610707,30.0
267610708,30.0
267610709,30.0
267610710,30.0
267610711,30.0
267610712,30.0
267610713,30.0
267610714,30.0
267610715,30.0
267805294,60.0
267940551,30.0
267940553,30.0
267940554,30.0
267940555,30.0
267940556,30.0
267940557,30.0
267940558,30.0
267940559,30.0
267940561,30.0
267940564,30.0
267940565,30.0
267940570,30.0
267940572,30.0
267940573,30.0
267940574,30.0
267940576,30.0
267940577,30.0
267940581,30.0
267940583,30.0
267940585,30.0
267940586,30.0
267940588,30.0
267940590,30.0
267940594,30.0
267940595,30.0
267940596,30.0
267940599,30.0
267940600,30.0
267940602,30.0
267940604,30.0
267940606,30.0
267940608,30.0
267940610,30.0
267940612,30.0
267940616,30.0
267940618,30.0
267940620,30.0
267940622,30.0
267940624,30.0
267940626,30.0
267940628,30.0
267940629,30.0
267940631,30.0
267940634,30.0
267940635,30.0
267940636,30.0
267940638,30.0
267940640,30.0
267940642,30.0
267940643,30.0
267940645,30.0
267940647,30.0
267940649,30.0
267940651,30.0
267940653,30.0
267940655,30.0
267940658,30.0
267940664,30.0
267940665,30.0
267940667,30.0
267940668,30.0
267940669,30.0
267940670,30.0
267940671,30.0
267940673,30.0
267940674,30.0
267940676,30.0
267940677,30.0
267940678,30.0
267940679,30.0
267940680,30.0
267940681,30.0
267940682,30.0
267940683,30.0
267940684,30.0
267940686,30.0
267940687,30.0
267940688,30.0
267940689,30.0
267940690,30.0
267940691,30.0
267940692,30.0
267940693,30.0
267940694,30.0
267940695,30.0
267940696,30.0
267940697,30.0
267940698,30.0
267940699,30.0
267940700,30.0
267940701,30.0
267940702,30.0
267940703,30.0
267940704,30.0
267940705,30.0
267940706,30.0
267940707,30.0
267940709,30.0
267940710,30.0
267940711,30.0
267940712,30.0
267940713,30.0
267940714,30.0
267940715,30.0
267940716,30.0
267940717,30.0
267940718,30.0
267940719,30.0
267940720,30.0
267940721,30.0
267940722,30.0
267940724,30.0
267940725,30.0
267940726,30.0
267940727,30.0
267940728,30.0
267940729,30.0
267940730,30.0
267940731,30.0
267940732,30.0
267940733,30.0
267940734,30.0
267940735,30.0
267940736,30.0
267940737,30.0
267940738,30.0
267940739,30.0
267940740,30.0
267940741,30.0
267940743,30.0
267940744,30.0
267940745,30.0
267940746,30.0
267940747,30.0
267940748,30.0
267940749,30.0
267940750,30.0
267940751,30.0
267940752,30.0
267940753,30.0
267940754,30.0
267940755,30.0
267940756,30.0
267940757,30.0
267940758,30.0
267940759,30.0
267940760,30.0
267940761,30.0
267940764,30.0
267947701,30.0
267947702,30.0
267947703,30.0
267947704,30.0
267947705,30.0
267947706,30.0
267947708,30.0
267947709,30.0
267947710,30.0
267947711,30.0
267947712,30.0
267947714,30.0
267947715,30.0
267947716,30.0
267947717,30.0
267947718,30.0
267947719,30.0
267947722,30.0
267947723,30.0
267947724,30.0
267947725,30.0
267947726,30.0
267947727,30.0
267947729,30.0
267947730,30.0
267947732,30.0
267947733,30.0
267947734,30.0
267947736,30.0
267947737,30.0
267947739,30.0
267947741,30.0
267947742,30.0
267947744,30.0
267947745,30.0
267947747,30.0
267947748,30.0
267947749,30.0
267947750,30.0
267947751,30.0
267950985,30.0
267950986,30.0
267950987,30.0
267950988,30.0
267950989,30.0
267950990,30.0
267950991,30.0
267950992,30.0
267950993,30.0
267950994,30.0
267950995,30.0
267950996,30.0
267950997,30.0
267950998,30.0
267963003,30.0
267963006,30.0
267963007,30.0
267963008,30.0
267963009,30.0
267963010,30.0
267963011,30.0
267963012,30.0
267963013,30.0
267963014,30.0
267963016,30.0
267963018,30.0
267963019,30.0
267963020,30.0
267963021,30.0
267963022,30.0
267963023,30.0
267963027,30.0
267963028,30.0
267963029,30.0
267963030,30.0
267963031,30.0
267963032,30.0
267963033,30.0
267963034,30.0
267963035,30.0
267963036,30.0
267963037,30.0
267963038,30.0
267963039,30.0
267963041,30.0
267963042,30.0
267963043,30.0
267963044,30.0
267963045,30.0
267963046,30.0
267963047,30.0
267963048,30.0
267963050,30.0
267963051,30.0
267963052,30.0
267963053,30.0
267963054,30.0
267963055,30.0
267963056,30.0
267963057,30.0
267963058,30.0
267963060,30.0
267963061,30.0
267963062,30.0
267963063,30.0
267963064,30.0
267963065,30.0
267963066,30.0
267963067,30.0
267963068,30.0
267963070,30.0
267963072,25.0
267963074,30.0
267963075,30.0
267963077,30.0
267963078,30.0
267963079,30.0
267963082,30.0
267963083,30.0
267963084,30.0
267963087,30.0
267963089,30.0
267963090,30.0
267963091,30.0
267963092,30.0
267963093,30.0
267963097,30.0
267963098,30.0
267982642,30.0
267982644,25.0
267982647,25.0
267982650,20.0
267982653,30.0
267982658,30.0
267982661,30.0
267982662,30.0
267982664,30.0
267982666,30.0
267982668,30.0
267982669,30.0
267982671,30.0
267982673,20.0
267982675,30.0
267982676,30.0
267982678,30.0
267982680,30.0
267982682,30.0
267982684,30.0
267982685,30.0
267982687,30.0
267982691,30.0
267982692,30.0
267982694,30.0
267982696,30.0
267982698,30.0
267982700,30.0
267982704,30.0
267982706,30.0
267982707,30.0
267982708,25.0
267982709,30.0
267982710,30.0
267982711,30.0
267982712,30.0
267982713,30.0
267982715,30.0
267982717,30.0
267982719,30.0
267982721,30.0
267982724,30.0
267982726,30.0
267982730,30.0
267982731,30.0
267982733,30.0
267982735,30.0
267982739,30.0
267982741,30.0
267982743,30.0
267982745,30.0
267982747,30.0
267982749,30.0
267982750,30.0
267982752,30.0
267982754,30.0
267982756,20.0
267982759,30.0
267982761,30.0
267982763,30.0
267982764,30.0
267982766,30.0
267982768,30.0
267982770,30.0
267982774,30.0
267982776,30.0
267982778,30.0
267982780,30.0
267982782,30.0
267982784,30.0
267982786,30.0
267982788,30.0
267982789,30.0
267982792,30.0
267982794,30.0
267982798,30.0
267982805,30.0
267982807,30.0
267982809,30.0
267982811,30.0
267982813,25.0
267982815,30.0
267982817,30.0
267982819,30.0
267982821,30.0
267982823,30.0
267982825,24.0
267982831,30.0
267982833,30.0
267982835,30.0
267982839,30.0
267982841,30.0
267982843,30.0
267982845,30.0
268004430,30.0
268004432,30.0
268004433,30.0
268004435,30.0
268004438,30.0
268004442,30.0
268004444,30.0
268004445,30.0
268004448,30.0
268004450,30.0
268004451,30.0
268004452,30.0
268004454,30.0
268004455,30.0
268004457,30.0
268004458,30.0
268004461,30.0
268004462,30.0
268004463,30.0
268004464,30.0
268004467,30.0
268004468,30.0
268004470,30.0
268004471,30.0
268004472,30.0
268004474,30.0
268004475,30.0
268004476,30.0
268004478,30.0
268004483,30.0
268004484,30.0
268004485,30.0
268004486,30.0
268004487,30.0
268004488,30.0
268004489,30.0
268004490,30.0
268004491,30.0
268004492,30.0
268004494,30.0
268004495,30.0
268004496,30.0
268004497,30.0
268004498,30.0
268004501,30.0
268004502,30.0
268004505,30.0
268004506,30.0
268004507,30.0
268004508,30.0
268004510,30.0
268004511,30.0
268004512,30.0
268004513,30.0
268004516,30.0
268004517,30.0
268004518,50.0
268004519,20.0
268004520,30.0
268004521,30.0
268004522,30.0
268004524,30.0
268004525,30.0
268004526,30.0
268004528,30.0
268004529,30.0
268004530,30.0
268004531,30.0
268004532,30.0
268004533,30.0
268004534,30.0
268004535,30.0
268004538,30.0
268004540,30.0
268004541,30.0
268004542,30.0
268004544,30.0
268004545,30.0
268004546,30.0
268004548,30.0
268004549,30.0
268004550,30.0
268004551,30.0
268004552,30.0
268004554,30.0
268004555,30.0
268004556,30.0
268004558,30.0
268004560,30.0
268004561,30.0
268004562,30.0
268004563,30.0
268004566,30.0
268004567,30.0
268004569,30.0
268090164,30.0
268090165,30.0
268090167,30.0
268090171,30.0
268090173,30.0
268090177,30.0
268090180,30.0
268090184,30.0
268090187,30.0
268090190,20.0
268090192,25.0
268090194,30.0
268090197,30.0
268090199,30.0
268090202,30.0
268090206,30.0
268090210,30.0
268090212,30.0
268090215,30.0
268090218,30.0
268090221,30.0
268090224,30.0
268090225,30.0
268090226,30.0
268090227,30.0
268090228,30.0
268090229,30.0
268090230,30.0
268090233,20.0
268090234,20.0
268090235,30.0
268090238,30.0
268090239,30.0
268090240,30.0
268090242,30.0
268090246,20.0
268090247,20.0
268090251,30.0
268090252,30.0
268090254,30.0
268090256,30.0
268090257,30.0
268090258,20.0
268090260,30.0
268090262,30.0
268090263,30.0
268090264,20.0
268090265,30.0
268090267,30.0
268090268,30.0
268090269,30.0
268090270,30.0
268090271,30.0
268090274,30.0
268090275,30.0
268090276,30.0
268090279,30.0
268090281,30.0
268090282,30.0
268090283,30.0
268090284,30.0
268090285,30.0
268090286,30.0
268090288,30.0
268090289,30.0
268090290,20.0
268090292,25.0
268090293,20.0
268090294,20.0
268090295,30.0
268090296,30.0
268090298,30.0
268090299,30.0
268090300,30.0
268090301,30.0
268090302,30.0
268090303,30.0
268090304,30.0
268090305,30.0
268090306,20.0
268090307,20.0
268090308,30.0
268090310,30.0
268090312,30.0
268090313,30.0
268090314,30.0
268090315,30.0
268090317,30.0
268090318,30.0
268090319,30.0
268090320,30.0
268090321,30.0
268090322,30.0
268090323,30.0
268090324,30.0
268090327,30.0
268090329,30.0
268090334,30.0
268090335,30.0
268090336,30.0
268090339,30.0
268090341,30.0
268090342,30.0
268090344,30.0
268090345,30.0
268090346,30.0
268090347,30.0
268090348,30.0
268090349,30.0
268090350,30.0
268090353,25.0
268090354,30.0
268090355,25.0
268090356,30.0
268090358,30.0
268090359,20.0
268090361,30.0
268090362,30.0
268090364,30.0
268090365,30.0
268090366,30.0
268090367,30.0
268090368,20.0
268090369,30.0
268090370,30.0
268090371,30.0
268090372,20.0
268090373,30.0
268090374,30.0
268090375,30.0
268090376,30.0
268090377,30.0
268090378,30.0
268090380,30.0
268090381,30.0
268090382,30.0
268090383,30.0
268090385,30.0
268090386,30.0
268117427,30.0
268117428,30.0
268117429,30.0
268117430,30.0
268117431,30.0
268117433,30.0
268117434,30.0
268117435,30.0
268117438,30.0
268117439,30.0
268117440,30.0
268117441,20.0
268117442,30.0
268117444,30.0
268117445,30.0
268117446,30.0
268117447,30.0
268117448,30.0
268117449,30.0
268117450,30.0
268117452,30.0
268117453,30.0
268117454,30.0
268117455,30.0
268117457,30.0
268117458,30.0
268117459,30.0
268117462,30.0
268117463,30.0
268117465,30.0
268117467,30.0
268117468,30.0
268117469,30.0
268117471,30.0
268117472,30.0
268117473,30.0
268117474,30.0
268117475,30.0
268117477,30.0
268117478,30.0
268117479,30.0
268117481,30.0
268117482,30.0
268117484,30.0
268117485,30.0
268117487,30.0
268117488,30.0
268117489,30.0
268117491,30.0
268117492,30.0
268117493,30.0
268117494,30.0
268117495,25.0
268117496,25.0
268117498,30.0
268117499,30.0
268117500,20.0
268117501,30.0
268117503,30.0
268117504,30.0
268117505,30.0
268117506,30.0
268117508,30.0
268117509,30.0
268117511,30.0
268117512,30.0
268117515,20.0
268117516,30.0
268117517,25.0
268117518,20.0
268117519,30.0
268117520,30.0
268117521,30.0
268117522,30.0
268117523,30.0
268117524,30.0
268117526,30.0
268117527,30.0
268117529,30.0
268117531,30.0
268117532,30.0
268117533,20.0
268117534,20.0
268117535,30.0
268117537,30.0
268117538,30.0
268117539,20.0
268117542,30.0
268117543,30.0
268117544,30.0
268117545,30.0
268117546,25.0
268117547,25.0
268117548,30.0
268117549,30.0
268117550,30.0
268117551,30.0
268117553,30.0
268117554,30.0
268123421,30.0
268123423,25.0
268123432,30.0
268123454,25.0
268123456,30.0
268123460,30.0
268123463,30.0
268123465,30.0
268123468,30.0
268123470,30.0
268123474,30.0
268123479,30.0
268123491,30.0
268123501,25.0
268123505,25.0
268123513,30.0
268123526,30.0
268123538,30.0
268123550,30.0
268123553,30.0
268123555,30.0
268123556,30.0
268123558,25.0
268123569,30.0
268148290,30.0
268148292,30.0
268148297,30.0
268148298,30.0
268148299,30.0
268148300,30.0
268148301,30.0
268148302,30.0
268148304,30.0
268148306,30.0
268148308,30.0
268148311,30.0
268148313,30.0
268148315,30.0
268148318,30.0
268148323,30.0
268148324,30.0
268148326,30.0
268148327,30.0
268148329,30.0
268148330,30.0
268148332,30.0
268148333,30.0
268148334,30.0
268148336,30.0
268148338,30.0
268148339,30.0
268148341,30.0
268148342,30.0
268148343,30.0
268148344,30.0
268148345,30.0
268148347,30.0
268148348,30.0
268148350,30.0
268148351,30.0
268148352,30.0
268148353,30.0
268148354,30.0
268148357,30.0
268148361,30.0
268148362,30.0
268149495,30.0
268149496,30.0
268149498,30.0
268149499,30.0
268149500,30.0
268149502,30.0
268149503,30.0
268149505,30.0
268152839,30.0
268152841,30.0
268152842,30.0
268152843,30.0
268152844,30.0
268152845,30.0
268152846,30.0
268152848,30.0
268152849,30.0
268152850,30.0
268152851,30.0
268152852,30.0
268152853,25.0
268152854,30.0
268152855,30.0
268152856,30.0
268152857,30.0
268152858,30.0
268152859,30.0
268152860,30.0
268152861,30.0
268152862,30.0
268152863,30.0
268152864,30.0
268152865,25.0
268152867,30.0
268152868,30.0
268152869,30.0
268152871,30.0
268156794,30.0
268156795,30.0
268156796,30.0
268156798,30.0
268156799,30.0
268156800,30.0
268156801,25.0
268156802,30.0
268156803,30.0
268156804,30.0
268156806,30.0
268156807,30.0
268156808,30.0
268156809,30.0
268156810,30.0
268156811,30.0
268156812,30.0
268156813,30.0
268156814,30.0
268156815,30.0
268156816,30.0
268156817,30.0
268156818,30.0
268156820,30.0
268156821,30.0
268156822,30.0
268156823,30.0
268156824,30.0
268156825,30.0
268156826,30.0
268156827,30.0
268156828,30.0
268156829,25.0
268156830,30.0
268156831,30.0
268156832,30.0
268156833,30.0
268156834,30.0
268168461,20.0
268168463,30.0
268168464,30.0
268168466,30.0
268168467,30.0
268168470,30.0
268168472,20.0
268168473,30.0
268168475,30.0
268168476,30.0
268168477,20.0
268168479,30.0
268168480,20.0
268168481,20.0
268168482,20.0
268168485,30.0
268168486,20.0
268168487,30.0
268168489,30.0
268168490,30.0
268168491,30.0
268168492,30.0
268168494,30.0
268168495,30.0
268168496,20.0
268168497,30.0
268168499,20.0
268168501,30.0
268168502,30.0
268168503,30.0
268168505,30.0
268168506,20.0
268168507,30.0
268168508,20.0
268168510,30.0
268168511,30.0
268168512,30.0
268168513,30.0
268168515,30.0
268168516,20.0
268168517,30.0
268168518,30.0
268168519,30.0
268168521,30.0
268168522,30.0
268168523,30.0
268168524,30.0
268168526,30.0
268168527,30.0
268168528,30.0
268168530,30.0
268168531,30.0
268168532,30.0
268168533,20.0
268168535,30.0
268168536,30.0
268168537,30.0
268168540,20.0
268168541,30.0
268168542,30.0
268168544,30.0
268168545,30.0
268168547,20.0
268168549,20.0
268168551,30.0
268168554,30.0
268168556,30.0
268168557,30.0
268168559,30.0
268168560,30.0
268168561,30.0
268168563,30.0
268168564,30.0
268168565,30.0
268168569,30.0
268168571,25.0
268168573,25.0
268168574,30.0
268168575,30.0
268168577,30.0
268168578,30.0
268168580,30.0
268168581,30.0
268168582,30.0
268168584,20.0
268168585,30.0
268168588,30.0
268168589,30.0
268174006,25.0
268174009,30.0
268174012,30.0
268174016,30.0
268174018,30.0
268174020,30.0
268174022,30.0
268174024,30.0
268174026,30.0
268174028,30.0
268174032,30.0
268174035,30.0
268174036,30.0
268174040,30.0
268174043,30.0
268174047,30.0
268174051,30.0
268174054,30.0
268174056,30.0
268174057,30.0
268174059,30.0
268174060,30.0
268174062,30.0
268174063,30.0
268174065,30.0
268174066,30.0
268174068,30.0
268174069,30.0
268174071,30.0
268174073,30.0
268174075,30.0
268174076,30.0
268174080,30.0
268174081,30.0
268174084,30.0
268174086,30.0
268174088,30.0
268174090,30.0
268174094,30.0
268174096,30.0
268174101,30.0
268174107,30.0
268174108,30.0
268174111,30.0
268174113,30.0
268174116,30.0
268174119,30.0
268174121,30.0
268174122,30.0
268174124,30.0
268174125,30.0
268174128,30.0
268174131,30.0
268174132,30.0
268174136,30.0
268174141,30.0
268174142,30.0
268174144,30.0
268174146,30.0
268174148,30.0
268174150,30.0
268174151,30.0
268174153,30.0
268174156,30.0
268271744,30.0
268271746,30.0
268271747,30.0
268271749,30.0
268271752,30.0
268271754,30.0
268271755,32.0
268271759,30.0
268271760,30.0
268271761,30.0
268271762,30.0
268271763,30.0
268271765,30.0
268271766,30.0
268271768,25.0
268271769,30.0
268271770,30.0
268271771,25.0
268271772,25.0
268271773,30.0
268271775,30.0
268271776,30.0
268271777,30.0
268271778,30.0
268271779,30.0
268271784,30.0
268271785,30.0
268271786,20.0
268271787,30.0
268271788,30.0
268271789,30.0
268271790,30.0
268271791,30.0
268271792,30.0
268271793,30.0
268271794,30.0
268271795,30.0
268271796,30.0
268271797,30.0
268271798,30.0
268271799,30.0
268271800,30.0
268271801,30.0
268271802,30.0
268271803,30.0
268271804,30.0
268271805,30.0
268271806,30.0
268271807,30.0
268271809,30.0
268271810,30.0
268271811,30.0
268271813,30.0
268271814,20.0
268271815,30.0
268271816,30.0
268271817,30.0
268271818,30.0
268271820,30.0
268271823,30.0
268271824,30.0
268271825,30.0
268271826,30.0
268271827,30.0
268271829,30.0
268271831,30.0
268271832,30.0
268271833,30.0
268271835,30.0
268271836,30.0
268271837,30.0
268271838,30.0
268271839,30.0
268271840,30.0
268271841,30.0
268271842,30.0
268271843,30.0
268271844,30.0
268271846,30.0
268271847,30.0
268271848,30.0
268271849,30.0
268271850,30.0
268271851,30.0
268271852,30.0
268271853,30.0
268271854,30.0
268271855,30.0
268271856,30.0
268271857,30.0
268271858,30.0
268271859,30.0
268271861,30.0
268271863,30.0
268271864,30.0
268271865,30.0
268271866,30.0
268271867,30.0
268271868,30.0
268271870,30.0
268271871,30.0
268271872,30.0
268271873,30.0
268271874,25.0
268271875,30.0
268271876,30.0
268271877,30.0
268271878,30.0
268271879,30.0
268271880,30.0
268271883,20.0
268271884,30.0
268271885,30.0
268271886,30.0
268271888,30.0
268271889,30.0
268271890,30.0
268271891,30.0
268271892,30.0
268271893,30.0
268271894,30.0
268271895,30.0
268271897,30.0
268271898,30.0
268271899,30.0
268271900,30.0
268271901,30.0
268271902,30.0
268271903,30.0
268271904,30.0
268271905,30.0
268271907,30.0
268271908,30.0
268271909,30.0
268271910,30.0
268271911,30.0
268271912,30.0
268271913,30.0
268271914,30.0
268271915,30.0
268271916,30.0
268271917,30.0
268271919,30.0
268271920,30.0
268271921,30.0
268271922,30.0
268271923,30.0
268271924,30.0
268271925,30.0
268271926,30.0
268271927,30.0
268271928,30.0
268271929,25.0
268271930,30.0
268271931,30.0
268271932,30.0
268271933,30.0
268271934,30.0
268271935,30.0
268271936,30.0
268271937,30.0
268271938,30.0
268271940,30.0
268271941,30.0
268271942,30.0
268271943,30.0
268271944,30.0
268271945,30.0
268271946,30.0
268271947,30.0
268271948,30.0
268271949,30.0
268271950,30.0
268271951,30.0
268271953,30.0
268271955,30.0
268271956,30.0
268271957,25.0
268271958,30.0
268271959,30.0
268271960,30.0
268271961,30.0
268271962,30.0
268271963,20.0
268271964,30.0
268271965,30.0
268271966,30.0
268271969,30.0
268271970,30.0
268271971,30.0
268271972,30.0
268271973,30.0
268271974,30.0
268271977,30.0
268271978,30.0
268271979,30.0
268271981,30.0
268271983,30.0
268271984,30.0
268271985,30.0
268271986,30.0
268271987,30.0
268271988,30.0
268271989,30.0
268271990,30.0
268271991,30.0
268271992,30.0
268271993,30.0
268271994,30.0
268271996,30.0
268271999,30.0
268272001,30.0
268272002,30.0
268272004,30.0
268272005,30.0
268272006,25.0
268272007,30.0
268272008,30.0
268272010,30.0
268272012,30.0
268272013,30.0
268272015,30.0
268272016,30.0
268272018,30.0
268272019,30.0
268272020,30.0
268272021,30.0
268272022,30.0
268272024,30.0
268272025,20.0
268272026,30.0
268272027,30.0
268272028,30.0
268272029,30.0
268272030,30.0
268272031,30.0
268272032,30.0
268272033,30.0
268272034,30.0
268272035,30.0
268272036,30.0
268272037,30.0
268272038,30.0
268272039,30.0
268272041,30.0
268272042,30.0
268272043,30.0
268272044,30.0
268272045,30.0
268272046,30.0
268272048,30.0
268272049,30.0
268272050,30.0
268272051,30.0
268272052,30.0
268272053,30.0
268272054,30.0
268272055,30.0
268272056,30.0
268272057,30.0
268272058,30.0
268272059,30.0
268272060,30.0
268272061,30.0
268272062,30.0
268272063,30.0
268272064,30.0
268272065,30.0
268272066,30.0
268272068,30.0
268272069,30.0
268272071,30.0
268272072,30.0
268272074,30.0
268272075,30.0
268272076,30.0
268272077,30.0
268272078,30.0
268272079,30.0
268272080,30.0
268272081,30.0
268272083,30.0
268272084,30.0
268272085,30.0
268272086,30.0
268272087,30.0
268272088,30.0
268272089,30.0
268272090,30.0
268272094,30.0
268272095,30.0
268272096,30.0
268272097,30.0
268272099,30.0
268272100,30.0
268272101,30.0
268272102,30.0
268272103,30.0
268272104,30.0
268272105,30.0
268272106,30.0
268272107,30.0
268272108,30.0
268272109,30.0
268272110,30.0
268272111,30.0
268272112,30.0
268272114,30.0
268272115,30.0
268272116,30.0
268272117,30.0
268272119,30.0
268272120,30.0
268272121,30.0
268272122,30.0
268272123,30.0
268272124,30.0
268272125,30.0
268272126,30.0
268272130,30.0
268272133,30.0
268272134,30.0
268272135,30.0
268272136,30.0
268272137,30.0
268272138,30.0
268272139,30.0
268272140,30.0
268272141,30.0
268272142,30.0
268272143,30.0
268272144,30.0
268272145,30.0
268272146,30.0
268272147,30.0
268272148,30.0
268272149,30.0
268272150,30.0
268272151,30.0
268272152,30.0
268272153,25.0
268272154,30.0
268272155,30.0
268272156,30.0
268272157,25.0
268272159,30.0
268272160,30.0
268272161,30.0
268272162,30.0
268272163,30.0
268272164,30.0
268272165,30.0
268272166,30.0
268272167,30.0
268272170,30.0
268272171,30.0
268272172,30.0
268272173,30.0
268272174,30.0
268272175,30.0
268272176,30.0
268272177,30.0
268272178,30.0
268272179,30.0
268272180,30.0
268272181,30.0
268272182,30.0
268272183,30.0
268272184,30.0
268272185,30.0
268272186,30.0
268272187,25.0
268272188,30.0
268272189,30.0
268272190,30.0
268272191,30.0
268272193,30.0
268272194,30.0
268272195,30.0
268272197,30.0
268272198,30.0
268272200,30.0
268272201,30.0
268272204,30.0
268272205,30.0
268272208,30.0
268272209,30.0
268272210,30.0
268272211,30.0
268272212,30.0
268272213,30.0
268272214,30.0
268272216,25.0
268272218,30.0
268272219,30.0
268272220,30.0
268272221,30.0
268272222,30.0
268272223,30.0
268272224,30.0
268272225,30.0
268272226,30.0
268272227,30.0
268272229,30.0
268272230,30.0
268272231,30.0
268272232,30.0
268272233,30.0
268272235,30.0
268272237,30.0
268272238,30.0
268272239,30.0
268272240,25.0
268272241,30.0
268272242,30.0
268272243,30.0
268272244,30.0
268272245,30.0
268272246,30.0
268272247,30.0
268272248,30.0
268272249,25.0
268272250,30.0
268272251,30.0
268272252,30.0
268272253,30.0
268272255,30.0
268272256,30.0
268272257,30.0
268272258,30.0
268272259,30.0
268272260,30.0
268272261,30.0
268272262,30.0
268272263,30.0
268272264,30.0
268272265,30.0
268272266,25.0
268272267,30.0
268272268,30.0
268272269,30.0
268272270,30.0
268272272,30.0
268272273,30.0
268272274,30.0
268272275,30.0
268272279,30.0
268272280,30.0
268272281,30.0
268272282,30.0
268272283,30.0
268272284,30.0
268272285,30.0
268272286,30.0
268272287,30.0
268272288,30.0
268272289,30.0
268272290,25.0
268272292,30.0
268272293,30.0
268272294,30.0
268272295,30.0
268272297,30.0
268272299,30.0
268272300,30.0
268272301,30.0
268272302,30.0
268272303,30.0
268272305,30.0
268272307,30.0
268272308,20.0
268272310,30.0
268272311,30.0
268272312,30.0
268272313,25.0
268272314,30.0
268272315,25.0
268272316,30.0
268272318,30.0
268272319,30.0
268272320,30.0
268272321,30.0
268272322,30.0
268272323,30.0
268272325,30.0
268272327,30.0
268272328,30.0
268272329,30.0
268272330,30.0
268272331,30.0
268272332,25.0
268272333,30.0
268272334,30.0
268272335,30.0
268272336,30.0
268272337,30.0
268272338,25.0
268272339,30.0
268272340,30.0
268272341,30.0
268272343,30.0
268272344,30.0
268272345,30.0
268272346,30.0
268272347,30.0
268272348,30.0
268272349,30.0
268272350,30.0
268272352,30.0
268272353,30.0
268272354,30.0
268272356,30.0
268272357,30.0
268272358,30.0
268272359,30.0
268272361,30.0
268272362,25.0
268272363,30.0
268272364,30.0
268272365,30.0
268272366,30.0
268272367,30.0
268272368,30.0
268272369,30.0
268272370,30.0
268272371,30.0
268272373,30.0
268272374,30.0
268272375,30.0
268272376,30.0
268272378,30.0
268272379,30.0
268272382,30.0
268272383,30.0
268272384,30.0
268272385,30.0
268272388,30.0
268272389,30.0
268272390,30.0
268272392,30.0
268272393,30.0
268272395,30.0
268272396,30.0
268272397,30.0
268272398,30.0
268272401,30.0
268272402,30.0
268272403,30.0
268272404,30.0
268272405,30.0
268272406,30.0
268272407,30.0
268272409,30.0
268272410,30.0
268272411,30.0
268272412,30.0
268272413,30.0
268272415,30.0
268272416,30.0
268272417,30.0
268272419,30.0
268272420,30.0
268272421,30.0
268272422,30.0
268272423,30.0
268272424,30.0
268272425,30.0
268272426,25.0
268272427,30.0
268272428,25.0
268272429,30.0
268272434,30.0
268272435,30.0
268272436,30.0
268272439,30.0
268272442,30.0
268272443,30.0
268272444,30.0
268272445,30.0
268272446,30.0
268272448,30.0
268272449,30.0
268272450,25.0
268272451,30.0
268272452,30.0
268272453,30.0
268272455,30.0
268272456,25.0
268272457,30.0
268272458,30.0
268272459,30.0
268272460,30.0
268272461,30.0
268272463,30.0
268272464,30.0
268272465,30.0
268272466,30.0
268272467,30.0
268272469,25.0
268272470,30.0
268272471,30.0
268272472,30.0
268272474,30.0
268272475,30.0
268272477,30.0
268272479,30.0
268272482,30.0
268272483,30.0
268272486,30.0
268272488,30.0
268272489,30.0
268272498,30.0
268272500,30.0
268272502,30.0
268272504,30.0
268272506,30.0
268272507,30.0
268272508,25.0
268272512,30.0
268404414,30.0
268404415,30.0
268404416,24.0
268404417,30.0
268404418,30.0
268404419,30.0
268404420,30.0
268404421,30.0
268404422,30.0
268404423,30.0
268404424,30.0
268404425,30.0
268404426,30.0
268404427,30.0
268404428,30.0
268404429,30.0
268404430,30.0
268404431,30.0
268404432,30.0
268404433,30.0
268404434,30.0
268404435,30.0
268404436,30.0
268404437,30.0
268404438,30.0
268404439,30.0
268404440,30.0
268404441,30.0
268404442,30.0
268404443,30.0
268404444,30.0
268404445,30.0
268404446,30.0
268404447,30.0
268404449,30.0
268404450,30.0
268404451,30.0
268404452,30.0
268404453,30.0
268404454,30.0
268404455,30.0
268404456,30.0
268404457,30.0
268404458,30.0
268404459,30.0
268404460,30.0
268404461,30.0
268404462,30.0
268404463,30.0
268404464,30.0
268404465,30.0
268404466,30.0
268404467,30.0
268404468,30.0
268404469,30.0
268404470,30.0
268404471,30.0
268404472,30.0
268404473,30.0
268404474,30.0
268404475,30.0
268404476,30.0
268404477,30.0
268404478,30.0
268404479,30.0
268404480,30.0
268404481,30.0
268404482,30.0
268404483,30.0
268404484,30.0
268404485,30.0
268404486,30.0
268404487,30.0
268404489,30.0
268404490,30.0
268404491,24.0
268404492,30.0
268404493,30.0
268404494,30.0
268404495,30.0
268404496,30.0
268404497,30.0
268404498,30.0
268404499,30.0
268404500,30.0
268404501,30.0
268404502,30.0
268404503,30.0
268404504,30.0
268404505,30.0
268404506,30.0
268404507,30.0
268404508,30.0
268404509,30.0
268404510,30.0
268404511,30.0
268404512,40.0
268404513,30.0
268404514,30.0
268404515,30.0
268404516,30.0
268404517,30.0
268404518,30.0
268404519,30.0
268404520,30.0
268404521,30.0
268404522,30.0
268404523,30.0
268404524,30.0
268404525,30.0
268404526,30.0
268404528,30.0
268404529,30.0
268404530,30.0
268404531,30.0
268404532,30.0
268404533,30.0
268404534,30.0
268404535,30.0
268404536,30.0
268404537,30.0
268404538,30.0
268404539,30.0
268404540,30.0
268404541,30.0
268404543,30.0
268404545,30.0
268404547,30.0
268404549,30.0
268404550,30.0
268404552,30.0
268404554,30.0
268404556,30.0
268404557,30.0
268404559,30.0
268404561,30.0
268404563,30.0
268404564,30.0
268404565,30.0
268404566,30.0
268404567,30.0
268404568,30.0
268404569,30.0
268404570,30.0
268404571,30.0
268404572,30.0
268404573,30.0
268404574,30.0
268404575,30.0
268404576,30.0
268404578,30.0
268404581,30.0
268404583,30.0
268404587,30.0
268404590,30.0
268404593,30.0
268404595,30.0
268404598,30.0
268404600,30.0
268404602,30.0
268404604,30.0
268404607,30.0
268404610,30.0
268404612,30.0
268404615,30.0
268404618,30.0
268404621,30.0
268404624,30.0
268404627,30.0
268404629,30.0
268404631,30.0
268404633,30.0
268404634,30.0
268404637,30.0
268404639,30.0
268404641,30.0
268404642,30.0
268404643,30.0
268404644,30.0
268404646,30.0
268404649,30.0
268404651,30.0
268404653,30.0
268404655,30.0
268404656,30.0
268404657,30.0
268404659,30.0
268404661,30.0
268404662,30.0
268404664,30.0
268404665,30.0
268404666,30.0
268404668,30.0
268404669,30.0
268404670,30.0
268404671,30.0
268404672,30.0
268404673,30.0
268404674,30.0
268404675,30.0
268404676,30.0
268404677,30.0
268404678,30.0
268404679,30.0
268404680,30.0
268404681,30.0
268404682,30.0
268404683,30.0
268404684,30.0
268404685,30.0
268404686,30.0
268404688,30.0
268404690,30.0
268404691,30.0
268404692,30.0
268404693,30.0
268404694,30.0
268404695,30.0
268404696,30.0
268404697,30.0
268404698,30.0
268404699,30.0
268404700,30.0
268404701,30.0
268404702,30.0
268404703,30.0
268404704,30.0
268404705,30.0
268404706,30.0
268409552,30.0
268409554,30.0
268409557,30.0
268409559,30.0
268409560,30.0
268409562,30.0
268409566,25.0
268409568,30.0
268409570,30.0
268411467,30.0
274091209,24.0
281027160,45.0
281027162,45.0
283070161,30.0
283070162,30.0
283082581,25.0
283082582,30.0
283118883,30.0
283140494,50.0
283303325,50.0
283303329,30.0
283303331,30.0
283303332,40.0
283330774,50.0
283330776,50.0
283330777,30.0
283549362,30.0
283557717,30.0
283557719,30.0
283557720,30.0
283557721,30.0
283557722,30.0
283557723,30.0
283557724,30.0
283562278,50.0
283562279,50.0
283562280,50.0
283562282,50.0
289160634,30.0
289160845,30.0
289160898,30.0
289160899,30.0
289160928,30.0
289160984,30.0
289161032,30.0
289161168,30.0
289161169,30.0
289161217,30.0
289161278,30.0
289161524,30.0
289161541,30.0
289161546,30.0
289161555,30.0
289161606,25.0
289336222,30.0
289336241,30.0
289336264,30.0
289336288,30.0
289336326,30.0
289336333,30.0
289336670,30.0
289336721,30.0
289336733,30.0
289336763,30.0
289336772,30.0
289336778,30.0
289336795,30.0
289336799,30.0
289336884,30.0
289337372,30.0
289337382,30.0
289337671,30.0
289337675,30.0
289337765,30.0
289337901,30.0
289337937,30.0
289338099,30.0
289338112,30.0
289338126,30.0
289338130,30.0
289338145,30.0
289338155,30.0
289338156,30.0
289338186,30.0
289338212,30.0
289338216,30.0
289338235,30.0
289338245,30.0
289338257,30.0
289338262,30.0
289338263,30.0
289338312,30.0
289338329,30.0
289338349,30.0
289338386,30.0
289338432,30.0
289338449,30.0
289338455,30.0
289338457,30.0
289338462,30.0
289338490,30.0
289338815,30.0
289338817,30.0
289338849,30.0
289338852,30.0
289338857,30.0
289338966,30.0
289339057,30.0
289339724,25.0
289339729,25.0
289339765,25.0
289339775,25.0
289339936,25.0
293102231,20.0
293102233,20.0
294992821,25.0
301306452,20.0
301734126,20.0
303722809,30.0
303722810,30.0
303722811,30.0
303722943,30.0
303999807,90.0
304004914,90.0
304010273,40.0
304010288,25.0
304010291,25.0
304010370,24.0
304010779,90.0
304010780,90.0
304010781,90.0
304010782,90.0
304010783,90.0
304010785,90.0
304010786,90.0
304317636,60.0
304317637,60.0
304317638,60.0
304317639,50.0
304397484,30.0
304397486,50.0
304398099,40.0
304398103,40.0
304398106,40.0
304398108,50.0
304398115,30.0
304398117,30.0
304398119,40.0
304869516,45.0
304869517,50.0
304869519,80.0
304869520,80.0
304869737,50.0
304870762,50.0
304870763,50.0
304871585,50.0
305692001,30.0
305692002,30.0
305692003,30.0
305692005,30.0
305692007,30.0
305692008,30.0
305692093,30.0
305692094,30.0
306882349,32.0
306882350,40.0
306883526,20.0
311395603,60.0
311396233,60.0
311396234,30.0
311396235,25.0
311396236,60.0
311396451,60.0
311396452,60.0
311396454,30.0
311532634,25.0
311532636,25.0
311532637,25.0
311532638,30.0
311532639,30.0
311532864,25.0
311532865,25.0
311532866,25.0
311533065,25.0
311533068,25.0
311533069,25.0
311533071,25.0
311533216,25.0
311533217,30.0
311533218,30.0
311533219,30.0
311533220,30.0
311533221,30.0
311533222,30.0
311533223,30.0
311533224,30.0
311534004,30.0
311534006,30.0
311534008,30.0
311534009,30.0
311534010,25.0
311534011,25.0
311534668,25.0
311534669,25.0
311534670,25.0
311534671,25.0
311534673,25.0
311534674,25.0
312030686,30.0
312030687,30.0
312030689,30.0
312030690,25.0
312030691,30.0
312030692,30.0
312030693,30.0
312030694,25.0
312030695,30.0
312030696,40.0
312030697,30.0
312030698,30.0
312030699,30.0
312030700,30.0
312030701,30.0
312030702,30.0
312030703,30.0
312030704,30.0
312030705,30.0
312031215,30.0
312031217,25.0
312031218,30.0
312031220,30.0
312031221,30.0
312031222,30.0
312031223,30.0
312031224,30.0
312031225,30.0
312031226,30.0
312031227,25.0
312031657,30.0
312031658,30.0
312031659,30.0
312031660,30.0
312031661,30.0
312031662,30.0
312031663,30.0
312031664,30.0
312031665,30.0
312031666,30.0
312031667,30.0
312031822,20.0
312031823,20.0
312031825,30.0
312031826,30.0
312031827,30.0
312031828,30.0
312031829,30.0
312031830,30.0
312031831,30.0
312031832,30.0
312031833,30.0
312031834,25.0
312032623,30.0
312032625,30.0
312032626,30.0
312032627,25.0
312032628,25.0
314685687,30.0
314685688,30.0
314688419,30.0
317892518,24.0
317909308,20.0
318632521,30.0
318632523,30.0
318632528,30.0
318632530,30.0
318632531,30.0
318632532,30.0
318632533,30.0
318632534,30.0
318632535,25.0
318632536,30.0
318632537,30.0
318632538,30.0
318632539,30.0
318632540,30.0
318632541,30.0
318632542,30.0
318632543,24.0
318632545,30.0
318632546,30.0
318632550,30.0
318632551,30.0
318632552,30.0
318632553,20.0
321946524,45.0
322444787,50.0
322444788,40.0
322444789,50.0
322444790,50.0
322444791,50.0
322444792,50.0
322450728,30.0
322450729,30.0
322450730,30.0
323806948,50.0
323827124,50.0
323827126,50.0
323827127,50.0
323827128,30.0
323827129,50.0
323999401,50.0
331071037,30.0
331071038,30.0
331071039,30.0
331071040,30.0
331071041,30.0
331071042,30.0
331252413,60.0
331252416,60.0
331254471,45.0
331254472,45.0
331346191,20.0
332151942,30.0
332151943,30.0
332151944,40.0
332151945,45.0
332151946,30.0
332151947,30.0
332151948,40.0
336949459,30.0
338664395,50.0
338664397,50.0
338664398,50.0
338664405,50.0
338664412,30.0
338664420,50.0
338664424,30.0
338664426,30.0
338664429,30.0
338664430,30.0
338664432,30.0
338664434,30.0
338664435,30.0
338664439,30.0
338664442,30.0
338664446,50.0
338664450,30.0
338664452,30.0
338664454,30.0
338664455,30.0
338664457,30.0
338664458,30.0
338664461,50.0
338664464,25.0
338664468,30.0
338664471,30.0
338664473,30.0
338664476,30.0
338664477,30.0
338664479,30.0
338664483,30.0
338664485,30.0
338664486,30.0
338664491,30.0
338664493,30.0
339046715,30.0
339046716,30.0
339046717,30.0
339046718,30.0
339046719,30.0
339046720,30.0
339046722,30.0
339046723,40.0
339046724,30.0
339046725,30.0
339046726,30.0
339046727,40.0
339046728,30.0
339046729,30.0
339046730,30.0
339046731,30.0
339046732,30.0
339046733,30.0
339046734,30.0
339046735,30.0
339046736,30.0
339046737,30.0
339046738,30.0
339046739,30.0
339046740,30.0
339046741,30.0
339046742,30.0
339046743,30.0
339046744,30.0
339046745,30.0
339046746,30.0
339046747,30.0
339046748,30.0
339046749,30.0
339046750,30.0
339046751,30.0
339046753,30.0
339046754,30.0
339046755,30.0
339046756,30.0
339046757,40.0
339046758,30.0
339046759,30.0
339046760,30.0
339046761,30.0
339046762,30.0
339761127,30.0
339777326,30.0
339777328,30.0
339777330,30.0
339777331,30.0
339777332,30.0
339777333,30.0
339777334,30.0
339803232,50.0
339803233,50.0
339803234,50.0
339803235,50.0
339803236,24.0
339803238,30.0
339803239,40.0
339803240,25.0
339803241,45.0
339803242,24.0
339803243,30.0
339803244,30.0
339803245,40.0
339803247,32.0
339803248,32.0
339803249,30.0
339803251,40.0
339803252,32.0
339803253,20.0
339803256,40.0
339803257,45.0
339803258,40.0
339803259,32.0
339816531,30.0
339816532,30.0
339816533,30.0
339816535,30.0
339816536,30.0
339816537,30.0
339816539,30.0
339816540,30.0
339816541,30.0
339816543,30.0
339816545,30.0
339816547,30.0
339816550,30.0
339816551,30.0
339816553,30.0
339816555,30.0
339816558,30.0
339816559,30.0
339816609,30.0
339816610,30.0
339816613,30.0
339816615,30.0
339816616,30.0
339816618,30.0
339828316,30.0
339828317,30.0
339828318,30.0
339828319,30.0
339828320,30.0
339828321,30.0
339828322,30.0
339828323,30.0
339828324,30.0
339828325,30.0
339828326,30.0
339828327,30.0
339828328,30.0
340143950,30.0
340143952,30.0
340143955,25.0
340143957,30.0
340143958,30.0
340143960,30.0
340143961,30.0
340143963,30.0
340143964,30.0
340143968,30.0
340143969,30.0
340143970,30.0
340143972,30.0
340143973,30.0
340143975,30.0
340143976,30.0
340143977,30.0
340143979,30.0
340143980,30.0
340143981,30.0
340143982,30.0
340143984,30.0
340143986,30.0
340143987,30.0
340143989,30.0
340143990,30.0
340143991,30.0
340143992,30.0
340143993,30.0
340143994,30.0
340143995,30.0
340143996,30.0
340143997,30.0
340143998,25.0
340143999,30.0
340144000,30.0
340144001,30.0
340144002,30.0
340144004,30.0
340144005,30.0
340144006,30.0
340144008,30.0
340144009,30.0
340144010,30.0
340144011,30.0
340144013,30.0
340144015,30.0
340144017,30.0
340144018,30.0
340144020,30.0
340144021,25.0
340144022,30.0
340144024,30.0
340144025,25.0
340144027,30.0
340144028,25.0
340144030,30.0
340144031,30.0
340144032,30.0
340144034,30.0
340144035,30.0
340144037,30.0
340144038,30.0
340144040,30.0
340144041,25.0
340144043,30.0
341672609,30.0
341672610,30.0
341672611,30.0
341672612,30.0
341672613,30.0
341672614,30.0
341672615,30.0
341672616,30.0
341672617,30.0
341672618,30.0
341672619,30.0
341672620,30.0
343775169,16.0
345555085,30.0
345627389,20.0
345627390,20.0
345627391,20.0
345627392,20.0
345627393,25.0
345627396,25.0
345627402,20.0
346158034,25.0
346591658,40.0
346591659,25.0
346591660,30.0
346591661,30.0
346591662,30.0
346591663,30.0
346937791,30.0
346938053,30.0
346938054,30.0
346938055,30.0
346938056,30.0
346938057,30.0
346938058,30.0
346938059,30.0
346938060,30.0
346938063,30.0
346938188,30.0
346938189,30.0
346938191,30.0
346938192,30.0
346938193,30.0
346938194,30.0
346938195,30.0
346938196,30.0
346938269,30.0
349123106,30.0
350607292,50.0
352130890,20.0
361582609,30.0
361584786,25.0
361584787,30.0
361584788,30.0
361585008,30.0
361585010,25.0
361609208,30.0
361609209,30.0
361609811,30.0
361609812,30.0
361609813,30.0
361758989,30.0
361758990,30.0
361758991,30.0
361758992,30.0
361758993,30.0
361758994,30.0
361758995,30.0
361758996,30.0
361758997,30.0
361758998,30.0
361758999,30.0
361759000,30.0
361759001,30.0
361759002,30.0
361759003,30.0
361759004,30.0
361759005,30.0
361759006,30.0
361759007,30.0
361910478,30.0
361910480,30.0
361917316,20.0
361920265,30.0
361920266,20.0
361920833,30.0
361920834,30.0
361920835,30.0
361920836,30.0
361933333,30.0
361933335,30.0
361933338,30.0
361933340,30.0
361933342,30.0
361933345,30.0
361933347,30.0
361933351,30.0
361935482,30.0
361935483,30.0
361935484,30.0
361935485,30.0
361935486,30.0
361935487,30.0
361935489,30.0
361935491,30.0
361935492,30.0
361946946,20.0
361965223,30.0
361965224,30.0
361965225,30.0
361965226,30.0
361965227,30.0
361965229,30.0
361965230,30.0
361965231,30.0
361965232,30.0
361965233,30.0
361965234,30.0
361965235,30.0
361965236,30.0
361965237,30.0
361965238,30.0
361965239,25.0
361965240,30.0
362081405,30.0
362081409,30.0
362081411,30.0
362081413,30.0
362081416,30.0
362081417,30.0
362088582,30.0
362088583,30.0
362088584,30.0
362088585,30.0
362088586,30.0
362094988,30.0
362094989,30.0
362094990,30.0
362094991,30.0
362094992,30.0
362094993,30.0
362095418,30.0
362095420,30.0
362095421,30.0
362096684,30.0
362096685,30.0
362096686,30.0
362096687,30.0
362100428,30.0
362100996,30.0
362100998,30.0
362102150,30.0
362102151,30.0
362102152,30.0
362118708,30.0
362129082,30.0
362132062,30.0
362155456,30.0
362155457,30.0
362155458,30.0
362155459,30.0
362155460,30.0
362155461,30.0
362155462,30.0
363581678,50.0
365977155,30.0
365977156,24.0
365977619,30.0
365977648,30.0
365977733,30.0
365978087,30.0
365995763,30.0
366330221,30.0
366330223,30.0
366330224,30.0
366330225,30.0
366330226,36.0
367625766,30.0
367664523,30.0
367664524,30.0
367664525,45.0
367712444,30.0
367712932,30.0
367712934,30.0
368475233,30.0
368530208,30.0
368530209,30.0
368530210,30.0
368530211,30.0
368530212,30.0
368530874,24.0
368530875,30.0
368530876,30.0
368530877,30.0
368530878,30.0
368530880,30.0
368530881,30.0
368530882,30.0
368530883,30.0
368530885,30.0
368530886,30.0
368530887,30.0
368531881,30.0
368531883,30.0
368531884,30.0
368531885,30.0
368531887,30.0
368531888,30.0
368531890,30.0
368531891,30.0
368531892,30.0
368531893,30.0
368531895,30.0
368531896,30.0
368531898,30.0
368531899,30.0
368531900,30.0
368532309,30.0
368532310,30.0
368532312,30.0
368532313,30.0
368533088,20.0
368533091,30.0
368533093,30.0
368533094,30.0
368533096,30.0
368533098,30.0
368533100,30.0
368533104,30.0
368533381,30.0
368629802,30.0
368629803,30.0
368629804,30.0
369165985,30.0
369165986,30.0
369165987,30.0
369165989,30.0
369165990,30.0
369165991,30.0
369165992,30.0
369165993,30.0
369165994,30.0
369165995,30.0
369541453,30.0
369546498,30.0
369546499,30.0
369546500,30.0
369546501,30.0
369546502,30.0
369546503,30.0
369546504,30.0
369549762,30.0
369549764,30.0
369559160,30.0
369559161,30.0
369559162,30.0
369559163,30.0
369559164,30.0
369559165,30.0
369559166,30.0
369683890,30.0
369683891,30.0
369683892,30.0
369683893,30.0
369683894,30.0
369872934,30.0
369872935,30.0
369872936,30.0
370023714,30.0
370023715,25.0
370023716,30.0
370023717,30.0
370023718,30.0
370023719,30.0
370023720,30.0
370023721,30.0
370023722,30.0
370023723,30.0
370023724,30.0
370023725,30.0
370037222,30.0
370041952,30.0
370041953,30.0
370041954,30.0
370047788,30.0
370047789,30.0
370047790,30.0
370047791,30.0
370047792,30.0
370047793,30.0
370047794,30.0
370047795,30.0
371957095,30.0
371957096,30.0
371957097,30.0
371957098,30.0
371957100,30.0
371957101,30.0
371957102,30.0
371957103,30.0
371957104,30.0
371957105,30.0
371957106,30.0
371957107,30.0
371957108,30.0
371957109,30.0
371957110,30.0
371957111,30.0
371957112,30.0
371957113,30.0
371957114,30.0
371957115,30.0
371957116,30.0
371957117,30.0
371957118,30.0
371957119,30.0
371957120,30.0
371957121,30.0
371957122,30.0
371957123,30.0
371957124,30.0
371957125,30.0
371957126,30.0
371957127,30.0
371957129,30.0
371957130,30.0
371957131,30.0
371957133,30.0
371957134,30.0
371957136,30.0
371957138,30.0
371957140,30.0
371957142,30.0
371957144,30.0
371957147,30.0
371957149,30.0
371957150,30.0
371957151,30.0
371957152,30.0
371957153,30.0
371957154,30.0
371957155,30.0
371957156,30.0
371957157,30.0
371957158,30.0
371957159,30.0
374335920,20.0
374519343,30.0
374519344,30.0
374547971,20.0
374547972,20.0
374931543,30.0
375100810,20.0
375100821,45.0
378126403,30.0
378219627,45.0
378219629,45.0
378219630,25.0
378423225,16.0
379740256,20.0
379756348,20.0
380705183,25.0
380705184,25.0
380705185,25.0
380705195,25.0
380705197,25.0
380705198,25.0
380705200,20.0
380705202,20.0
380705203,20.0
380705204,25.0
380705205,25.0
381567238,30.0
381567239,30.0
381567241,50.0
381567242,30.0
381567243,30.0
381567244,30.0
381567246,30.0
381567247,30.0
381567248,20.0
381567249,30.0
381567250,20.0
381567251,30.0
381567252,30.0
381567253,20.0
381567254,30.0
381567255,20.0
381567256,20.0
381567257,20.0
381567258,30.0
381567259,30.0
381567260,30.0
381567261,30.0
381567262,20.0
381567263,30.0
381567264,20.0
381567265,30.0
381567266,30.0
381567267,20.0
381567268,50.0
381567270,30.0
381567271,30.0
381567272,30.0
381567273,30.0
381567275,30.0
381593050,30.0
381593052,30.0
381593053,30.0
381593055,25.0
381593056,25.0
381593058,25.0
381593060,30.0
381593061,30.0
381593063,30.0
381593064,30.0
381593066,30.0
381593067,30.0
381600968,45.0
381600974,50.0
381600979,40.0
381600986,45.0
381600989,30.0
381600993,45.0
381600996,10.0
381600997,30.0
381600998,20.0
381600999,30.0
381601000,30.0
381601001,30.0
381601002,30.0
381601003,30.0
381601004,30.0
381601005,30.0
381601006,30.0
381601007,30.0
381601008,30.0
381601009,30.0
381601010,30.0
381601011,30.0
381601012,30.0
381601013,30.0
381601014,30.0
381601015,30.0
381601016,45.0
381601017,30.0
381601019,30.0
381601020,30.0
381601021,30.0
381601022,30.0
381604294,50.0
381604297,50.0
381604301,30.0
381604302,45.0
381606595,30.0
381606597,20.0
381606598,30.0
381606599,30.0
381606600,30.0
381610567,25.0
381610568,25.0
381610587,25.0
381610588,30.0
381610591,30.0
381610599,30.0
381610606,20.0
381610611,24.0
381610615,30.0
381610618,30.0
381610632,25.0
381610636,30.0
381610646,24.0
381610653,30.0
381610696,30.0
381610702,30.0
381610708,24.0
381610715,30.0
381610716,24.0
381610742,20.0
381610747,25.0
381610777,30.0
381610785,20.0
381610797,30.0
381610817,30.0
381610820,20.0
381619030,50.0
381619031,50.0
381619033,30.0
381619037,30.0
381619049,50.0
381620734,30.0
381620736,30.0
381620743,30.0
381620768,30.0
381620772,30.0
381620801,30.0
381620809,30.0
381626295,40.0
381626296,30.0
381626297,50.0
382238393,60.0
382238396,60.0
382281745,30.0
382281747,30.0
382281748,30.0
382281749,30.0
382281750,20.0
382281751,30.0
382281754,30.0
382281755,30.0
382281756,30.0
382281757,30.0
382281759,30.0
382281760,30.0
382281761,30.0
382281762,30.0
382281763,30.0
382281764,30.0
382281765,30.0
382281766,30.0
382281767,30.0
382281768,30.0
382281769,30.0
382281770,30.0
382281771,30.0
382281772,30.0
382281773,30.0
382281774,30.0
382281775,30.0
382281776,25.0
382281777,25.0
382281778,30.0
382281779,30.0
382281780,30.0
382281781,30.0
382281782,30.0
382281783,30.0
382281784,30.0
382281785,30.0
382281786,30.0
382281787,30.0
382281788,30.0
382281789,30.0
382281790,30.0
382281791,30.0
382281792,30.0
382281793,30.0
382281794,30.0
382281795,30.0
382281796,30.0
382281797,30.0
382281798,30.0
382281799,30.0
382281800,20.0
382281801,30.0
382281802,30.0
382281803,30.0
382281804,30.0
382281805,30.0
382281806,30.0
382281807,30.0
382281808,30.0
382284147,30.0
382284148,30.0
382284150,30.0
382284151,30.0
382284152,30.0
382284154,30.0
382284155,40.0
382284157,30.0
382284158,30.0
382284159,30.0
382284160,30.0
382284162,30.0
382284165,30.0
382284166,30.0
382284167,30.0
382284168,30.0
382284170,30.0
382284171,30.0
382284173,30.0
382284175,30.0
382284176,30.0
382284177,30.0
382284178,30.0
382284180,30.0
382284181,30.0
382284184,30.0
383497054,20.0
383501392,20.0
383501393,20.0
383501394,20.0
383501395,20.0
384375756,30.0
384375757,25.0
384392298,50.0
384392299,30.0
384392301,50.0
384429563,60.0
384429564,60.0
384429565,60.0
384429566,60.0
384872546,30.0
384889561,30.0
384907313,30.0
384907314,30.0
384907315,30.0
384914108,30.0
385685565,20.0
385685566,20.0
386046561,25.0
386046562,30.0
386047735,40.0
386047736,40.0
386798120,25.0
386936794,20.0
388293007,30.0
388718980,30.0
388718981,30.0
388718982,30.0
388718983,30.0
388829613,30.0
388829617,25.0
389073900,30.0
389073902,20.0
389074641,30.0
389900918,25.0
391519948,60.0
391519949,60.0
391519951,60.0
395642852,25.0
395642855,30.0
395642856,30.0
405349883,30.0
405349886,40.0
405349888,30.0
405349890,40.0
405349892,40.0
405349893,40.0
405353415,30.0
405353416,40.0
405353417,30.0
406462948,30.0
406462949,30.0
406465724,50.0
406476997,30.0
406491333,30.0
406491334,30.0
407301784,30.0
407539640,30.0
407545216,20.0
407545218,36.0
407545220,40.0
407545222,36.0
415107341,30.0
415107930,30.0
415107932,30.0
415107933,30.0
415107934,30.0
415107935,30.0
415107936,30.0
415107937,30.0
415107939,30.0
417055691,20.0
417100428,30.0
417100436,30.0
417100440,30.0
417100449,30.0
417100455,30.0
417100457,30.0
417653523,30.0
418213376,20.0
418241133,30.0
418241429,30.0
418241430,30.0
418241431,30.0
418241953,30.0
418874976,30.0
419324175,30.0
419896354,30.0
419898724,30.0
419901084,30.0
420087170,30.0
420172447,30.0
421746409,30.0
421746671,24.0
421747303,24.0
421749939,24.0
421766550,24.0
421767163,20.0
421785660,20.0
421790512,30.0
422443926,24.0
422444141,24.0
422479006,30.0
422479007,30.0
422479008,25.0
422479009,25.0
422479010,25.0
422479011,25.0
422479012,25.0
422479013,30.0
422479015,30.0
422479017,20.0
422479018,30.0
422479019,30.0
422479022,25.0
422479023,25.0
422479024,60.0
422479025,60.0
422479026,60.0
422479027,60.0
422479036,30.0
422479039,30.0
422484650,25.0
422487451,30.0
422487454,30.0
422487480,32.0
422487482,30.0
422509097,32.0
422509099,20.0
422509101,20.0
422509102,20.0
422509103,20.0
422509104,60.0
422509105,60.0
422509106,60.0
422509107,60.0
422509108,60.0
422509109,60.0
422509110,60.0
422509111,60.0
422509112,25.0
422509113,25.0
422509114,25.0
422509115,60.0
422509116,60.0
422509119,60.0
422518329,30.0
422518330,30.0
422518331,50.0
422518336,30.0
422554721,40.0
422889777,30.0
422889778,30.0
422889779,30.0
422889842,30.0
422889843,30.0
422891412,30.0
422891413,30.0
422891414,30.0
422891750,30.0
422891751,30.0
422892851,24.0
422892852,30.0
422892853,30.0
422892854,30.0
422892855,30.0
422892984,40.0
422892985,30.0
422892986,30.0
422894133,30.0
422894135,30.0
422897885,30.0
422897886,30.0
422897888,30.0
422897893,30.0
422900168,30.0
422900169,30.0
422900170,30.0
422900171,30.0
422900172,50.0
422900174,50.0
422900175,30.0
422900176,30.0
422900177,30.0
422900178,30.0
422900179,25.0
422903784,30.0
422903785,30.0
422903786,30.0
422903787,50.0
422903788,30.0
422903789,50.0
423519697,30.0
425389954,30.0
425392447,30.0
425403069,30.0
425423325,30.0
425424942,30.0
425424943,30.0
425424944,40.0
425431758,30.0
425463194,40.0
425463195,30.0
425463196,30.0
425463197,30.0
425463198,30.0
425463199,30.0
425463200,30.0
425463201,30.0
426018001,30.0
426020225,30.0
426020227,40.0
426020228,30.0
426020229,30.0
426020230,30.0
426024217,30.0
426024218,30.0
426024316,30.0
426034489,30.0
426146825,30.0
426146826,30.0
426160964,30.0
426168258,30.0
426168260,30.0
426168261,30.0
426173232,30.0
426177188,30.0
426177190,30.0
426177191,30.0
426223138,20.0
426223139,20.0
426223140,30.0
426223141,30.0
426675286,30.0
426679761,30.0
426680175,40.0
426690500,20.0
426713070,30.0
426713071,30.0
426713072,20.0
426713073,20.0
426713074,30.0
426713075,30.0
426718936,20.0
427051184,30.0
427051185,30.0
427051187,20.0
427085994,20.0
427085995,20.0
427085996,20.0
427085997,30.0
427102988,30.0
427102989,20.0
427102990,30.0
427102991,40.0
427102992,20.0
427102993,20.0
427107708,30.0
427107712,30.0
427139593,30.0
427139594,40.0
427141887,30.0
427257629,20.0
427258012,30.0
427688822,30.0
427688823,45.0
427688824,40.0
427689389,30.0
427694485,30.0
427694486,40.0
427694785,20.0
427697767,30.0
427697768,30.0
427697770,50.0
427697771,30.0
427697772,50.0
427697773,30.0
427698533,30.0
427743409,30.0
427743410,30.0
427743411,30.0
427743412,20.0
427743414,25.0
427743415,50.0
427743416,30.0
427743417,20.0
427743418,20.0
427743419,30.0
427815139,20.0
427815140,20.0
427815141,20.0
427815143,20.0
427815144,30.0
427815145,20.0
427816128,20.0
427824035,20.0
427857542,30.0
428278740,30.0
428278741,30.0
428278743,30.0
428279790,16.0
428294061,30.0
428294062,30.0
428294063,30.0
428295797,30.0
428295798,30.0
428319778,20.0
428319779,20.0
428330734,30.0
428330736,20.0
428330737,20.0
428330738,20.0
428330739,20.0
428335104,50.0
428335106,50.0
428336460,30.0
428336462,30.0
428336465,20.0
428336466,20.0
428337320,20.0
428337322,20.0
428337323,20.0
428337325,20.0
428337327,20.0
428675955,30.0
428676835,30.0
428676836,16.0
428676837,16.0
428676838,16.0
428676839,30.0
429219867,30.0
429219868,30.0
429219869,30.0
429219870,30.0
429219871,30.0
429490326,30.0
429490327,30.0
429490328,45.0
429490329,30.0
429490331,30.0
429491322,30.0
429498630,30.0
429498631,30.0
429498632,30.0
429498633,30.0
429498634,30.0
429498635,20.0
429498636,30.0
429498637,30.0
429499559,30.0
429499560,45.0
429499561,30.0
429499562,30.0
429499563,20.0
429499564,20.0
429499565,20.0
429508407,20.0
429508408,30.0
429508409,20.0
429511518,30.0
429511519,30.0
429511520,30.0
429511521,30.0
429511522,20.0
429511524,16.0
429511525,30.0
429521795,20.0
429521796,20.0
429529608,30.0
429533046,30.0
429533047,30.0
429534845,20.0
429534846,30.0
429534847,30.0
429556202,20.0
429556203,20.0
429556204,30.0
429556205,20.0
429556206,30.0
429556207,30.0
429556624,20.0
429556625,30.0
429675475,20.0
429675476,20.0
429675477,20.0
429675478,20.0
429919509,30.0
429919510,30.0
429919511,30.0
429919512,30.0
429919513,30.0
429919514,30.0
429919515,30.0
429919516,30.0
429919517,30.0
429920203,30.0
429920204,30.0
429920205,30.0
429920206,30.0
429920207,30.0
429921030,30.0
429929306,30.0
429929307,30.0
429929308,30.0
429929309,30.0
429929310,30.0
429929311,30.0
429929312,30.0
429929313,30.0
429929314,30.0
429930310,30.0
429930311,30.0
429930312,30.0
429931151,30.0
429938321,30.0
429938322,30.0
429938323,30.0
429938324,30.0
429938326,30.0
429938327,20.0
429938329,20.0
429943140,30.0
429943141,30.0
429945704,30.0
429945705,30.0
429945706,30.0
429945708,30.0
429945709,30.0
429945710,30.0
429945711,30.0
429945712,30.0
429945831,30.0
429945870,30.0
429946021,20.0
429950855,16.0
429950857,20.0
429954043,30.0
429954044,16.0
429954045,30.0
429954046,16.0
429960353,30.0
429960354,30.0
429974774,30.0
429974776,30.0
429974777,30.0
429974779,30.0
429974781,30.0
429974783,30.0
429974785,30.0
429974786,30.0
429974788,30.0
430441028,24.0
430441029,24.0
430441030,24.0
430441031,24.0
430601736,16.0
430601881,16.0
430602016,16.0
430605170,30.0
430605171,30.0
430607408,16.0
430607409,30.0
430607411,30.0
430621955,30.0
430621956,30.0
430624688,25.0
430624690,25.0
430624691,30.0
430624692,30.0
430630000,30.0
430630001,30.0
430631229,30.0
430631230,30.0
430631231,30.0
430631232,30.0
430631233,30.0
430649210,30.0
430649211,30.0
430650292,30.0
431778021,40.0
431778022,40.0
431778023,90.0
431778024,90.0
431778025,90.0
431778026,90.0
431778027,90.0
431778028,90.0
431778029,90.0
431778030,90.0
431778036,25.0
431778037,25.0
431778038,40.0
431778044,25.0
431778047,40.0
431778048,40.0
431992863,24.0
431996143,24.0
431996144,30.0
432037254,30.0
432037257,30.0
432037259,30.0
432037262,30.0
432037265,30.0
432037267,30.0
432043294,30.0
432043295,30.0
432043296,30.0
432043297,30.0
432043298,30.0
432043299,30.0
432043902,30.0
432043904,30.0
432043905,30.0
432043906,40.0
432278708,25.0
432278709,25.0
432293297,25.0
432293298,30.0
432302547,24.0
432302548,30.0
432303063,30.0
432303064,30.0
432303065,30.0
432303066,30.0
432303067,30.0
432303068,30.0
432303069,30.0
432303070,30.0
432303071,30.0
432303072,30.0
432303073,30.0
432303812,30.0
432304308,30.0
432304309,30.0
432304310,30.0
432304311,30.0
432304313,30.0
432304314,30.0
432304315,30.0
432304316,30.0
432304317,30.0
432304318,30.0
432305480,30.0
432305523,30.0
432384439,20.0
432384440,20.0
432421759,30.0
432421761,20.0
432421763,20.0
432421764,20.0
432421765,20.0
432423132,20.0
432423551,20.0
432426953,20.0
432426954,20.0
432426955,30.0
432426956,30.0
432460950,30.0
432460951,30.0
432460952,30.0
432460953,30.0
432460954,30.0
432460955,30.0
432460957,30.0
432460958,20.0
432460959,30.0
432460961,30.0
432460963,30.0
432460965,30.0
432460966,30.0
432460968,30.0
432460969,20.0
432460970,20.0
432465732,30.0
432672832,40.0
432672835,40.0
432672837,30.0
432676486,40.0
432676487,30.0
432709336,40.0
432709338,30.0
432709339,30.0
432709340,30.0
432709341,30.0
432709343,40.0
432709344,30.0
432709345,30.0
432709347,30.0
432709348,30.0
432710510,50.0
432710511,30.0
432710512,30.0
432710513,30.0
432710514,30.0
432710515,30.0
432710516,30.0
432710517,30.0
432710518,30.0
432710520,30.0
432710521,30.0
432787254,30.0
432787255,30.0
432787256,30.0
432787257,30.0
432787258,30.0
432787259,30.0
432787260,50.0
432787261,50.0
432787262,50.0
432792171,30.0
432797241,30.0
432801980,30.0
432801981,30.0
432964650,50.0
433767815,40.0
433767816,40.0
433767817,25.0
433768894,30.0
433768895,30.0
433768896,40.0
433768897,30.0
433769102,30.0
433769103,30.0
433769456,30.0
433769457,30.0
433769459,30.0
433769460,30.0
433769462,30.0
433769463,30.0
433769464,30.0
433769465,30.0
433769466,30.0
433769468,30.0
433769469,30.0
433769470,30.0
433769787,50.0
433770432,30.0
433770433,30.0
433777340,30.0
433777341,30.0
433777396,30.0
433777769,30.0
434060172,24.0
434301178,30.0
434301179,30.0
434301180,30.0
434301181,30.0
434301183,30.0
434301184,30.0
434301185,30.0
434301186,30.0
434301187,30.0
434301188,30.0
434301189,30.0
434301190,30.0
434301191,30.0
434301192,30.0
434301193,30.0
434301565,30.0
434301566,30.0
434301567,30.0
434301568,30.0
434301569,30.0
434304317,30.0
434304318,30.0
434304319,30.0
434312377,30.0
434312378,30.0
434312379,30.0
434312380,30.0
434312381,30.0
434312382,30.0
434312383,30.0
434312384,30.0
434312385,30.0
434312386,30.0
434312387,30.0
434312388,30.0
434315257,30.0
434315259,50.0
434315264,50.0
434693678,30.0
434693680,30.0
434693682,30.0
434693684,40.0
434695779,40.0
434696227,30.0
434699409,30.0
435319551,30.0
435319552,40.0
435319553,30.0
435319554,30.0
435319555,30.0
435368153,30.0
435368154,30.0
435368155,30.0
435691782,30.0
435691784,30.0
435691785,30.0
435691786,30.0
435691787,30.0
435691789,30.0
435691791,30.0
435691793,30.0
435692133,30.0
435692135,40.0
435692137,30.0
435692177,30.0
435697104,30.0
435697105,30.0
435697106,30.0
435697107,30.0
435697108,30.0
435697109,30.0
435697110,30.0
435697111,30.0
435697112,30.0
435716337,30.0
435716338,30.0
435716339,30.0
435716340,30.0
435716341,30.0
435716342,30.0
435716343,30.0
435716344,30.0
435716659,30.0
435716660,30.0
435716661,30.0
435716662,30.0
435716663,30.0
435717034,30.0
435717035,30.0
435717036,30.0
435717037,30.0
435745227,30.0
435745229,30.0
435745230,30.0
435745232,30.0
435745234,30.0
435745235,30.0
435745236,30.0
435745238,30.0
435745240,30.0
435745241,30.0
435745243,30.0
435745244,30.0
435745246,30.0
435750233,30.0
435750234,30.0
435750235,30.0
436474279,30.0
436474280,30.0
436481208,30.0
436481209,30.0
436481210,30.0
436481211,30.0
436481212,30.0
436633499,30.0
436633500,30.0
436633501,30.0
436633503,30.0
436633504,30.0
436633505,30.0
436635113,30.0
436635114,30.0
436635115,40.0
436635116,30.0
436635117,30.0
436635118,40.0
436635119,30.0
436635121,30.0
436753706,30.0
436753707,30.0
436753708,30.0
436753709,30.0
436753710,30.0
436757458,30.0
436777612,30.0
436777615,40.0
436788856,30.0
436788857,30.0
437080056,50.0
437080430,30.0
437080431,30.0
437080432,30.0
437080433,30.0
437080434,30.0
437080435,30.0
437080721,30.0
437080722,30.0
437081107,30.0
437081109,30.0
437081112,30.0
437081114,30.0
437081117,30.0
437081119,30.0
437081361,30.0
437083307,30.0
437087700,30.0
437087701,30.0
437093644,50.0
437093646,30.0
437093649,50.0
437093651,50.0
437363806,30.0
437363807,30.0
437371739,30.0
437371741,30.0
437371742,30.0
437371744,30.0
437371745,30.0
437371746,30.0
437371747,40.0
437375871,30.0
437375872,30.0
437375873,30.0
437375874,40.0
437375875,30.0
437375876,30.0
437375877,30.0
437375878,30.0
437375879,30.0
437461157,30.0
437467940,30.0
437467941,30.0
437467942,30.0
437467943,30.0
437467944,30.0
437467945,30.0
437467946,30.0
437467947,30.0
437496325,30.0
437496326,30.0
437496327,30.0
437496328,30.0
437496329,30.0
437496330,30.0
437496331,30.0
437496332,30.0
437496333,30.0
437496334,30.0
437499556,30.0
437499557,30.0
437499558,30.0
437499559,40.0
437507130,30.0
437507131,30.0
437507132,30.0
437507133,30.0
437507134,30.0
437507972,30.0
437507973,30.0
437507975,30.0
437507977,30.0
437507978,30.0
437507979,30.0
437507980,30.0
437507981,30.0
437507982,30.0
437507983,40.0
437507984,30.0
437507985,60.0
437512881,30.0
437512883,30.0
437512885,30.0
437512887,30.0
437512889,30.0
437512891,30.0
437512893,30.0
437512894,30.0
437529008,30.0
437529010,30.0
437529011,30.0
437529015,30.0
437529016,30.0
437529018,30.0
437529019,30.0
437529020,30.0
437529022,30.0
437529023,30.0
437529024,30.0
437529025,30.0
437529585,30.0
437529586,30.0
437529587,30.0
437529588,30.0
437529589,30.0
437529590,30.0
437529591,30.0
437529592,30.0
437529593,30.0
437529594,30.0
437529595,30.0
437530114,30.0
437530115,30.0
437859833,30.0
437859834,30.0
437859835,30.0
437859836,30.0
437859837,30.0
437859838,30.0
437859839,30.0
437989483,40.0
437989484,40.0
438029117,30.0
438029119,30.0
438033836,30.0
438041227,30.0
438041228,30.0
438041774,30.0
438041775,30.0
438185760,30.0
438185761,30.0
438185762,30.0
438185763,30.0
438185764,30.0
438187623,30.0
438187624,30.0
438187625,30.0
438187626,30.0
438189628,30.0
438189629,30.0
438193564,30.0
438193566,30.0
438193567,30.0
438193568,30.0
438193569,30.0
438196707,30.0
438196708,30.0
438196710,30.0
438196712,30.0
438196819,30.0
438196820,30.0
438218254,30.0
438218255,30.0
438218256,30.0
438459009,30.0
438467710,30.0
438467711,30.0
438467712,30.0
438467713,30.0
438469259,30.0
438469260,30.0
438469261,30.0
438469262,30.0
438469263,30.0
438469264,30.0
438471507,30.0
438471508,30.0
438471509,30.0
438471510,30.0
438471511,30.0
438472319,30.0
438472320,30.0
438485965,30.0
438485966,30.0
438487851,30.0
438487852,30.0
438844026,30.0
438844028,30.0
438844532,25.0
438844534,25.0
438844535,25.0
438844536,25.0
438844537,25.0
438844538,30.0
438844540,30.0
438844542,30.0
438844543,30.0
438845671,30.0
438845672,30.0
438851858,25.0
438851859,30.0
438851861,25.0
438879500,30.0
438879501,30.0
438879502,30.0
438879503,40.0
438879506,30.0
438879507,30.0
438879508,30.0
438898645,40.0
439032279,24.0
439094631,25.0
439094632,25.0
439094633,25.0
439094634,25.0
439094734,30.0
439431832,30.0
439431833,30.0
439431834,30.0
439431835,30.0
439431836,30.0
439431837,30.0
439431838,30.0
439431839,30.0
439431840,30.0
439431841,30.0
439431842,30.0
439431843,30.0
439431844,30.0
439432275,30.0
439432276,30.0
439432277,30.0
439432278,30.0
439432279,30.0
439432280,30.0
439432281,30.0
439432282,30.0
439432283,30.0
439432284,30.0
439432285,30.0
439432286,30.0
439432319,30.0
439432320,30.0
439432321,30.0
439433278,30.0
439440529,30.0
439440530,30.0
439541689,30.0
439541690,30.0
439541691,30.0
439541692,30.0
439541693,30.0
439541694,30.0
439541695,30.0
439661165,60.0
439835510,30.0
439835511,30.0
439835512,30.0
439835513,30.0
439835514,30.0
439835515,30.0
439835516,30.0
439835517,30.0
439835518,30.0
439835519,30.0
439835520,30.0
439835521,30.0
439837029,30.0
439837030,30.0
439837032,30.0
439837033,30.0
439926303,30.0
439926304,30.0
439926305,30.0
439943106,30.0
439943107,30.0
439943108,30.0
439943109,30.0
439943111,30.0
439943112,30.0
439943113,30.0
439943114,30.0
439943115,30.0
439943118,30.0
439943119,30.0
439943120,30.0
439943121,30.0
439943124,30.0
439943250,30.0
439955082,30.0
439955083,30.0
439955084,30.0
439955086,30.0
439955088,30.0
439955090,30.0
439955091,30.0
439955092,30.0
439955093,30.0
439956641,30.0
439956642,30.0
439956643,30.0
439957441,30.0
439957442,30.0
439957443,30.0
439957444,30.0
439957445,30.0
439957446,40.0
439957447,30.0
439965640,30.0
439965641,30.0
439965642,30.0
439965643,30.0
439965644,30.0
439965645,30.0
439965646,30.0
439965647,30.0
439965648,30.0
439968500,30.0
441255731,30.0
441255732,30.0
441255733,30.0
441255734,30.0
441255735,30.0
441255736,30.0
441255737,30.0
441255738,30.0
441255740,30.0
441255741,30.0
441255742,30.0
441255743,30.0
441255744,30.0
441255745,30.0
441257427,30.0
441257428,30.0
441257429,30.0
441257430,50.0
441257431,50.0
441257432,50.0
441257433,30.0
441257434,30.0
441257435,30.0
441257436,30.0
441257437,30.0
441300869,30.0
441301576,30.0
441301577,30.0
441301578,30.0
441301579,30.0
441301580,30.0
441301581,30.0
441301582,30.0
441301583,30.0
441301584,30.0
441301585,30.0
441301586,30.0
441328139,30.0
441328140,30.0
441445871,30.0
441445873,30.0
441445875,30.0
441445876,30.0
441445878,30.0
441445879,30.0
441445880,30.0
441453427,50.0
441453428,50.0
441453429,30.0
441453432,50.0
441453436,50.0
441453437,50.0
441453438,30.0
441453440,30.0
441453441,30.0
441453442,30.0
441453443,30.0
441453445,30.0
441453446,50.0
441453450,30.0
441453455,50.0
441456754,30.0
441456755,50.0
441456757,30.0
441456758,50.0
441456760,30.0
441456761,50.0
441456762,30.0
441456763,30.0
441456764,40.0
441456765,30.0
441456766,30.0
441456767,30.0
441456769,30.0
441498234,30.0
441498240,30.0
441498241,30.0
441498242,30.0
441499132,30.0
441499133,30.0
441499134,30.0
441499135,30.0
441499136,30.0
441499137,30.0
441499138,30.0
441499139,30.0
441499140,30.0
441499141,30.0
441499143,30.0
441505330,30.0
441505331,30.0
441505332,30.0
441505333,30.0
441505334,30.0
441505335,30.0
441505336,30.0
441505337,30.0
441505338,30.0
441505339,30.0
441505340,30.0
441505341,30.0
441505342,30.0
441505343,30.0
441505344,30.0
441505345,30.0
441505346,30.0
441505347,30.0
441505348,30.0
441505349,30.0
441505350,30.0
441505351,30.0
441505352,30.0
441505353,30.0
441505354,30.0
441505355,30.0
441505356,30.0
441505357,30.0
441505768,30.0
441505769,30.0
441505770,30.0
441505771,30.0
441505772,30.0
441505773,30.0
441507675,30.0
441507676,30.0
441507677,30.0
441507678,30.0
441507679,30.0
441507680,30.0
441507681,30.0
441507682,30.0
441507683,30.0
441507684,30.0
441507685,30.0
441507686,30.0
441507687,30.0
441507688,30.0
441507689,30.0
441507690,30.0
441507691,30.0
441507692,30.0
441507693,30.0
441507694,30.0
441507695,30.0
441507696,30.0
441507697,30.0
441507698,30.0
441507699,30.0
441508969,30.0
441508970,30.0
441508971,30.0
441508972,30.0
441508973,30.0
441508974,30.0
441508975,30.0
441508976,80.0
441508977,30.0
441508978,30.0
441523714,30.0
441523715,30.0
441664277,30.0
441664278,30.0
441664279,30.0
441664280,30.0
441664281,30.0
441664282,30.0
441664283,30.0
441679114,30.0
441679115,30.0
441679116,30.0
441679117,30.0
441679118,30.0
441679119,30.0
441684383,30.0
441709989,30.0
441709990,30.0
441709991,30.0
441709992,30.0
441709993,50.0
441709994,50.0
441709995,30.0
441709996,30.0
441709997,30.0
441709998,30.0
441709999,30.0
441713158,30.0
441713159,30.0
441713160,30.0
441713162,30.0
441713163,30.0
441713164,30.0
441713166,30.0
441713167,30.0
441713168,30.0
441713469,30.0
441713472,30.0
442080520,30.0
442080521,30.0
442080522,30.0
442080523,30.0
442080524,30.0
442080525,30.0
442080526,30.0
442080527,30.0
442080528,30.0
442080529,30.0
442080530,30.0
442080531,30.0
442080532,30.0
442084269,30.0
442084270,30.0
442084271,30.0
442084272,30.0
442084273,30.0
442084274,30.0
442084275,40.0
442084276,30.0
442084277,30.0
442084278,30.0
442084279,30.0
442084280,30.0
442088087,30.0
442088088,30.0
442088089,30.0
442113424,30.0
442113992,30.0
442117038,30.0
442117040,30.0
442127279,40.0
442127280,30.0
442127282,30.0
442127283,30.0
442127284,30.0
442127285,30.0
442127286,30.0
442127287,40.0
442132864,30.0
442132865,30.0
442132866,30.0
442132867,30.0
442133963,30.0
442133964,30.0
442133965,30.0
442209908,30.0
442209910,30.0
442209912,30.0
442209913,30.0
442209914,30.0
442209915,30.0
442209916,30.0
442210409,30.0
442210410,30.0
442211609,30.0
442211611,30.0
442211613,30.0
442211615,30.0
442211617,30.0
442211620,30.0
442211622,30.0
442211624,30.0
442211626,30.0
442211628,30.0
442211630,30.0
442251357,30.0
442262246,40.0
442262247,30.0
442262248,30.0
442330045,30.0
442330048,30.0
442333934,30.0
442333935,30.0
442456982,30.0
442456983,30.0
442456984,30.0
442456985,30.0
442456986,30.0
442456987,30.0
442456988,30.0
442456989,30.0
442491800,30.0
442491801,30.0
442491802,30.0
442491803,30.0
442500386,30.0
442500387,30.0
442500388,30.0
442500389,30.0
442500390,30.0
442500392,30.0
442500393,30.0
442500394,30.0
442500396,30.0
442500397,30.0
442503616,40.0
442603519,30.0
442610666,30.0
442612449,30.0
442612450,30.0
442612452,30.0
442612453,30.0
442615523,30.0
442615524,30.0
442615525,30.0
442615526,30.0
442615527,30.0
442615528,30.0
442615529,30.0
442615530,30.0
442615531,30.0
442615532,30.0
442615533,30.0
442615534,30.0
442615535,30.0
442615536,30.0
442615537,30.0
442615538,30.0
442621054,40.0
442621055,60.0
442621056,60.0
442631317,30.0
442631318,30.0
442631319,30.0
442631320,30.0
442631321,30.0
442631322,25.0
442631323,30.0
442631324,30.0
442631325,30.0
442631326,30.0
442631327,30.0
442631328,30.0
442631329,30.0
442631330,30.0
442631331,30.0
442631332,30.0
442631333,30.0
442631334,30.0
442648135,30.0
442648136,30.0
442648137,30.0
442677079,40.0
442677081,30.0
442677083,30.0
442677084,30.0
442677086,30.0
442680417,30.0
442781519,30.0
442834775,30.0
442834776,30.0
442834777,30.0
442834779,30.0
442834781,30.0
442846536,30.0
442846537,30.0
442846538,30.0
442846539,30.0
442849757,30.0
442849758,30.0
442856104,30.0
442856105,30.0
442856106,25.0
442856107,25.0
443453240,30.0
443453241,30.0
443454474,30.0
443454475,30.0
443471466,30.0
443471468,30.0
443477886,30.0
443656791,30.0
443658882,30.0
447785101,30.0
447785104,30.0
447785105,30.0
447785106,45.0
447785107,30.0
447785108,50.0
447785110,60.0
447785111,25.0
447785112,30.0
447785113,45.0
449165481,30.0
449328075,30.0
449328076,30.0
452870978,30.0
452870979,30.0
452870980,30.0
452870981,30.0
452870982,30.0
452870983,30.0
457538290,30.0
457538291,30.0
457538292,30.0
457538293,30.0
457538294,30.0
457538295,30.0
457538296,30.0
457538297,30.0
457538298,30.0
457538299,30.0
457538300,30.0
457538301,30.0
457538302,30.0
457538303,30.0
457538304,30.0
457538305,30.0
457538306,30.0
457538307,30.0
457538308,30.0
457538309,30.0
457538310,30.0
457538311,30.0
457538312,30.0
457538313,30.0
457538314,30.0
457538315,30.0
457538317,30.0
457538318,30.0
457538319,30.0
457538320,30.0
457538321,30.0
457538322,30.0
457538323,30.0
457538324,30.0
457538325,30.0
457538326,30.0
457538327,30.0
457538328,30.0
457538329,30.0
457538330,30.0
458119091,30.0
458119093,30.0
458691380,30.0
458956474,30.0
459437596,30.0
465137140,32.0
469056508,30.0
476287121,20.0
496175882,30.0
496175895,30.0
496175897,30.0
496175899,40.0
496175900,50.0
496175904,30.0
496175910,50.0
496175912,25.0
496175913,30.0
496175915,30.0
496175916,30.0
496175918,30.0
496175919,25.0
496175925,30.0
496175930,40.0
496175932,40.0
496175935,25.0
496175938,30.0
496175939,30.0
496175945,50.0
496175948,50.0
496175952,30.0
496175954,50.0
496175957,30.0
496175959,50.0
496183151,50.0
496183152,30.0
496183153,30.0
496183154,30.0
496183155,30.0
496183156,30.0
496183157,50.0
496183158,50.0
496183159,50.0
496183160,50.0
496183161,50.0
496183162,50.0
496183163,50.0
496183164,50.0
496183165,50.0
496184804,25.0
496189766,30.0
496189767,30.0
496189768,30.0
496189769,60.0
496189770,30.0
496189771,30.0
496189772,30.0
496189773,30.0
496189774,30.0
496189775,30.0
496189776,30.0
496189777,30.0
496189778,30.0
496189779,25.0
496189781,60.0
496189782,30.0
496189783,60.0
496189784,30.0
496189785,50.0
496189786,30.0
496189787,50.0
496189788,50.0
496198564,40.0
496198565,30.0
496198566,30.0
496198567,40.0
496198568,30.0
496198569,30.0
496198571,30.0
496198572,30.0
496198573,30.0
496198574,30.0
496198575,30.0
496198576,30.0
496198577,30.0
496198582,50.0
496198583,30.0
496198584,30.0
496198585,50.0
496198587,30.0
496299075,40.0
496302348,25.0
496302358,25.0
496302362,30.0
496480109,30.0
496480110,50.0
496480111,50.0
496480112,50.0
496480113,50.0
496480114,50.0
496480115,45.0
496480116,40.0
496480117,40.0
496484363,30.0
496484364,30.0
496484366,50.0
496484367,30.0
496484368,30.0
496484369,30.0
496488078,50.0
496690425,30.0
496690426,30.0
496690427,30.0
496690428,30.0
496690429,50.0
496690430,50.0
496694786,30.0
496694787,50.0
496694788,50.0
496694789,30.0
496694791,50.0
496694792,50.0
496694793,30.0
497755049,30.0
502486821,40.0
506567244,30.0
506567245,30.0
506567246,30.0
506568754,40.0
506568755,40.0
506568955,30.0
506568956,60.0
506568957,60.0
506568958,80.0
506568959,90.0
506568960,30.0
506568962,30.0
506568963,30.0
506568964,60.0
506568965,30.0
506569578,30.0
506569579,30.0
506570341,50.0
506572884,25.0
506573119,50.0
506573120,50.0
506573592,30.0
506573593,40.0
506574489,60.0
506574490,60.0
506574491,30.0
506577738,30.0
506577991,25.0
506578346,30.0
506578556,45.0
506578557,30.0
506578747,50.0
506578748,50.0
506578750,50.0
506578751,30.0
506579273,50.0
506579275,30.0
506579278,45.0
506579279,30.0
506579280,45.0
506579720,24.0
506579920,45.0
506580554,40.0
506580555,40.0
506580556,30.0
506580557,30.0
506580558,30.0
506580559,50.0
506580560,50.0
506580561,30.0
506580562,30.0
506580639,24.0
506580640,24.0
514613484,60.0
514767312,20.0
514767313,20.0
514767359,25.0
514888511,45.0
514888512,45.0
525812732,40.0
526135344,30.0
526135345,30.0
526135346,30.0
526135347,30.0
526135348,30.0
526135349,30.0
526140022,30.0
526140025,50.0
526140026,45.0
526140028,50.0
526140030,50.0
526410238,30.0
526426583,30.0
526429426,30.0
526438499,30.0
526438501,30.0
526438502,30.0
526438503,30.0
526454369,30.0
526455219,30.0
526457494,30.0
526503671,20.0
526503673,30.0
526503675,30.0
526503677,30.0
526690133,30.0
526690288,30.0
527529109,30.0
527530938,30.0
527532312,30.0
527540130,30.0
527540131,30.0
527554700,30.0
527563331,30.0
527566413,30.0
527568362,30.0
527585855,30.0
528343998,30.0
528344000,30.0
528344002,30.0
528350881,30.0
528350884,24.0
528350887,24.0
528350889,24.0
528364599,30.0
528364600,45.0
528364601,24.0
528365639,30.0
528367962,30.0
528413989,30.0
528419323,30.0
531400660,50.0
531400661,30.0
531400662,20.0
531402379,30.0
531403561,30.0
531403562,30.0
531403563,30.0
531403564,30.0
531403565,30.0
531403566,30.0
531403567,30.0
531403568,30.0
531406127,30.0
531406128,30.0
531406129,45.0
531406130,45.0
531406131,30.0
531406132,45.0
531406133,30.0
531406136,45.0
531406137,45.0
531406138,30.0
531406139,45.0
531406140,30.0
531406141,30.0
531406142,30.0
531409156,30.0
531409158,30.0
531409161,30.0
531409162,30.0
531409163,30.0
531409164,30.0
531409165,30.0
531409166,30.0
531409167,30.0
531409168,30.0
531409169,30.0
531409170,30.0
531409171,30.0
531409172,30.0
531624821,30.0
531627003,30.0
531627004,30.0
531627005,50.0
531627006,30.0
531627007,30.0
531627008,30.0
531627009,30.0
531627010,30.0
531627011,30.0
531627012,20.0
531627013,20.0
531627014,20.0
531627015,30.0
531627016,30.0
531627017,30.0
531627018,30.0
531627019,30.0
531627020,30.0
531627021,30.0
531627022,30.0
531627023,30.0
531627024,30.0
531627025,30.0
531628351,50.0
531628352,30.0
531628353,45.0
531631371,30.0
531631372,25.0
531631373,30.0
531631374,30.0
531631375,30.0
531631376,30.0
531631377,40.0
531631378,50.0
531631379,50.0
531631380,50.0
531631381,30.0
531631382,30.0
531632674,50.0
531632677,40.0
531634049,30.0
531634050,30.0
531634051,30.0
531634052,30.0
531634053,30.0
531634054,30.0
531634055,30.0
531634056,30.0
531634057,30.0
531907549,50.0
531907550,50.0
531907552,30.0
531907554,50.0
531907555,30.0
531907556,30.0
531907557,30.0
531907558,30.0
531907559,30.0
531907560,30.0
531907561,30.0
531907562,30.0
531907563,30.0
531907564,30.0
531907565,30.0
531907567,30.0
531907568,30.0
531907569,50.0
531907571,50.0
531907572,30.0
531910930,50.0
531910931,50.0
531910932,50.0
531910933,50.0
531910935,50.0
531910936,50.0
531914691,50.0
531914692,25.0
531914693,30.0
531914695,30.0
531914696,30.0
531914697,30.0
531914698,30.0
531914699,30.0
531914700,30.0
531914701,30.0
531914702,30.0
531914703,30.0
531914704,30.0
531914705,30.0
531914706,30.0
531914707,30.0
531914708,30.0
531914709,30.0
531914710,30.0
531914711,30.0
531914712,30.0
531914713,30.0
531914714,30.0
531914715,25.0
531914716,30.0
531914717,30.0
531914719,24.0
531914720,60.0
531914721,25.0
531916241,30.0
531916242,30.0
531916243,30.0
531916244,60.0
531916247,30.0
531916249,45.0
531916250,30.0
531916252,45.0
531916253,45.0
531916254,30.0
531916255,45.0
531916256,30.0
531916257,30.0
531916258,30.0
531916259,30.0
531916260,30.0
531918637,30.0
531918638,30.0
531918639,30.0
531918641,30.0
531918642,45.0
531918644,30.0
531918645,30.0
531981374,30.0
531981375,25.0
531981376,25.0
531981377,30.0
531981379,30.0
531981380,30.0
531981381,30.0
531981382,25.0
531981383,45.0
531981384,30.0
531981385,30.0
531981386,30.0
531981388,30.0
531981391,30.0
531981393,30.0
531981395,30.0
531981397,30.0
531981399,30.0
531981401,30.0
531981402,30.0
531981403,25.0
531981404,30.0
531981405,30.0
531988014,30.0
531988015,30.0
531988016,30.0
531988017,30.0
531988018,30.0
531988019,30.0
531988020,30.0
531988021,30.0
531988022,30.0
531988023,30.0
531988024,30.0
531988025,40.0
531988026,30.0
531988027,40.0
531988028,30.0
531988029,30.0
531988030,30.0
531988031,30.0
531988032,30.0
531988033,30.0
531988034,30.0
531988035,25.0
531988036,30.0
531988037,30.0
531988038,30.0
531988039,30.0
531988040,30.0
531988041,30.0
531988042,30.0
531988043,30.0
531988044,30.0
531988045,30.0
531988047,30.0
531988048,30.0
531988049,30.0
531988050,30.0
531988051,30.0
531988052,30.0
531988053,30.0
531990220,30.0
531990222,30.0
531990223,30.0
531990224,30.0
531990227,30.0
531990229,30.0
531990230,30.0
531990231,30.0
531990233,30.0
531990234,30.0
531990237,30.0
531990239,30.0
531990240,30.0
531992901,80.0
531992907,80.0
531992910,30.0
531992912,30.0
531992914,30.0
531992916,30.0
531992918,30.0
531992920,30.0
531992922,30.0
531992925,30.0
531995862,30.0
531995863,30.0
531995864,30.0
531995865,30.0
531995866,30.0
531995868,30.0
531995869,30.0
531995870,30.0
531995871,30.0
531995872,30.0
531995873,30.0
531995874,30.0
531995875,30.0
531995876,30.0
531995877,30.0
531995878,30.0
531995879,30.0
531995880,30.0
531995881,30.0
531995882,30.0
531995883,30.0
531995884,30.0
531995885,30.0
531997734,30.0
531997735,30.0
531997736,30.0
531997737,30.0
531997738,30.0
531997739,30.0
531997740,30.0
531997741,30.0
531997742,30.0
531997743,30.0
531997744,30.0
531997745,30.0
531997747,30.0
531997748,30.0
531997749,30.0
531997750,30.0
531997751,30.0
531997753,50.0
531997754,45.0
531997755,30.0
531997756,30.0
531997757,30.0
531997758,30.0
531997759,30.0
531997760,30.0
531997761,30.0
531997762,30.0
531997763,30.0
531997764,30.0
531997765,30.0
531997766,30.0
531997767,30.0
531997768,30.0
531997769,30.0
531997770,30.0
531997772,30.0
531999689,30.0
531999690,30.0
531999691,30.0
531999692,30.0
531999694,30.0
531999696,30.0
531999697,30.0
531999699,30.0
531999700,30.0
532002909,45.0
532002910,30.0
532002911,30.0
532002912,30.0
532002914,45.0
532002915,45.0
532002917,50.0
532002918,30.0
532002919,50.0
532002921,50.0
532002925,20.0
532002926,30.0
532002928,30.0
532004957,30.0
532004959,30.0
532004962,30.0
532004965,30.0
532004968,30.0
532004970,30.0
532004975,50.0
532004979,50.0
532004981,30.0
532004983,30.0
532004985,30.0
532004986,30.0
532004987,30.0
532004988,30.0
532004989,30.0
532009895,45.0
532009897,45.0
532009898,30.0
532009899,30.0
532009900,30.0
532009901,30.0
532009902,30.0
532009903,30.0
532009904,30.0
532009905,30.0
532009906,30.0
532009907,30.0
532009908,45.0
532009909,30.0
532009910,30.0
532009911,30.0
532009912,30.0
532009913,30.0
532009914,30.0
532009915,30.0
532009916,30.0
532017792,30.0
532017793,30.0
532017794,30.0
532017795,30.0
532017796,30.0
532017797,30.0
532017798,30.0
532017799,30.0
532017800,30.0
532017801,30.0
532017802,30.0
532017803,30.0
532017805,30.0
532017806,30.0
532017808,30.0
532017809,30.0
532017810,30.0
532017811,30.0
532017812,30.0
532017813,30.0
532017814,30.0
532017815,30.0
532017816,30.0
532017817,30.0
532017818,30.0
532017819,30.0
532017820,30.0
532017821,30.0
532017822,30.0
532017823,30.0
532017824,30.0
532017825,30.0
532017826,30.0
532017827,30.0
532017828,30.0
532017829,30.0
532019901,30.0
532019902,30.0
532019903,30.0
532019904,30.0
532019905,30.0
532019906,30.0
532019907,30.0
532019908,30.0
532019909,30.0
532019910,30.0
532019911,30.0
532019912,30.0
532019913,30.0
532019914,30.0
532019915,30.0
532019916,30.0
532019917,30.0
532019918,30.0
532019919,30.0
532019920,30.0
532019921,30.0
532019922,30.0
532019923,30.0
532019924,30.0
532019925,30.0
532019926,30.0
532019927,30.0
532019928,30.0
532020248,30.0
532020249,30.0
532146438,30.0
532146439,30.0
532146440,30.0
532146441,30.0
532146442,30.0
532146443,30.0
532146444,30.0
532146445,30.0
532146446,30.0
532146447,30.0
532146448,30.0
532146449,30.0
532146450,30.0
532146451,30.0
532146452,30.0
532146453,30.0
532146454,30.0
532146455,30.0
532146456,30.0
532146457,30.0
532146458,30.0
532146459,25.0
532146460,30.0
532146461,30.0
532146462,30.0
532146463,30.0
532146464,30.0
532146465,30.0
532146466,30.0
532146467,30.0
532146468,30.0
532146469,25.0
532146470,30.0
532146471,20.0
532146472,50.0
532146473,50.0
532146474,30.0
532146475,30.0
532146476,50.0
532146478,30.0
532146479,30.0
532146481,20.0
532146482,20.0
532146483,20.0
532146484,30.0
532146485,30.0
532146486,30.0
532146487,30.0
532146488,30.0
532146489,30.0
532146490,30.0
532149346,30.0
532149347,30.0
532149348,30.0
532149349,30.0
532149350,30.0
532149351,30.0
532149352,30.0
532149353,30.0
532149354,30.0
532149355,30.0
532149356,30.0
532149357,30.0
532149358,30.0
532149359,30.0
532149360,30.0
532149361,30.0
532149362,30.0
532149363,30.0
532149364,50.0
532149365,50.0
532149366,30.0
532149367,30.0
532149368,30.0
532149369,30.0
532149370,30.0
532149371,30.0
532149372,30.0
532149373,30.0
532149374,30.0
532149375,30.0
532149376,30.0
532149377,30.0
532149378,30.0
532149379,30.0
532152023,30.0
532152024,30.0
532152025,30.0
532152027,30.0
532152029,30.0
532152031,30.0
532152033,30.0
532152035,30.0
532152037,30.0
532152039,30.0
532152040,30.0
532152042,30.0
532152044,30.0
532152046,30.0
532152048,30.0
532152050,30.0
532152052,30.0
532152054,30.0
532152056,30.0
532152058,30.0
532152060,30.0
532152373,30.0
532152374,30.0
532152375,30.0
532156828,30.0
532156829,30.0
532156830,30.0
532156831,30.0
532156832,30.0
532156833,30.0
532156834,30.0
532156835,30.0
532156836,30.0
532156837,30.0
532156838,30.0
532156839,30.0
532156840,30.0
532156841,30.0
532156842,30.0
532156843,30.0
532156844,30.0
532156846,30.0
532156847,30.0
532156848,30.0
532156849,30.0
532156850,30.0
532156852,30.0
532156853,30.0
532156854,30.0
532156855,30.0
532156856,30.0
532156857,30.0
532156858,30.0
532164274,20.0
532164276,20.0
532164278,30.0
532164280,30.0
532164282,30.0
532164284,30.0
532164286,30.0
532164288,30.0
532164290,30.0
532164292,30.0
532164295,30.0
532164297,30.0
532164299,40.0
532164304,40.0
532164310,45.0
532164317,40.0
532164320,30.0
532164322,30.0
532164324,20.0
532164326,20.0
532167650,30.0
532167651,30.0
532167654,30.0
532167656,30.0
532167658,30.0
532167660,30.0
532167662,30.0
532167664,30.0
532167666,30.0
532167668,30.0
532167671,30.0
532167673,50.0
532174085,30.0
532174087,50.0
532174088,30.0
532174089,30.0
532174090,30.0
532174091,30.0
532174092,30.0
532174093,50.0
532174094,30.0
532183640,30.0
532183641,30.0
532183642,30.0
532183644,30.0
532183645,30.0
532183646,30.0
532183647,30.0
532220665,30.0
532220666,30.0
532220668,30.0
532220669,30.0
532220670,30.0
532220671,50.0
532220672,30.0
532220673,30.0
532220674,50.0
532220675,30.0
532220676,30.0
532220679,30.0
532220681,30.0
532220684,30.0
532220685,30.0
532226806,25.0
532226808,20.0
532226818,20.0
532226819,30.0
532226820,30.0
532226823,30.0
532293872,30.0
532293874,30.0
532293876,30.0
532293878,30.0
532293880,30.0
532293882,30.0
532293884,30.0
532293886,30.0
532293888,30.0
532293890,30.0
532293892,30.0
532293894,30.0
532293896,30.0
532293898,30.0
532293899,30.0
532293902,30.0
532293904,45.0
532293908,30.0
532293910,30.0
532293912,30.0
532293914,25.0
532293916,30.0
532293918,30.0
532293920,30.0
532293921,30.0
532298151,30.0
532298152,30.0
532298153,30.0
532298154,20.0
532298155,30.0
532298156,30.0
532298157,30.0
532298158,30.0
532298159,30.0
532298160,30.0
532298161,45.0
532298162,30.0
532298163,45.0
532298164,30.0
532298165,30.0
532298166,30.0
532298167,30.0
532302813,30.0
532302814,30.0
532302815,30.0
532302816,30.0
532302818,30.0
532302819,30.0
532302820,30.0
532302822,50.0
532302823,45.0
532302824,45.0
532302825,30.0
532302827,30.0
532302829,30.0
532302830,30.0
532302831,30.0
532302832,30.0
532302833,30.0
532302834,30.0
532302835,30.0
532302836,30.0
532302837,30.0
532302838,30.0
532302839,30.0
532302840,30.0
532302841,30.0
532302842,30.0
532302843,30.0
532302844,30.0
532302845,30.0
532302846,30.0
532302847,30.0
532302848,30.0
532302849,30.0
532311796,30.0
532311798,30.0
532311800,20.0
532311803,30.0
532311805,30.0
532311806,30.0
532311808,30.0
532311809,30.0
532311811,30.0
532311813,30.0
532311814,30.0
532311816,40.0
532311817,40.0
532311819,30.0
532311821,30.0
532311823,30.0
532311825,30.0
532311827,30.0
532311830,30.0
532311831,30.0
532311833,30.0
532311834,30.0
532311836,30.0
532311837,30.0
532315700,45.0
532315702,30.0
532315703,30.0
532315704,30.0
532315706,30.0
532315707,30.0
532315708,30.0
532315709,30.0
532315710,30.0
532315711,30.0
532315712,30.0
532315713,30.0
532315715,30.0
532315716,30.0
532315717,50.0
532315718,30.0
532315719,50.0
532317773,20.0
532317774,30.0
532317775,30.0
532317776,45.0
532324733,30.0
532324734,30.0
532324735,30.0
532324736,30.0
532324737,30.0
532324738,30.0
532324739,30.0
532326539,30.0
532326541,30.0
532328737,30.0
532328738,30.0
532332246,30.0
532332247,45.0
532332248,45.0
532332249,40.0
532332250,45.0
532332251,60.0
532332252,45.0
532332253,30.0
532332254,45.0
532332255,50.0
532332256,45.0
532339552,50.0
532339555,45.0
532339558,45.0
532339568,30.0
532339571,50.0
532339579,30.0
532339583,30.0
532339585,30.0
532339588,30.0
532341821,10.0
532464639,30.0
532464640,30.0
532464641,30.0
532464642,30.0
532464643,30.0
532464644,30.0
532464645,30.0
532464646,30.0
532464647,30.0
532464648,30.0
532464649,30.0
532464650,30.0
532464651,30.0
532468598,30.0
532468599,30.0
532468600,30.0
532468601,30.0
532468602,30.0
532468603,30.0
532468604,30.0
532468605,30.0
532468606,30.0
532468607,30.0
532468608,30.0
532468609,30.0
532468610,30.0
532468611,30.0
532468612,30.0
532468613,30.0
532468614,30.0
532468615,30.0
532468616,30.0
532468617,30.0
532468618,30.0
532468621,30.0
532468622,30.0
532468623,30.0
532468624,20.0
532468625,30.0
532468626,30.0
532468627,30.0
532468628,30.0
532468629,30.0
532468630,30.0
532468631,30.0
532470552,30.0
532470553,30.0
532470554,30.0
532470555,30.0
532470556,30.0
532470557,30.0
532470558,30.0
532470559,30.0
532470560,30.0
532470561,30.0
532470562,30.0
532470563,20.0
532470841,30.0
532470844,30.0
532470845,30.0
532472314,25.0
532472315,25.0
532472316,30.0
532472317,30.0
532472318,30.0
532472319,30.0
532472320,30.0
532472321,30.0
532473300,50.0
532473301,30.0
532473302,30.0
532473303,30.0
532473305,50.0
532473306,30.0
532474966,40.0
532474970,30.0
532474971,40.0
532474972,30.0
532474973,40.0
532474974,30.0
532474976,30.0
532474977,50.0
532474978,50.0
532474979,50.0
532474999,50.0
532475000,50.0
532475005,30.0
532475006,30.0
532475008,30.0
532475009,50.0
532475010,50.0
532475011,50.0
532475012,50.0
532475013,30.0
532476952,30.0
532476953,30.0
532476954,30.0
532476955,30.0
532476958,20.0
532476959,30.0
532476960,30.0
532476961,30.0
532476962,30.0
532476963,30.0
532476964,30.0
532476965,30.0
532476967,30.0
532476968,30.0
532476969,25.0
532476970,30.0
532476973,30.0
532476974,20.0
532476975,30.0
532476976,30.0
532476977,30.0
532476978,30.0
532699839,30.0
532699840,30.0
532699841,30.0
532699842,30.0
532699843,30.0
532699844,30.0
532699845,30.0
532699846,30.0
532699849,30.0
532701244,30.0
532701249,30.0
532701250,30.0
532701251,30.0
532701252,30.0
532701253,30.0
532703605,30.0
532703606,30.0
532703607,30.0
532703608,30.0
532703609,30.0
532703610,30.0
532703611,20.0
532703612,30.0
532703613,30.0
532703614,30.0
532703615,30.0
532703616,30.0
532703617,30.0
532703618,30.0
532706861,30.0
532706862,30.0
532706863,30.0
532706864,30.0
532706865,30.0
532706866,30.0
532706867,30.0
532706868,30.0
532706869,30.0
532706870,30.0
532706871,30.0
532706872,30.0
532706873,30.0
532706874,30.0
532706875,30.0
532706876,30.0
532706877,30.0
532706878,30.0
532706879,30.0
532706880,30.0
532706881,30.0
532706883,30.0
532706884,30.0
532706885,30.0
532706886,30.0
532706887,30.0
532706888,30.0
532706889,30.0
532706890,30.0
532706891,30.0
532706892,30.0
532706893,30.0
532706894,30.0
532706895,30.0
532706896,30.0
532706897,30.0
532706899,30.0
532706900,30.0
532708383,30.0
532708384,30.0
532708385,30.0
532708386,30.0
532708387,30.0
532708388,30.0
532708389,30.0
532708390,30.0
532708391,30.0
532708392,30.0
532708393,30.0
532708394,30.0
532708395,30.0
532708396,30.0
532708397,30.0
532708398,30.0
532708399,30.0
532708400,30.0
532708401,30.0
532708402,30.0
532708403,30.0
532708404,30.0
532708405,30.0
532708406,30.0
532708407,30.0
532708408,30.0
532709805,30.0
532709806,25.0
532709807,30.0
532709808,30.0
532709809,30.0
532709810,30.0
532709811,30.0
532709812,30.0
532709813,30.0
532709814,30.0
532709815,30.0
532709816,20.0
532709817,20.0
532709818,20.0
532709819,20.0
532709820,20.0
532709821,30.0
532709822,30.0
532709823,30.0
532709824,30.0
532709825,30.0
532709826,30.0
532709827,30.0
532709828,30.0
532709829,30.0
532709830,30.0
532709831,30.0
532709832,30.0
532709833,30.0
532709834,30.0
532709835,30.0
532709836,30.0
532709837,30.0
532709838,30.0
532709839,30.0
532709840,30.0
532709841,30.0
532709842,30.0
532709843,24.0
532713671,30.0
532713672,30.0
532713673,30.0
532713674,30.0
532713675,20.0
532713676,30.0
532713677,25.0
532713678,50.0
532713679,30.0
532713680,40.0
532713681,50.0
532713682,50.0
532713683,40.0
532713684,30.0
532713685,30.0
532713686,40.0
532715210,30.0
532715211,30.0
532715212,30.0
532715213,30.0
532715214,30.0
532715215,30.0
532715216,30.0
532715217,30.0
532715218,30.0
532715219,30.0
532715220,30.0
532715221,30.0
532715222,30.0
532715223,30.0
532715224,30.0
532715225,30.0
532715226,50.0
532715227,80.0
532715228,50.0
532715229,80.0
532715230,30.0
532877077,30.0
532878749,30.0
532878750,30.0
532878751,30.0
532878752,30.0
532878753,25.0
532878755,30.0
532878756,30.0
532878758,20.0
532878759,40.0
532878761,30.0
532878763,30.0
532878764,30.0
532878765,30.0
532878766,40.0
532878767,30.0
532878768,30.0
532879348,30.0
532879349,30.0
532879352,30.0
532882177,30.0
532882178,30.0
532882179,30.0
532882180,30.0
532882181,30.0
532882182,30.0
532882183,30.0
532882184,30.0
532882185,30.0
532882186,30.0
532882188,30.0
532882189,50.0
532882190,30.0
532882191,50.0
532882192,50.0
532882193,30.0
532882194,30.0
532882195,30.0
532882198,30.0
532882199,30.0
532882200,30.0
532882201,30.0
532883862,24.0
532883863,30.0
532883864,30.0
532883867,30.0
532883868,30.0
532883869,30.0
532885611,30.0
532885613,30.0
532885624,30.0
532885642,30.0
532885644,40.0
532885648,30.0
532885650,30.0
532885652,50.0
532885656,30.0
532885657,50.0
532885658,30.0
532885659,30.0
532885660,45.0
532888275,30.0
532888277,30.0
532888279,30.0
532888281,30.0
532888283,30.0
532888285,30.0
532888287,30.0
532888288,30.0
532888290,30.0
532888292,25.0
532888295,30.0
532888297,30.0
532888299,30.0
532888301,30.0
532888304,30.0
532888306,30.0
532888308,30.0
532888310,30.0
532888312,30.0
532888314,30.0
532888316,30.0
532888318,30.0
532888319,40.0
532888321,30.0
532888323,30.0
532888330,30.0
532888332,40.0
532888338,40.0
532888342,30.0
532888345,30.0
532888347,30.0
532888349,30.0
532888351,30.0
532919279,10.0
532919280,30.0
532919284,50.0
532919285,30.0
532919286,30.0
532919287,30.0
532919289,30.0
532919290,30.0
532919291,30.0
532919292,30.0
532919293,30.0
532919294,30.0
532919295,30.0
532919296,30.0
532919297,30.0
532919298,30.0
532919299,50.0
532919300,45.0
532919301,20.0
532919302,30.0
532919303,45.0
532919304,45.0
532919305,30.0
532919306,30.0
532919307,30.0
532919308,25.0
532919310,25.0
532919311,30.0
532919312,30.0
532919313,30.0
532919756,30.0
532919758,30.0
532919759,30.0
532919761,30.0
532925100,10.0
532925101,50.0
532925102,30.0
532925103,30.0
532925104,30.0
532925105,30.0
532925106,30.0
532925107,30.0
532925109,40.0
532925110,45.0
532925112,40.0
532925114,30.0
532925115,30.0
532925116,30.0
532925117,30.0
532925118,30.0
532925119,30.0
532925120,30.0
532925121,30.0
532926454,30.0
532926455,45.0
532926456,30.0
532926457,30.0
532926458,30.0
532926461,30.0
532926462,30.0
532926468,40.0
532927985,30.0
532927986,30.0
532927987,45.0
532927988,30.0
532927993,30.0
532927994,30.0
532932173,45.0
532932174,30.0
532932175,30.0
532932176,30.0
532932177,30.0
532932178,30.0
532932179,30.0
532932180,30.0
532932181,30.0
532932182,30.0
532932183,30.0
532932184,30.0
532932189,30.0
532932192,25.0
532932193,30.0
532932194,30.0
532932195,30.0
532932196,25.0
532932197,25.0
532932198,25.0
532932199,30.0
532932200,30.0
532932202,30.0
532932203,30.0
532932204,30.0
532932205,30.0
532932206,30.0
532932207,30.0
532932208,30.0
532932209,30.0
532932210,30.0
532932212,30.0
532932214,30.0
532932216,30.0
532932218,30.0
532932219,50.0
532932222,30.0
532932224,30.0
532932225,50.0
532932229,20.0
532932230,30.0
532932234,30.0
532932236,30.0
532934773,20.0
532934776,30.0
532934777,30.0
532934778,30.0
532934779,30.0
532934781,30.0
532934782,30.0
532943884,30.0
532948903,20.0
532948915,30.0
532948918,30.0
532948919,30.0
532948921,30.0
532948922,30.0
532948923,30.0
532948925,30.0
532948926,45.0
532948928,45.0
532948930,30.0
532948932,30.0
532948933,30.0
532948935,30.0
532948936,30.0
532948938,30.0
532948940,30.0
532948941,30.0
532948943,30.0
532948944,30.0
532948946,30.0
532948948,30.0
532948949,30.0
532948951,30.0
532950797,30.0
532950798,30.0
532950799,30.0
532950800,30.0
532950802,45.0
532950803,30.0
532950804,30.0
532950805,30.0
532950806,30.0
532950807,30.0
532950808,30.0
532950809,30.0
532950810,30.0
532950811,30.0
532950812,30.0
532950813,30.0
532950814,30.0
532950815,30.0
532950816,45.0
532950818,45.0
532950820,30.0
532950821,30.0
532959306,25.0
532959307,30.0
532959308,40.0
532959309,30.0
532959310,30.0
532959311,30.0
532959312,30.0
532959313,30.0
532959314,30.0
532959315,30.0
532959316,30.0
532959317,30.0
532959319,20.0
532959320,20.0
532959321,30.0
532959323,30.0
532959325,30.0
532959326,30.0
532959327,30.0
532959328,30.0
532959330,30.0
532959331,30.0
532959332,30.0
532959333,30.0
532959334,30.0
532959336,24.0
532959338,30.0
532959339,20.0
532959341,24.0
532960980,30.0
532960981,30.0
532960982,30.0
532960983,30.0
532960984,30.0
532960985,30.0
532963115,30.0
532963116,30.0
532963117,30.0
532963118,30.0
532963119,30.0
532963120,30.0
532963121,30.0
532963122,30.0
532963123,30.0
532963124,30.0
532963125,30.0
532963126,30.0
532963127,30.0
532963128,30.0
532963129,30.0
532963130,30.0
532963131,30.0
532963132,20.0
532963139,30.0
532963140,30.0
532963141,30.0
532963142,30.0
532963143,30.0
532963144,30.0
532963145,30.0
532963146,30.0
532963147,30.0
532963304,30.0
532966393,30.0
532966394,30.0
532966395,30.0
532966396,30.0
532966397,30.0
532966398,30.0
532966399,30.0
532966400,30.0
532966401,45.0
532966402,30.0
532966403,30.0
532966404,30.0
532966405,30.0
532966406,30.0
532966407,30.0
532966409,24.0
532966410,30.0
532966411,30.0
532966412,30.0
532966413,30.0
532966414,30.0
532966415,30.0
532966416,30.0
532966417,30.0
532966418,30.0
532966420,30.0
532966421,30.0
532966423,30.0
532966425,30.0
532966427,30.0
532966428,30.0
533157279,30.0
533157282,30.0
533157283,30.0
533157284,30.0
533157286,30.0
533157287,10.0
533157289,10.0
533157290,30.0
533157292,30.0
533157293,30.0
533157295,30.0
533157297,30.0
533157298,30.0
533157300,30.0
533157301,30.0
533157302,30.0
533157304,30.0
533157305,30.0
533157306,30.0
533157307,30.0
533157308,30.0
533157309,45.0
533157310,45.0
533157311,30.0
533164560,30.0
533164561,30.0
533164562,30.0
533164563,30.0
533164564,30.0
533164565,30.0
533164566,30.0
533164567,30.0
533164569,30.0
533164570,30.0
533164571,30.0
533164572,30.0
533164573,30.0
533164574,30.0
533164575,30.0
533164576,30.0
533164577,30.0
533164579,30.0
533164580,30.0
533164581,30.0
533164582,30.0
533164583,30.0
533164584,30.0
533164585,30.0
533164586,30.0
533164587,30.0
533164588,30.0
533164589,30.0
533164590,30.0
533164591,30.0
533164592,30.0
533164593,30.0
533164594,24.0
533164596,30.0
533164601,30.0
533173632,20.0
533173635,30.0
533173640,50.0
533173641,40.0
533173642,30.0
533173643,40.0
533173646,25.0
533173647,30.0
533173648,24.0
533173649,24.0
533173650,30.0
533173651,30.0
533173652,30.0
533173653,30.0
533173654,30.0
533173655,30.0
533173656,30.0
533173658,30.0
533173659,30.0
533173660,24.0
533173661,30.0
533173662,30.0
533173663,30.0
533173664,30.0
533173666,30.0
533173667,30.0
533173668,30.0
533173669,30.0
533173670,30.0
533173671,30.0
533173672,30.0
533173673,45.0
533173674,30.0
533173675,30.0
533173676,30.0
533173677,30.0
533173678,30.0
533173679,30.0
533173681,30.0
533173682,30.0
533173683,30.0
533173684,30.0
533173685,30.0
533173686,30.0
533173687,30.0
533173688,30.0
533175774,30.0
533175775,30.0
533175777,30.0
533175778,30.0
533175779,30.0
533175781,30.0
533175782,30.0
533175784,30.0
533175785,30.0
533175787,30.0
533175789,45.0
533175792,30.0
533175793,30.0
533175795,30.0
533175796,30.0
533175798,30.0
533175799,30.0
533175800,30.0
533175801,30.0
533175803,30.0
533175804,30.0
533175805,30.0
533175808,30.0
533175810,30.0
533175811,30.0
533178097,30.0
533178098,20.0
533178102,30.0
533178104,30.0
533178106,30.0
533178108,30.0
533178110,30.0
533178113,30.0
533178117,30.0
533178118,30.0
533178119,40.0
533178120,30.0
533178121,20.0
533178123,24.0
533178124,30.0
533178125,30.0
533178126,30.0
533183308,30.0
533183314,40.0
533183315,30.0
533183316,30.0
533183318,30.0
533183323,30.0
533183325,30.0
533183328,30.0
533183329,30.0
533183330,30.0
533183335,30.0
533183336,30.0
533183337,30.0
533183341,30.0
533183342,30.0
533183343,30.0
533183344,30.0
533183345,30.0
533183346,30.0
533183347,30.0
533183349,50.0
533183350,30.0
533183351,30.0
533183352,30.0
533183356,30.0
533183357,40.0
533183358,45.0
533183359,45.0
533189766,30.0
533189767,45.0
533189768,30.0
533189770,24.0
533189772,30.0
533189773,30.0
533189774,30.0
533189775,30.0
533189776,45.0
533189777,50.0
533189778,30.0
533189779,30.0
533189781,30.0
533189782,30.0
533189783,30.0
533189784,30.0
533189785,30.0
533189786,30.0
533189787,30.0
533189788,30.0
533189789,45.0
533189790,45.0
533189791,30.0
533189792,30.0
533189793,30.0
533189794,24.0
533189795,30.0
533189796,30.0
533189797,30.0
533189798,30.0
533189799,30.0
533189800,30.0
533189801,30.0
533189802,30.0
533189803,30.0
533189805,30.0
533189807,30.0
533189808,30.0
533189810,30.0
533189811,30.0
533189812,30.0
533189813,30.0
533189814,30.0
533189815,30.0
533189816,30.0
533189817,20.0
533189818,50.0
533189819,50.0
533189820,30.0
533189821,20.0
533189822,40.0
533189823,50.0
533189824,30.0
533189825,30.0
533189826,50.0
533189827,40.0
533191260,30.0
533191261,30.0
533191262,30.0
533191263,30.0
533191264,30.0
533191265,30.0
533191266,30.0
533191267,30.0
533191268,30.0
533191269,30.0
533191270,30.0
533191271,30.0
533348367,50.0
533348370,20.0
533348371,30.0
533348372,50.0
533348373,30.0
533348374,25.0
533348375,50.0
533348377,30.0
533348378,30.0
533348379,30.0
533348380,30.0
533348381,30.0
533348382,30.0
533348383,30.0
533348384,30.0
533348386,30.0
533348388,30.0
533348389,30.0
533348391,30.0
533348392,30.0
533348393,30.0
533348394,30.0
533348395,30.0
533348396,30.0
533348398,30.0
533348399,30.0
533348400,30.0
533348401,30.0
533348402,30.0
533348403,30.0
533348404,30.0
533348405,30.0
533355709,30.0
533355713,30.0
533355715,30.0
533355717,30.0
533355719,30.0
533355720,30.0
533355724,30.0
533355725,30.0
533355727,30.0
533355729,30.0
533355733,30.0
533355735,30.0
533355736,30.0
533355740,30.0
533355742,24.0
533355744,30.0
533355746,30.0
533355747,30.0
533355749,24.0
533355751,24.0
533355754,24.0
533355756,30.0
533355759,24.0
533355761,30.0
533355763,24.0
533355765,30.0
533355769,30.0
533355770,30.0
533355772,30.0
533356979,45.0
533356981,45.0
533356982,30.0
533356984,30.0
533356985,30.0
533358495,30.0
533358496,30.0
533358498,30.0
533358499,30.0
533358500,30.0
533358502,30.0
533358504,30.0
533358505,30.0
533358507,30.0
533358508,30.0
533358509,30.0
533358513,30.0
533358515,30.0
533358517,30.0
533358518,30.0
533358519,30.0
533358520,30.0
533358521,30.0
533358522,30.0
533358523,30.0
533358524,30.0
533358526,30.0
533358528,30.0
533358529,30.0
533358531,30.0
533363259,30.0
533363260,24.0
533363263,24.0
533363265,30.0
533363267,30.0
533363269,30.0
533363271,25.0
533363273,30.0
533363275,30.0
533363277,24.0
533363279,24.0
533363281,24.0
533363282,30.0
533367675,30.0
533367676,30.0
533367678,30.0
533367679,30.0
533367681,30.0
533367682,30.0
533367684,30.0
533367686,30.0
533367689,30.0
533367691,30.0
533367693,30.0
533367694,30.0
533367695,30.0
533367696,30.0
533367697,30.0
533367699,30.0
533367701,30.0
533367703,50.0
533367704,50.0
533367707,30.0
533367708,30.0
533367710,24.0
533369677,30.0
533369678,30.0
533369679,25.0
533369680,30.0
533369681,30.0
533369682,30.0
533369684,24.0
533369685,30.0
533369686,30.0
533369688,30.0
533369689,30.0
533369690,30.0
533369691,30.0
533369692,30.0
533369693,30.0
533372705,30.0
533372706,30.0
533372707,30.0
533372708,40.0
533372709,40.0
533372711,30.0
533372712,30.0
533372713,30.0
533372714,45.0
533372715,20.0
533372716,45.0
533372717,45.0
533372718,45.0
533372719,30.0
533372720,20.0
533372721,30.0
533372723,30.0
533372724,40.0
533372725,45.0
533372726,45.0
533372727,40.0
533381879,30.0
533381881,30.0
533381887,30.0
533381890,30.0
533381891,30.0
533381892,30.0
533381894,30.0
533381895,30.0
533381896,30.0
533381899,45.0
533381902,30.0
533381903,30.0
533381904,30.0
533381905,40.0
533381907,40.0
533381913,40.0
533381914,30.0
533381916,30.0
533381917,20.0
533381918,30.0
533381919,30.0
533386957,30.0
533386959,30.0
533386960,45.0
533386962,45.0
533386963,30.0
533386964,30.0
533386965,30.0
533386966,30.0
533386967,50.0
533386968,40.0
533386969,50.0
533386970,45.0
533386971,50.0
533386972,50.0
533386973,30.0
533386975,30.0
533386978,30.0
533386981,30.0
533386984,30.0
533386986,30.0
533386988,30.0
533386990,30.0
533386992,30.0
533386994,30.0
533386996,30.0
533386997,45.0
533387001,45.0
533387006,30.0
533387008,30.0
533387011,30.0
533387012,30.0
533387013,30.0
533387014,30.0
533387016,30.0
533387018,30.0
533387021,30.0
533387023,30.0
533387025,30.0
533387027,30.0
533387029,30.0
533387031,30.0
533392600,30.0
533392601,30.0
533392602,30.0
533392603,30.0
533392604,30.0
533392605,30.0
533392606,30.0
533392607,30.0
533392608,30.0
533392609,30.0
533392610,30.0
533392611,30.0
533392612,45.0
533392613,45.0
533392614,45.0
533392615,45.0
533392616,45.0
533392617,45.0
533392618,30.0
533392619,45.0
533392620,45.0
533392621,30.0
533392622,45.0
533392623,25.0
533392624,45.0
533392625,30.0
533392626,45.0
533392627,45.0
533392628,45.0
533392630,45.0
533392631,30.0
533392632,30.0
533392633,30.0
533392634,30.0
533392635,30.0
533395663,30.0
533395665,20.0
533395668,50.0
533395669,45.0
533395670,45.0
533397103,30.0
533397105,30.0
533397106,30.0
533399542,30.0
533399543,30.0
533399544,30.0
533399545,30.0
533399546,30.0
533399548,30.0
533399550,30.0
533399551,30.0
533399552,30.0
533399553,30.0
533399554,30.0
533399555,30.0
533399556,30.0
533399557,45.0
533399558,45.0
533399559,16.0
533399560,16.0
533399562,30.0
533399563,30.0
533399564,30.0
533399565,30.0
533399566,30.0
533399567,30.0
533399568,30.0
533399569,30.0
533399570,30.0
533399571,30.0
533399572,30.0
533402376,30.0
533402377,30.0
533402379,30.0
533402380,30.0
533402382,30.0
533402384,30.0
533402386,24.0
533402388,30.0
533402390,30.0
533402392,30.0
533402393,30.0
533402395,20.0
533402397,30.0
533402399,50.0
533402402,50.0
533523659,30.0
533523660,30.0
533523661,30.0
533523662,30.0
533525766,30.0
533525768,30.0
533525769,30.0
533525770,30.0
533525771,30.0
533525772,30.0
533525773,30.0
533525774,30.0
533525775,30.0
533525776,30.0
533525777,30.0
533525778,25.0
533525779,30.0
533525780,30.0
533525781,30.0
533525782,25.0
533525783,25.0
533586660,30.0
533586662,24.0
533594321,30.0
533594323,30.0
533594324,30.0
533594325,30.0
533594326,30.0
533594327,30.0
533594328,30.0
533594329,30.0
533594330,30.0
533594331,30.0
533594332,30.0
533594333,30.0
533594334,30.0
533594335,30.0
533594336,30.0
533594337,30.0
533594338,45.0
533594339,30.0
533602094,30.0
533602095,30.0
533602096,30.0
533602097,30.0
533602098,30.0
533602099,30.0
533602100,30.0
533602102,30.0
533602103,24.0
533602104,45.0
533602105,30.0
533602106,30.0
533602107,30.0
533613802,45.0
533613803,30.0
533613805,45.0
533613808,30.0
533613811,45.0
533613814,45.0
533613818,30.0
533613820,30.0
533613824,45.0
533613826,30.0
533613828,30.0
533613830,30.0
533765178,30.0
533765181,30.0
533765182,45.0
533765183,25.0
533765184,45.0
533765185,30.0
533765186,30.0
533765187,45.0
533765188,30.0
533765189,30.0
533765190,30.0
533765191,20.0
533765192,30.0
533765193,30.0
533765194,30.0
533765195,30.0
533765196,30.0
533765197,30.0
533765198,25.0
533765199,30.0
533765200,30.0
533765201,30.0
533771430,30.0
533771431,30.0
533771432,45.0
533771433,20.0
533771434,30.0
533771435,30.0
533771436,30.0
533771438,30.0
533771439,30.0
533771440,30.0
533771441,30.0
533771442,30.0
533771443,30.0
533771444,30.0
533771445,30.0
533777491,30.0
533777492,30.0
533777494,30.0
533777496,30.0
534035376,30.0
534035377,30.0
534035378,30.0
534035379,30.0
534035380,30.0
534035381,30.0
534035382,30.0
534035383,30.0
534035384,30.0
534035385,30.0
534068779,24.0
534068780,10.0
534068781,30.0
534068782,24.0
534068783,24.0
534068784,24.0
534068786,30.0
534068787,30.0
534068788,30.0
534068789,30.0
534068790,24.0
534088978,30.0
534088979,30.0
534088981,30.0
534088982,30.0
534088983,30.0
534088984,20.0
534088985,30.0
534088986,30.0
534088987,30.0
534088988,20.0
534088989,30.0
534088990,30.0
534088991,30.0
534088992,30.0
534088993,30.0
534088994,30.0
534088995,30.0
534088996,45.0
534088997,45.0
534088998,30.0
534089000,30.0
534089001,30.0
534089002,30.0
534089003,30.0
534089004,30.0
534089005,30.0
534091443,30.0
534091445,30.0
534091447,30.0
534436266,45.0
534436267,45.0
534436268,30.0
534436269,30.0
534436271,36.0
534436272,40.0
534436273,45.0
534436274,30.0
534436275,30.0
534436276,20.0
534436278,20.0
534436280,20.0
534436281,30.0
534436282,30.0
534436283,30.0
534436284,30.0
534436285,30.0
534436286,40.0
534436287,30.0
534436288,30.0
534436289,30.0
534436290,30.0
534436291,40.0
534436292,40.0
534436293,30.0
534436294,30.0
534436295,30.0
534436296,20.0
534436298,30.0
534436300,30.0
534436303,30.0
534436305,30.0
534436307,30.0
534436309,30.0
534436310,30.0
534436311,30.0
534436312,30.0
534436313,30.0
534436314,30.0
534436315,30.0
534444226,30.0
534444227,30.0
534444228,40.0
534444229,30.0
534444230,30.0
534444231,30.0
534444232,40.0
534444233,40.0
534444234,40.0
534444235,40.0
534444236,30.0
534444237,40.0
534444238,40.0
534444239,30.0
534444240,30.0
534444241,30.0
534444242,30.0
534444243,30.0
534444244,20.0
534444245,20.0
534444246,20.0
534444247,20.0
534444248,30.0
534444249,30.0
534444250,30.0
534444251,20.0
534444252,20.0
534444253,30.0
534444254,30.0
534444255,30.0
534444256,30.0
534444257,30.0
534444258,30.0
534444259,30.0
534444260,30.0
534444261,30.0
534444262,30.0
534444263,30.0
534444264,30.0
534444265,20.0
534444266,20.0
534444267,30.0
534444268,20.0
534444269,30.0
534444270,20.0
534444271,30.0
534444272,30.0
534444273,30.0
534444274,30.0
534444275,30.0
534444276,30.0
534444277,30.0
534444278,20.0
534444279,20.0
534444280,20.0
534444281,20.0
534444282,20.0
534444283,30.0
534444284,30.0
534444285,30.0
534444286,30.0
534444287,30.0
534444289,30.0
534444291,30.0
534444293,24.0
534444295,24.0
534444298,30.0
534444300,30.0
534444302,30.0
534444304,30.0
534444306,30.0
534444309,30.0
534444312,30.0
534444315,30.0
534444317,30.0
534444319,30.0
534444321,24.0
534444323,30.0
534449040,30.0
534449041,30.0
534449042,30.0
534449043,30.0
534449044,30.0
534449045,36.0
534449046,45.0
534449047,30.0
534449048,30.0
534449049,30.0
534449050,30.0
534449051,30.0
534449052,30.0
534449053,30.0
534449054,30.0
534449055,30.0
534449056,30.0
534449057,20.0
534449058,20.0
534449059,20.0
534449060,30.0
534449061,20.0
534449062,30.0
534449065,20.0
534449066,30.0
534449067,30.0
534449068,30.0
534449069,30.0
534449070,30.0
534449071,30.0
534449072,30.0
534449073,30.0
534449074,30.0
534449075,30.0
534449076,30.0
534449077,30.0
534449078,30.0
534449079,20.0
534449080,30.0
534449081,20.0
534449082,20.0
534449083,30.0
534449086,30.0
534449087,30.0
534455548,30.0
534455549,30.0
534455550,30.0
534455551,30.0
534455552,30.0
534455553,30.0
534455554,30.0
534455555,30.0
534455556,30.0
534455557,30.0
534455558,30.0
534455559,30.0
534455560,30.0
534455561,30.0
534455562,30.0
534455563,30.0
534455564,30.0
534455565,30.0
534455566,20.0
534455567,20.0
534455568,20.0
534455569,24.0
534455570,30.0
534455571,24.0
534455572,30.0
534455573,30.0
534455574,30.0
534455575,30.0
534455576,30.0
534455577,30.0
534455578,24.0
534455579,24.0
534455580,24.0
534455581,24.0
534455582,24.0
534455583,24.0
534455584,24.0
534455585,24.0
534455586,24.0
534455587,30.0
534455588,30.0
534455589,30.0
534455590,30.0
534455591,30.0
534455592,30.0
534455593,30.0
534455594,30.0
534458733,30.0
534458734,30.0
534458735,30.0
534458736,30.0
534458737,30.0
534458738,30.0
534458739,30.0
534458740,30.0
534458741,20.0
534458742,30.0
534458743,20.0
534460942,30.0
534468718,30.0
534468719,30.0
534468721,30.0
534468722,30.0
534468723,30.0
534468724,30.0
534468725,30.0
534468726,30.0
534468727,30.0
534468728,30.0
534468729,30.0
534468730,30.0
534468732,30.0
534468733,30.0
534468734,30.0
534468735,30.0
534468736,30.0
534468737,30.0
534468738,30.0
534468739,30.0
534468740,30.0
534468741,30.0
534468742,45.0
534468744,30.0
534468745,30.0
534468746,30.0
534468747,30.0
534468748,30.0
534468749,40.0
534468750,40.0
534468751,30.0
534468752,30.0
534468753,30.0
534468754,30.0
534468755,30.0
534468756,30.0
534468757,30.0
534468762,30.0
534468763,30.0
534468764,30.0
534468765,30.0
534468766,30.0
534468767,45.0
534468768,30.0
534468769,30.0
534468770,30.0
534468771,30.0
534468772,30.0
534468773,30.0
534468774,30.0
534468775,30.0
534468776,30.0
534468777,30.0
534475248,30.0
534475249,30.0
534475251,30.0
534475253,30.0
534475254,30.0
534475255,45.0
534475256,30.0
534475257,30.0
534475258,30.0
534475259,30.0
534475261,40.0
534475264,30.0
534475266,30.0
534475268,24.0
534475269,30.0
534475270,30.0
534475271,30.0
534475272,30.0
534475273,30.0
534475274,30.0
534475275,30.0
534475276,30.0
534475277,30.0
534475278,30.0
534475279,30.0
534475280,30.0
534475281,30.0
534475282,30.0
534475283,30.0
534475284,30.0
534475285,30.0
534482506,30.0
534482507,45.0
534482508,30.0
534482509,30.0
534482510,30.0
534482511,30.0
534482512,30.0
534482513,30.0
534482514,30.0
534482515,30.0
534482516,30.0
534482517,30.0
534482518,45.0
534482519,45.0
534482520,30.0
534482521,30.0
534482522,30.0
534482523,30.0
534482524,30.0
534482525,30.0
534482526,30.0
534482527,30.0
534482528,30.0
534482529,30.0
534482530,30.0
534482531,30.0
534482532,30.0
534482533,30.0
534482534,30.0
534482535,30.0
534482536,30.0
534482537,30.0
534482538,30.0
534482539,30.0
534482540,30.0
534482541,30.0
534482542,30.0
534482543,30.0
534482544,30.0
534482546,30.0
534482547,30.0
534482548,30.0
534482549,30.0
534482550,30.0
534482551,30.0
534482552,30.0
534482553,30.0
534482554,30.0
534482555,30.0
534482556,30.0
534482557,30.0
534482558,30.0
534482559,30.0
534482560,30.0
534482561,30.0
534482562,30.0
534482563,25.0
534482564,30.0
534482565,45.0
534482566,30.0
534482567,30.0
534482568,30.0
534482569,30.0
534482570,30.0
534482572,30.0
534482573,30.0
534482574,30.0
534536349,30.0
534536350,30.0
534536351,20.0
534536352,20.0
534536353,20.0
534536354,30.0
534536355,30.0
534536356,30.0
534536357,30.0
534536358,30.0
534536359,30.0
534536360,45.0
534536361,30.0
534536362,30.0
534536363,30.0
534536364,30.0
534536365,30.0
534536367,30.0
534536369,30.0
534536371,30.0
534536373,30.0
534536375,30.0
534536377,30.0
534536378,30.0
534536381,30.0
534536383,30.0
534536386,30.0
534536388,30.0
534536390,30.0
534536393,30.0
534536394,30.0
534536395,30.0
534536396,30.0
534536398,30.0
534536399,30.0
534536400,30.0
534536401,30.0
534536402,30.0
534536403,30.0
534536404,30.0
534536405,30.0
534536406,30.0
534536407,30.0
534536408,30.0
534536409,30.0
534536410,30.0
534536411,30.0
534536412,30.0
534536413,30.0
534536414,30.0
534536415,30.0
534536416,30.0
534536417,30.0
534536418,30.0
534536419,30.0
534536420,30.0
534536421,30.0
534536422,30.0
534536423,30.0
534536424,30.0
534536426,30.0
534536427,30.0
534536428,30.0
534536429,30.0
534536430,25.0
534536431,30.0
534536432,30.0
534536433,30.0
534536434,30.0
534536435,30.0
534536436,30.0
534536437,30.0
534536438,30.0
534536439,30.0
534536440,30.0
534536441,30.0
534536442,30.0
534536443,30.0
534552095,30.0
534552096,25.0
534552097,30.0
534552098,30.0
534552099,30.0
534552100,30.0
534552101,30.0
534552102,30.0
534552104,30.0
534552105,30.0
534552109,30.0
534552112,30.0
534552114,30.0
534552115,30.0
534552118,30.0
534552120,30.0
534552122,30.0
534552124,30.0
534552125,30.0
534552127,50.0
534552129,30.0
534552130,30.0
534552131,30.0
534552132,30.0
534552134,30.0
534555548,30.0
534555549,30.0
534555550,30.0
534555551,30.0
534555552,30.0
534555553,20.0
534555554,20.0
534555555,20.0
534555556,20.0
534555557,30.0
534555558,30.0
534555559,20.0
534555560,20.0
534555561,20.0
534555562,20.0
534555563,20.0
534555564,20.0
534555565,20.0
534555566,20.0
534555567,20.0
534555568,20.0
534555569,20.0
534555570,20.0
534555571,30.0
534555572,45.0
534555573,30.0
534555574,30.0
534555575,30.0
534555576,30.0
534555577,30.0
534555578,30.0
534555579,30.0
534555580,30.0
534555581,30.0
534555583,30.0
534562520,30.0
534562522,30.0
534562524,30.0
534562526,30.0
534562528,30.0
534562529,30.0
534562531,30.0
534562535,30.0
534562536,30.0
534562537,30.0
534562539,30.0
534562541,30.0
534562543,30.0
534562544,30.0
534562546,30.0
534562548,30.0
534562550,30.0
534562552,30.0
534562553,30.0
534562554,30.0
534562555,30.0
534562556,30.0
534562557,30.0
534562558,30.0
534562559,30.0
534562560,30.0
534562561,30.0
534562562,30.0
534562563,30.0
534562564,30.0
534564793,30.0
534564794,30.0
534564795,30.0
534564796,30.0
534564797,30.0
534564798,30.0
534564800,30.0
534564801,30.0
534564802,30.0
534564803,20.0
534564804,20.0
534564805,20.0
534564806,45.0
534564809,30.0
534564811,30.0
534564812,30.0
534564815,30.0
534564816,30.0
534564818,30.0
534564820,24.0
534564821,30.0
534564823,45.0
534564824,45.0
534564825,45.0
534564826,45.0
534564827,30.0
534564828,45.0
534564829,30.0
534564830,30.0
534564831,30.0
534564832,30.0
534564833,30.0
534564834,30.0
534564835,30.0
534564836,30.0
534564837,30.0
534564838,30.0
534564839,30.0
534570884,30.0
534570885,30.0
534572311,30.0
534588244,30.0
534588245,30.0
534588246,20.0
534588247,30.0
534588248,30.0
534588249,30.0
534588250,30.0
534588251,30.0
534588252,50.0
534588253,45.0
534588254,45.0
534588255,30.0
534588256,30.0
534588257,30.0
534588258,30.0
534588259,30.0
534588268,30.0
534588269,30.0
534588270,45.0
534588271,50.0
534588274,30.0
534588279,30.0
534588282,30.0
534588283,45.0
534588284,45.0
534588285,45.0
534588286,45.0
534588287,40.0
534588288,40.0
534595115,30.0
534595117,20.0
534595120,30.0
534595123,30.0
534595125,30.0
534595126,30.0
534595127,30.0
534595128,30.0
534595129,30.0
534595131,30.0
534595133,30.0
534595135,30.0
534595137,45.0
534595140,30.0
534595141,30.0
534595143,30.0
534595144,30.0
534595145,30.0
534595146,30.0
534595147,30.0
534595148,30.0
534595149,20.0
534595151,20.0
534595153,20.0
534595155,30.0
534595156,30.0
534595157,30.0
534595158,30.0
534595160,30.0
534595162,30.0
534595163,30.0
534595164,30.0
534595165,30.0
534595166,24.0
534595168,45.0
534595172,45.0
534595174,30.0
534595176,30.0
534602135,30.0
534602136,20.0
534602137,20.0
534602138,20.0
534602139,20.0
534602140,20.0
534602141,20.0
534602145,30.0
534602146,30.0
534602147,30.0
534602148,30.0
534602149,30.0
534602151,30.0
534602152,30.0
534602153,30.0
534602154,30.0
534602155,30.0
534602156,30.0
534602157,30.0
534602158,30.0
534602159,30.0
534602160,30.0
534602161,30.0
534602162,30.0
534602163,30.0
534602164,30.0
534602165,30.0
534602166,30.0
534602167,30.0
534602168,30.0
534602169,30.0
534602170,30.0
534602171,30.0
534602172,30.0
534602173,30.0
534602174,30.0
534602175,30.0
534602176,30.0
534602177,30.0
534602178,30.0
534602179,30.0
534602180,30.0
534602182,45.0
534602183,45.0
534602184,30.0
534602185,30.0
534602186,30.0
534602187,30.0
534602188,30.0
534605724,30.0
534605725,30.0
534605726,30.0
534605727,45.0
534605728,50.0
534605729,30.0
534605730,30.0
534605731,30.0
534605732,30.0
534605733,30.0
534605734,30.0
534605735,30.0
534605736,30.0
534605737,24.0
534605738,24.0
534605739,30.0
534605740,30.0
534605741,30.0
534605742,30.0
534605743,30.0
534605754,30.0
534605756,30.0
534605757,30.0
534605760,30.0
534605762,30.0
534605763,30.0
534605764,30.0
534605765,30.0
534605766,30.0
534605767,30.0
534605768,30.0
534605770,30.0
534605771,45.0
534605773,30.0
534605774,30.0
534605775,30.0
534605777,40.0
534609899,30.0
534609900,30.0
534609901,30.0
534609902,30.0
534609903,30.0
534609904,30.0
534609905,30.0
534609906,30.0
534609907,30.0
534609908,30.0
534609909,30.0
534609910,30.0
534609911,30.0
534609912,30.0
534609914,30.0
534609915,30.0
534609916,30.0
534609917,25.0
534609918,25.0
534609919,25.0
534609920,25.0
534609921,25.0
534609923,30.0
534609924,30.0
534609925,30.0
534609926,30.0
534609927,30.0
534609928,30.0
534609929,30.0
534609930,30.0
534609931,30.0
534609932,30.0
534610035,30.0
534610036,30.0
534610037,30.0
534788555,30.0
534788557,30.0
534788559,30.0
534788561,30.0
534788563,30.0
534788565,30.0
534788567,30.0
534788569,30.0
534788572,30.0
534788574,30.0
534788575,30.0
534788576,30.0
534788577,30.0
534788578,30.0
534788579,45.0
534788580,45.0
534788581,45.0
534788582,45.0
534788583,30.0
534788584,45.0
534788585,45.0
534788586,45.0
534788587,30.0
534788588,30.0
534788589,45.0
534788590,45.0
534788591,30.0
534788592,30.0
534788593,30.0
534788594,30.0
534788595,30.0
534788596,30.0
534788597,30.0
534788598,30.0
534788599,30.0
534788600,30.0
534788601,30.0
534788602,30.0
534788603,30.0
534788604,30.0
534788606,24.0
534788607,30.0
534788608,30.0
534788609,30.0
534788610,30.0
534788611,30.0
534788612,30.0
534788613,30.0
534788614,30.0
534788616,30.0
534788617,30.0
534788618,30.0
534788619,30.0
534788620,30.0
534799224,30.0
534799225,30.0
534799226,30.0
534799227,30.0
534799228,30.0
534799229,30.0
534799230,30.0
534799232,30.0
534799234,30.0
534799235,30.0
534808739,30.0
534808741,30.0
534808743,30.0
534808744,30.0
534808747,30.0
534808749,30.0
534808752,30.0
534808755,30.0
534808758,30.0
534808762,30.0
534808765,30.0
534808770,30.0
534808772,30.0
534853688,30.0
534853690,30.0
534853691,30.0
534856422,30.0
534911299,30.0
534911300,30.0
534911301,30.0
534911302,30.0
536184566,30.0
536291679,30.0
536291682,45.0
536291864,30.0
536291866,30.0
536291867,45.0
536307503,30.0
536307505,30.0
536307506,30.0
536307508,30.0
536307510,30.0
536307512,30.0
536307514,30.0
536307516,30.0
536311424,30.0
536311425,30.0
536312270,30.0
536317279,30.0
536317280,30.0
536319342,30.0
536319343,30.0
536332876,30.0
536333528,30.0
536336024,30.0
536359873,30.0
536360270,30.0
536387451,40.0
536387452,30.0
536387453,30.0
536970032,50.0
536970035,50.0
536970038,20.0
536970040,30.0
536970041,30.0
536970042,30.0
536970043,30.0
536970044,30.0
536970045,30.0
536970046,30.0
536970047,16.0
536970048,16.0
536970049,20.0
536970050,30.0
536970051,25.0
536970052,20.0
536970053,25.0
536970054,25.0
536970055,30.0
536970056,20.0
536970062,30.0
536970063,30.0
536970064,30.0
537202154,30.0
537202155,30.0
537202156,30.0
537202157,30.0
537202158,30.0
537202159,30.0
537202160,30.0
537202161,30.0
537202162,30.0
537202163,30.0
537202164,30.0
537202165,30.0
537202166,30.0
537202167,30.0
537202168,30.0
537202169,30.0
537202170,30.0
537202171,30.0
537202172,24.0
537202173,24.0
537202174,24.0
537202175,24.0
537202176,24.0
537202177,30.0
537202178,30.0
537202179,30.0
537202180,30.0
537202181,30.0
537202182,30.0
537202183,30.0
537202184,30.0
537202185,30.0
537202186,30.0
537202187,30.0
538089748,60.0
538089749,60.0
538089751,60.0
538089752,60.0
538089753,25.0
538089754,25.0
538089755,25.0
538089757,30.0
538089758,30.0
538089759,30.0
538089760,25.0
538089761,60.0
538089763,60.0
538089764,60.0
538089766,30.0
538089767,60.0
538090566,60.0
538090567,30.0
538095920,50.0
538095924,30.0
538095928,50.0
538095932,50.0
538095936,60.0
538095943,30.0
538095947,30.0
538095953,30.0
538095958,40.0
538095963,40.0
538095967,30.0
538095970,30.0
538110705,30.0
538110706,30.0
538112019,50.0
538112020,50.0
538112021,30.0
538207253,30.0
538207255,50.0
538207257,50.0
538207258,30.0
538207259,20.0
538207260,20.0
538207261,20.0
538207262,30.0
538207263,30.0
538207264,30.0
538207265,30.0
538207266,50.0
538207267,50.0
538210713,50.0
538210714,50.0
538354160,30.0
538354161,30.0
538780230,20.0
539241117,25.0
539241121,25.0
539241122,25.0
539241124,25.0
539244656,25.0
539244659,25.0
539244669,25.0
539244673,25.0
539244688,25.0
542769130,30.0
542769132,30.0
542769134,30.0
542773753,30.0
542773754,30.0
542773755,30.0
542773757,25.0
542773758,30.0
542773759,30.0
542773760,30.0
542773761,30.0
542773762,30.0
542773763,30.0
542773764,30.0
542773765,30.0
542773767,30.0
542773768,30.0
542773769,30.0
542773770,30.0
542773771,30.0
542773772,20.0
542773773,30.0
542773774,20.0
542773775,20.0
542773776,50.0
542773777,30.0
542773778,30.0
542773779,30.0
542773780,30.0
542773783,30.0
542773784,30.0
542773785,50.0
542773786,30.0
542773787,30.0
542773788,30.0
542773789,30.0
542773790,30.0
542773791,45.0
542773792,50.0
542776693,30.0
542776695,30.0
542776696,30.0
542776697,30.0
542776698,25.0
542776700,30.0
542776701,30.0
542776702,30.0
542776703,30.0
542776705,30.0
542776706,30.0
542776707,30.0
542776748,30.0
542776750,30.0
542776753,30.0
542782289,25.0
542782290,30.0
542782291,30.0
542782292,30.0
542782293,30.0
542782294,30.0
542782295,30.0
542782296,30.0
542782297,30.0
542782298,30.0
542782299,30.0
542782300,30.0
542782304,30.0
542782306,30.0
542782307,30.0
542782309,25.0
542782310,30.0
542782312,30.0
542782313,30.0
542782315,30.0
542782317,30.0
542782318,30.0
542782319,30.0
542782321,30.0
542782323,25.0
542782324,30.0
542782325,30.0
542782327,30.0
542782328,30.0
542782329,30.0
542782330,30.0
542782331,20.0
542782334,40.0
542782335,30.0
542782336,30.0
542782337,30.0
542782338,30.0
542782339,30.0
542782340,30.0
542782341,30.0
542782342,30.0
542782343,30.0
542782344,30.0
542782345,30.0
543009909,30.0
543009910,30.0
543009911,30.0
543009912,30.0
543009913,30.0
543009915,30.0
543009916,30.0
543009917,30.0
543010476,30.0
543010477,30.0
543010480,30.0
543010485,30.0
543010486,30.0
543010487,30.0
543010488,30.0
543010489,30.0
543010490,30.0
543011132,30.0
543011134,30.0
543011135,30.0
543011136,30.0
543011138,30.0
543011139,30.0
543011140,30.0
543011141,25.0
543011142,25.0
543011143,30.0
543011145,25.0
543011146,25.0
543011147,30.0
543013158,30.0
543013164,25.0
543013165,25.0
543014431,20.0
543014440,20.0
543014442,20.0
543014714,20.0
543014715,24.0
543014722,25.0
543015217,25.0
543015218,25.0
543015219,25.0
543015220,25.0
543015222,25.0
543015224,25.0
543015225,25.0
543015235,25.0
543015245,25.0
543620568,30.0
546350838,30.0
546794767,50.0
546794768,40.0
547243682,30.0
547243685,30.0
547243687,30.0
547243688,30.0
547243689,30.0
547243691,30.0
547706677,30.0
547706678,30.0
547706679,30.0
547706680,30.0
547706681,30.0
547706682,30.0
547706683,30.0
547706684,30.0
547929970,30.0
547929971,30.0
547929972,80.0
547929973,30.0
547929974,30.0
547929975,30.0
547929976,30.0
547929977,40.0
547929979,40.0
547929980,30.0
547929981,30.0
547929982,30.0
547929983,30.0
547929985,30.0
547929986,30.0
547929987,30.0
547929989,30.0
547929990,30.0
547929991,30.0
547929992,30.0
547929993,30.0
547929994,30.0
547929995,30.0
547929996,20.0
547929997,20.0
547929998,20.0
547929999,30.0
547930001,30.0
547930002,30.0
547930003,30.0
547930004,30.0
547930005,30.0
547930006,30.0
547930007,30.0
547930008,30.0
547930010,30.0
547930011,30.0
547930012,30.0
547930013,30.0
547930014,30.0
548079561,30.0
548116424,30.0
548116426,30.0
548116427,30.0
548116428,30.0
548116429,30.0
548121257,30.0
548121258,30.0
548125557,20.0
548367404,30.0
548367405,30.0
548368424,30.0
548368425,30.0
548368426,30.0
548368427,30.0
548368428,30.0
548368429,30.0
548368430,30.0
548368431,30.0
548368432,30.0
548368433,30.0
548368434,30.0
548368436,30.0
548379908,30.0
548379909,30.0
548379910,30.0
548379911,30.0
548379912,30.0
548379913,30.0
548379914,30.0
548379915,30.0
548379916,30.0
548379917,50.0
548379918,30.0
548380651,20.0
548380652,30.0
549115289,30.0
549115291,30.0
549115293,25.0
549115294,30.0
549115295,30.0
549115296,30.0
549115297,30.0
549115298,30.0
549115299,30.0
549115300,30.0
549115301,30.0
549115302,30.0
549115303,30.0
549115304,30.0
549115305,30.0
549115306,30.0
549115307,30.0
549115308,30.0
549115309,30.0
549115310,30.0
549115311,30.0
549115312,30.0
549115313,30.0
549115314,30.0
549118141,30.0
549118142,30.0
549118143,30.0
549118144,30.0
549118145,30.0
549118146,30.0
549118147,30.0
549118148,30.0
549118149,30.0
549118150,30.0
549118151,30.0
549118152,30.0
549118153,30.0
549118154,30.0
549118155,30.0
549118156,30.0
549118157,30.0
549118158,30.0
549118159,30.0
549118160,30.0
549118161,30.0
549118162,30.0
549118163,30.0
549118164,30.0
549118165,30.0
549118166,30.0
549118167,30.0
549272572,30.0
549283485,30.0
549283486,30.0
549283487,30.0
549283488,30.0
549283489,30.0
549283490,30.0
549283491,30.0
549283492,30.0
549283493,30.0
549283494,30.0
549283495,30.0
549283496,30.0
549283497,30.0
549283498,30.0
549283499,30.0
549283500,30.0
549283501,30.0
549283502,30.0
549283503,30.0
549283504,30.0
549283505,30.0
549283506,30.0
549283507,30.0
549283508,30.0
549283509,30.0
549283510,30.0
549283511,30.0
549283512,30.0
549283513,25.0
549283514,25.0
549283515,30.0
549283516,30.0
549283517,30.0
549283518,30.0
549283519,30.0
549283520,30.0
549283521,30.0
549283522,30.0
549283523,30.0
549283524,30.0
549283525,30.0
549283526,30.0
549283527,30.0
549283528,30.0
549283529,30.0
549283530,30.0
549283531,30.0
549283532,30.0
549283533,30.0
549283534,30.0
549283535,30.0
549283536,30.0
549283537,30.0
549283538,30.0
549283539,30.0
549283540,25.0
549283541,25.0
549283542,30.0
549283543,30.0
549283544,30.0
549283545,30.0
549283546,30.0
549283547,30.0
549283548,30.0
549283549,30.0
549283550,30.0
549283551,30.0
549283552,30.0
549283553,30.0
549283554,30.0
549283555,30.0
549283556,30.0
549283557,30.0
549283558,30.0
549283559,30.0
549283560,30.0
549283561,30.0
549283562,30.0
549283563,30.0
549283564,30.0
549283565,30.0
549283566,30.0
549286368,25.0
549286369,30.0
549286370,30.0
549286371,30.0
549286372,30.0
549286373,30.0
549286374,30.0
549286375,30.0
549286376,30.0
549286377,30.0
549286378,30.0
549286379,25.0
549286380,40.0
549286381,40.0
549286383,25.0
549286385,25.0
549286387,25.0
549286388,30.0
549286391,30.0
549286393,30.0
549286396,30.0
549286397,30.0
549286400,30.0
549286402,30.0
549286404,30.0
549286406,30.0
549286408,30.0
549286411,30.0
549286413,30.0
549286415,30.0
549286417,30.0
549286419,30.0
549286421,30.0
549286423,30.0
549286426,30.0
549286428,30.0
549286430,30.0
549286433,30.0
549286435,30.0
549286437,30.0
549286439,30.0
549286441,30.0
549286443,30.0
549286444,30.0
549286446,25.0
549286447,30.0
549286448,30.0
549286450,30.0
549286452,30.0
549286454,30.0
549286457,30.0
549286458,30.0
549286460,30.0
549286462,30.0
549286464,30.0
549286466,25.0
549286468,30.0
549286470,30.0
549286472,30.0
549286474,25.0
549286476,30.0
549286477,25.0
549286479,30.0
549286481,30.0
549286483,30.0
549286484,30.0
549286486,30.0
549286488,30.0
549286490,30.0
549286491,30.0
549286493,30.0
549286495,30.0
549286496,30.0
549286498,30.0
549286500,30.0
549286502,30.0
549286503,30.0
549286504,40.0
549286505,25.0
549286506,30.0
549286507,30.0
549286508,30.0
549286509,30.0
549286510,30.0
549286511,30.0
549286512,30.0
549286513,30.0
549286514,30.0
549286515,30.0
549286516,30.0
549286517,30.0
549286518,30.0
549286519,30.0
549286520,30.0
549286521,30.0
549286522,30.0
549286524,30.0
549286525,30.0
549286526,30.0
549286527,30.0
549288618,30.0
549288620,30.0
549288621,30.0
549288622,30.0
549288623,30.0
549288625,30.0
549288627,30.0
549288628,30.0
549288630,30.0
549298972,30.0
549298973,30.0
549298974,30.0
549298975,20.0
549298976,30.0
549298978,20.0
549298979,20.0
549298981,30.0
549298983,30.0
549722648,40.0
549722649,30.0
549722650,30.0
549722651,30.0
549722652,30.0
549722653,30.0
549722654,30.0
549722655,30.0
549722656,30.0
549722657,30.0
549722658,30.0
549722659,30.0
549722660,30.0
549722661,30.0
549722662,30.0
549722663,30.0
549722664,25.0
549722665,30.0
549722666,30.0
549722667,30.0
549722668,30.0
549722669,30.0
549722670,30.0
549722671,30.0
549722672,30.0
549722673,30.0
549722674,30.0
549722675,30.0
549722676,30.0
549722677,30.0
549722678,30.0
549722679,30.0
549722680,30.0
549722681,30.0
549722682,30.0
549722683,30.0
549722684,30.0
549722685,45.0
549722686,45.0
549722687,30.0
549722688,30.0
549722689,30.0
549722690,30.0
549722691,30.0
549722692,25.0
549722693,30.0
549722694,30.0
549722695,30.0
549722696,30.0
549722697,30.0
549722698,30.0
552611062,30.0
552611063,30.0
552611064,30.0
552611065,45.0
552611066,45.0
552611067,45.0
552611068,30.0
552614091,30.0
552614094,30.0
552614097,30.0
552614098,30.0
552619670,30.0
552619671,30.0
552619672,30.0
552619673,30.0
555842573,30.0
555842574,30.0
555842575,30.0
555842576,25.0
555842577,50.0
555842578,30.0
555842579,30.0
555842580,30.0
555842581,30.0
555842582,30.0
555842583,30.0
555844356,30.0
555844357,30.0
555844359,30.0
555844360,30.0
555844361,30.0
555844362,30.0
555844363,30.0
555844364,30.0
555844365,30.0
555844367,30.0
555844368,30.0
555844369,30.0
555844371,30.0
555844372,30.0
555844373,30.0
555844374,30.0
555844375,30.0
555844376,30.0
555844377,30.0
555844378,30.0
555844380,30.0
555844381,30.0
555844382,30.0
555844384,30.0
555844385,30.0
555844386,30.0
555844387,30.0
555844388,30.0
555844390,45.0
555844391,30.0
555844392,30.0
555844393,30.0
555844394,30.0
555844395,30.0
555844396,30.0
555844397,30.0
555844398,30.0
555844399,30.0
555844400,30.0
555844401,30.0
555844402,30.0
555844403,30.0
555844404,30.0
555847983,30.0
555847984,30.0
555847985,30.0
555847986,30.0
555847987,30.0
555847988,30.0
555847989,30.0
555847990,30.0
555847991,30.0
555847992,30.0
555847993,30.0
555847994,30.0
555847995,30.0
555847996,30.0
555847997,30.0
555847998,30.0
555847999,25.0
555848000,30.0
555848001,30.0
555848002,30.0
555848003,30.0
555848004,30.0
555848005,30.0
555848006,30.0
555848007,30.0
555848009,30.0
555848011,30.0
555848012,30.0
555848013,30.0
555848014,30.0
555848015,30.0
555848016,30.0
555848017,30.0
555848018,30.0
555848019,30.0
555848020,30.0
555848021,30.0
555848023,30.0
555848024,30.0
555848025,30.0
555848026,30.0
555848027,30.0
555848028,30.0
555848029,30.0
555848030,30.0
555848031,30.0
555848032,25.0
555848033,30.0
555848034,30.0
555848035,25.0
555848036,30.0
555848037,30.0
555848038,30.0
555848040,30.0
555848041,30.0
555848042,30.0
555848043,30.0
555848044,30.0
555848045,30.0
555848046,30.0
555848047,30.0
555848048,25.0
555848049,30.0
555848050,30.0
555848051,25.0
555848052,30.0
555848053,30.0
555848054,30.0
555848055,30.0
555848056,30.0
555848058,30.0
555848060,30.0
555848061,30.0
555848063,30.0
555848064,30.0
555848065,30.0
555848066,30.0
555848067,30.0
555848068,30.0
555848069,30.0
555848070,30.0
555848071,30.0
555848072,30.0
555848073,30.0
555848074,30.0
555848075,30.0
555848076,30.0
555848077,30.0
555848078,30.0
555848079,30.0
555848080,30.0
555848081,30.0
555848082,30.0
555848083,30.0
555848084,30.0
555848085,30.0
555848086,30.0
555848087,30.0
555848088,30.0
555848089,30.0
555848090,30.0
555848093,30.0
555848094,25.0
555848095,30.0
555848096,30.0
555850896,30.0
555850897,30.0
555850898,30.0
555850899,30.0
555850900,30.0
555850901,30.0
555850902,30.0
555850903,30.0
555850904,30.0
555850906,30.0
555850907,30.0
555850909,30.0
555850910,30.0
555850911,30.0
555850913,30.0
555850914,30.0
555850916,30.0
555850918,30.0
555850919,30.0
555850922,30.0
555850923,30.0
555850924,30.0
555850926,30.0
555850927,30.0
555850929,30.0
555850931,30.0
555850932,30.0
555850933,30.0
555850934,30.0
555850935,30.0
555850936,30.0
555850937,30.0
555850938,30.0
555850939,30.0
555850940,30.0
555850941,30.0
555850942,30.0
555850943,30.0
555850944,30.0
555850945,30.0
555850946,25.0
555850947,30.0
555850948,30.0
555850949,30.0
555850950,30.0
555850951,30.0
555850952,30.0
555850953,30.0
555850954,30.0
555850955,30.0
555850956,30.0
555850957,30.0
555850958,30.0
555850959,30.0
555850960,30.0
555850961,30.0
555850962,30.0
555850963,30.0
555850964,30.0
555850965,30.0
555850966,30.0
555850967,30.0
555850968,30.0
555850969,30.0
555850970,30.0
555850971,30.0
555850972,30.0
555850973,30.0
555850974,30.0
555850975,30.0
555850976,30.0
555850977,30.0
555850978,30.0
555850979,30.0
555850980,30.0
555850981,30.0
555850982,30.0
555850983,30.0
555850984,30.0
555850985,30.0
555850986,30.0
555850987,30.0
555851950,30.0
555851951,30.0
555851952,30.0
555851953,30.0
555851954,30.0
555851955,30.0
555851956,30.0
555851957,30.0
555851958,30.0
555851959,30.0
555851960,30.0
555851961,30.0
555851962,30.0
555851963,30.0
555851964,30.0
555851966,30.0
555851967,30.0
555851968,30.0
555851969,30.0
555851970,30.0
555851971,30.0
555851972,30.0
555851973,30.0
555851974,30.0
555851975,30.0
555851976,30.0
555851977,30.0
555851978,30.0
555851979,30.0
555851980,30.0
555851981,30.0
555851982,30.0
555852478,30.0
555852479,30.0
555852480,30.0
555852481,30.0
555852482,30.0
555852483,30.0
555852484,30.0
555852485,30.0
555852486,30.0
555852487,30.0
555852488,30.0
555852489,30.0
555852490,30.0
555852491,30.0
555852492,30.0
555852493,30.0
555852494,30.0
555852495,30.0
555852496,30.0
555852497,30.0
555852498,30.0
555852500,30.0
555852502,30.0
555852505,30.0
555852507,30.0
555852508,30.0
555852510,30.0
555852512,30.0
555852514,30.0
555852517,30.0
555852518,30.0
555852520,30.0
555852522,30.0
555852524,30.0
556100984,30.0
556100986,30.0
556100987,30.0
556100989,30.0
556100991,25.0
556100993,30.0
556100995,30.0
556100997,30.0
556101000,30.0
556101002,30.0
556101004,30.0
556101006,40.0
556101007,30.0
556101009,30.0
556101013,30.0
556101015,30.0
556101017,30.0
556101019,30.0
556101020,30.0
556101022,20.0
556101024,20.0
556101026,30.0
556101028,30.0
556101032,30.0
556101035,30.0
556101037,30.0
556101040,30.0
556101042,30.0
556101044,30.0
556101046,30.0
556101049,30.0
556101050,30.0
556101053,30.0
556101055,30.0
556120968,30.0
556120969,30.0
556120970,30.0
556120971,30.0
556120973,30.0
556120974,30.0
556120975,30.0
556120976,30.0
556120978,30.0
556120979,30.0
556120980,30.0
556120981,30.0
556120982,30.0
556120983,30.0
556120984,30.0
556131870,30.0
556131871,30.0
556131872,30.0
556131873,30.0
556131874,30.0
556131875,30.0
556131876,30.0
556131877,30.0
556131878,30.0
556131879,30.0
556131880,30.0
556131882,20.0
556131887,30.0
556131888,30.0
556131889,30.0
556131890,30.0
556131892,30.0
556131893,30.0
556131894,20.0
556131895,30.0
556131896,30.0
556131897,30.0
556131898,30.0
556131899,30.0
556131900,30.0
556131901,30.0
556131902,30.0
556131903,30.0
556137365,30.0
556137367,30.0
556137369,30.0
556137371,30.0
556137372,30.0
556137373,30.0
556137374,30.0
556137376,30.0
556137378,30.0
556137380,30.0
556137381,30.0
556137383,30.0
556137384,30.0
556137385,30.0
556137386,20.0
556137387,30.0
556137388,30.0
556140364,30.0
556140365,30.0
556140366,30.0
556140368,30.0
556140369,30.0
556140370,30.0
556140371,30.0
556140372,30.0
556140373,30.0
556140374,30.0
556140375,30.0
556140376,30.0
556140377,30.0
556140378,30.0
556140379,25.0
556140381,30.0
556140382,30.0
556140383,30.0
556140384,30.0
556140387,30.0
558081999,30.0
558082000,30.0
558082002,30.0
558082003,30.0
558082006,45.0
558082008,45.0
558082010,45.0
558082013,45.0
558082015,30.0
558082017,30.0
558082019,30.0
558082342,30.0
558107760,30.0
558107761,30.0
558107762,30.0
558107763,30.0
558107764,30.0
558107765,30.0
558107766,30.0
558107767,30.0
558107768,30.0
558107769,30.0
558107770,30.0
558107771,30.0
558107772,30.0
558107773,30.0
558107774,30.0
558107775,30.0
558107776,30.0
558107777,30.0
558107778,30.0
558107779,30.0
558107780,30.0
558107781,30.0
558107782,30.0
558107783,30.0
558107784,30.0
558107785,30.0
558107786,50.0
558107787,40.0
558107788,50.0
558107790,50.0
558107798,50.0
558107800,50.0
558107803,50.0
558107806,50.0
558107809,50.0
558107812,50.0
558107813,30.0
558107814,30.0
558107815,30.0
558107816,30.0
558107817,30.0
558107818,30.0
558107819,30.0
558107820,30.0
558107821,30.0
558107822,30.0
558107823,30.0
558107824,20.0
558107825,20.0
558107826,20.0
558107827,20.0
558107828,20.0
558107829,20.0
558107830,20.0
558107831,20.0
558107832,30.0
558111295,30.0
558111296,20.0
558111297,30.0
558111298,30.0
558111299,30.0
558111300,30.0
558111301,30.0
558111302,30.0
558111303,50.0
558111304,30.0
558111305,50.0
558111306,30.0
558111307,30.0
558111308,50.0
558111309,45.0
564175632,45.0
564181569,30.0
564795638,20.0
564795639,20.0
564795641,20.0
564795643,20.0
564795645,20.0
564795646,20.0
564795647,20.0
564795648,20.0
564795649,20.0
564795650,20.0
564795651,20.0
564795652,20.0
564795653,20.0
564795654,20.0
564795655,20.0
564795656,20.0
564795657,20.0
564795659,20.0
564795660,20.0
564795662,20.0
564795663,20.0
564795665,20.0
564795666,20.0
564795667,20.0
564795668,20.0
564795669,20.0
564795670,20.0
564795671,20.0
564795672,20.0
564795673,20.0
564795674,20.0
564795675,20.0
564795677,20.0
564795680,20.0
564795682,20.0
564795684,20.0
564795686,20.0
564795688,20.0
564795690,20.0
564795691,20.0
564795693,20.0
564795695,20.0
564795697,20.0
564795699,20.0
564795701,20.0
564795703,20.0
564795705,20.0
564795707,20.0
564795709,20.0
564795711,20.0
564795713,20.0
564795715,20.0
564795717,20.0
564795719,20.0
564795720,20.0
564795721,20.0
564795722,20.0
564795723,20.0
564795724,20.0
564795726,20.0
564795727,20.0
564795728,20.0
564795729,20.0
564795730,20.0
564795731,20.0
564795732,20.0
564795733,20.0
565648324,24.0
565648325,24.0
565648326,30.0
565648327,30.0
565648328,30.0
565651014,30.0
565651015,30.0
565651016,30.0
565651017,30.0
565651018,30.0
565684138,30.0
565684140,30.0
565684143,30.0
565684145,30.0
565684151,30.0
565684154,30.0
565694687,30.0
565694689,30.0
565694691,30.0
565694693,30.0
565694695,30.0
565777187,40.0
565777189,45.0
565799136,45.0
565799137,45.0
565799162,45.0
565799163,30.0
565799164,30.0
565799165,30.0
565799166,30.0
565799167,30.0
565799168,30.0
565808723,30.0
565808726,30.0
565808729,30.0
565808731,30.0
565808733,30.0
565808735,30.0
565808738,30.0
565808740,30.0
565808742,30.0
565810413,30.0
565810415,30.0
565816727,30.0
565816728,30.0
565816729,30.0
565816730,30.0
565816731,30.0
565816732,30.0
565816733,30.0
565816734,30.0
565816735,30.0
565816736,30.0
565816737,30.0
565816738,30.0
565816739,30.0
565816740,30.0
565816741,30.0
565816742,30.0
565816743,30.0
565816744,30.0
565829843,30.0
565829844,30.0
565829845,30.0
565829846,30.0
565829847,40.0
565829848,40.0
565832386,30.0
565832387,30.0
565832388,30.0
565835497,30.0
565835498,30.0
565835499,30.0
565835500,30.0
565835501,30.0
565835502,30.0
565835503,30.0
565835504,30.0
565835505,30.0
565835506,30.0
565847421,30.0
565847422,30.0
565849106,80.0
565849110,80.0
565853391,30.0
565853393,30.0
565853394,20.0
565853396,30.0
565853397,30.0
565853398,30.0
565853400,30.0
565853401,30.0
565853402,30.0
565853403,20.0
565853404,20.0
565853405,20.0
565853406,20.0
565854650,50.0
565854651,50.0
565854652,30.0
565854653,30.0
565855869,20.0
565855870,20.0
565855871,20.0
565855872,20.0
565855873,30.0
565855874,30.0
565855875,30.0
565855876,30.0
565855877,30.0
565855878,30.0
565855879,30.0
565855880,30.0
565855881,30.0
565855882,30.0
565855883,30.0
565855884,30.0
565855885,30.0
565855886,30.0
565855887,30.0
565855888,30.0
565855889,30.0
565855890,30.0
565855891,30.0
565855892,30.0
565859265,30.0
565859268,30.0
565859269,30.0
565859270,30.0
565859271,30.0
565859272,30.0
565859273,30.0
565859274,30.0
565859275,30.0
565859276,30.0
565859277,25.0
565861670,30.0
565861671,30.0
565863782,30.0
565863783,30.0
565863785,20.0
565863786,20.0
565863787,20.0
565863788,20.0
565863789,20.0
565863790,20.0
565863791,40.0
565863792,40.0
565865919,30.0
565868812,30.0
565868813,30.0
565868814,30.0
565868815,30.0
565868816,30.0
565868817,30.0
565868818,30.0
565870178,30.0
565870512,25.0
565870514,30.0
565870516,30.0
565870518,30.0
565870520,30.0
565870522,30.0
565870524,30.0
565870527,30.0
565870529,30.0
565870531,30.0
565870535,30.0
565870538,30.0
565872306,30.0
565872307,30.0
565872308,30.0
565872309,30.0
565872963,25.0
565876280,30.0
565876284,30.0
565876287,30.0
565876290,30.0
565876293,30.0
565876296,30.0
565876308,30.0
565876312,30.0
565876315,30.0
565876318,30.0
565876321,30.0
565876329,30.0
565876332,30.0
565876336,30.0
565876342,30.0
565876347,30.0
565876351,30.0
565876354,30.0
565876357,30.0
565876360,30.0
565876362,30.0
565876365,30.0
565876369,20.0
565876372,30.0
565876375,30.0
565876378,30.0
566626803,30.0
566626806,30.0
566626809,30.0
566626811,30.0
566626815,30.0
566626818,30.0
566626821,30.0
566626824,30.0
566626830,20.0
566626832,20.0
566626840,20.0
566626844,20.0
566626847,30.0
566626852,30.0
566626855,30.0
566626858,30.0
566626861,30.0
566626864,30.0
566640799,20.0
566640800,20.0
566640801,20.0
566640802,20.0
566640803,20.0
566640804,20.0
566640806,30.0
566640807,20.0
566640808,20.0
566640809,20.0
566640810,20.0
566640811,20.0
566640812,30.0
566640813,20.0
566640814,20.0
566640815,20.0
566640816,20.0
566640817,20.0
566640818,30.0
566640819,30.0
566642302,45.0
566642303,45.0
566642304,25.0
566642305,25.0
566642306,45.0
566642307,45.0
566642308,30.0
566642309,30.0
566642310,24.0
566642311,30.0
566642312,30.0
566642313,30.0
566642314,20.0
566642315,24.0
566642316,24.0
566642317,24.0
566651458,40.0
566651459,40.0
566651460,24.0
566651461,24.0
566651462,24.0
566651463,24.0
566651464,30.0
566651465,40.0
566651466,45.0
566652746,30.0
566652747,30.0
566652748,30.0
566652749,30.0
566652750,25.0
566652754,24.0
566652756,30.0
566652758,30.0
566652759,30.0
566652760,30.0
566652761,30.0
566652763,30.0
566652764,30.0
566652765,30.0
566652766,30.0
566652767,30.0
566663039,30.0
566663040,30.0
566663042,30.0
566663043,30.0
566663044,50.0
566669594,25.0
566669597,30.0
566669599,30.0
566669601,30.0
566669603,30.0
566669605,20.0
566669607,20.0
566669609,20.0
566669611,20.0
566669613,20.0
566669615,20.0
566669617,20.0
566677437,30.0
566684803,50.0
566684807,30.0
566684809,30.0
566684811,30.0
566684815,30.0
566684818,30.0
566684820,30.0
566684822,20.0
566684824,30.0
566684825,30.0
566684827,20.0
566684829,20.0
566684830,20.0
566684832,20.0
566684834,20.0
566684835,20.0
566684838,30.0
566684839,30.0
566684841,30.0
566684843,30.0
566684845,30.0
566684847,30.0
566684849,30.0
566684851,30.0
566684853,30.0
566684855,30.0
566684856,30.0
566684857,30.0
566684859,30.0
566684863,30.0
566687823,30.0
566687824,24.0
566687826,30.0
566687827,30.0
566687828,24.0
566687829,24.0
566687830,30.0
566687831,30.0
566687832,30.0
566687833,30.0
566687834,30.0
566689015,30.0
566693063,20.0
566693067,30.0
566693069,30.0
566693074,30.0
566693076,30.0
566693079,30.0
566693081,30.0
566698939,25.0
566698940,25.0
566698941,30.0
566698943,30.0
566698944,30.0
566698945,30.0
566698946,30.0
566698947,30.0
566698948,30.0
566698949,30.0
566700044,30.0
566704416,30.0
566704417,30.0
566704418,30.0
566704419,30.0
566704420,30.0
566704421,30.0
566704422,30.0
566704424,30.0
566704425,30.0
566704426,30.0
566704427,30.0
566704428,30.0
566704429,30.0
566704430,30.0
566704431,30.0
566704432,30.0
566704433,30.0
566704434,30.0
566704435,30.0
566704436,30.0
566704437,30.0
566704438,30.0
566704439,30.0
566704440,30.0
566704442,30.0
566704443,30.0
566704444,30.0
566704445,30.0
566704446,30.0
566704447,30.0
566704448,30.0
566704450,30.0
566704451,30.0
566704453,30.0
566704454,30.0
566704456,30.0
566704457,30.0
566704460,30.0
566704461,30.0
566704462,30.0
566704463,30.0
566704464,30.0
566704465,30.0
566704467,30.0
566704468,30.0
566704469,30.0
566704470,30.0
566704471,30.0
566704472,30.0
566704473,30.0
566704474,30.0
566708827,30.0
566708828,30.0
566708829,30.0
566708830,30.0
566708832,30.0
566708834,30.0
566708835,30.0
566708836,30.0
566708837,30.0
566708838,30.0
566708839,30.0
566708840,30.0
566708841,30.0
566708842,30.0
566711903,30.0
566711904,30.0
566711905,30.0
566714710,30.0
566714711,30.0
566714712,30.0
566714713,30.0
566714714,30.0
566714715,30.0
566714716,20.0
566714717,30.0
566714719,20.0
566723109,45.0
566723111,30.0
566723115,45.0
566723118,30.0
566723121,45.0
566723123,45.0
566723125,30.0
566723129,30.0
566731166,30.0
566731167,30.0
566731168,30.0
566731169,30.0
566731170,30.0
566731171,30.0
566731173,30.0
566731197,30.0
566731199,30.0
566731201,30.0
566731202,30.0
566731204,30.0
566731205,30.0
566731206,30.0
566731207,30.0
566731398,30.0
566743096,30.0
566744289,20.0
566744290,20.0
566744291,30.0
566744292,30.0
566744293,30.0
566744294,30.0
566744295,30.0
566744296,30.0
566744297,30.0
566744298,30.0
566744299,30.0
566746519,30.0
566749255,30.0
566749256,30.0
566749257,30.0
566749259,25.0
566749263,30.0
566749264,30.0
566749266,30.0
566749268,30.0
566749270,30.0
566749273,30.0
566749275,30.0
566749277,30.0
566749282,30.0
566749284,30.0
566749288,30.0
566749289,30.0
566749291,30.0
566749691,30.0
566749692,30.0
566749693,30.0
566749694,30.0
566749695,30.0
566749697,30.0
566749698,30.0
566749699,30.0
566749700,30.0
566749701,30.0
566749702,30.0
566749703,30.0
566749704,30.0
566751045,30.0
566751238,30.0
566751239,30.0
566751240,30.0
566751241,30.0
566751242,30.0
566751243,30.0
566751244,30.0
566751245,30.0
566751246,30.0
566751975,30.0
566751976,30.0
566751977,30.0
566751978,30.0
566751979,25.0
566751980,30.0
566752076,30.0
566752077,30.0
566752079,30.0
566752080,30.0
566752081,30.0
566752082,30.0
566752083,30.0
566752084,30.0
566752085,24.0
566752086,24.0
566752087,24.0
566752088,24.0
566752121,30.0
566752122,30.0
566752123,30.0
566752124,30.0
566752125,30.0
566752126,30.0
566752127,30.0
566752128,30.0
566755282,30.0
566755283,30.0
566755284,30.0
566755285,30.0
566755286,30.0
566755287,30.0
566755288,30.0
566755289,30.0
566755290,30.0
566755291,30.0
566755292,30.0
566755293,30.0
566755294,30.0
566755295,30.0
566755296,30.0
566759075,30.0
566759076,30.0
566759077,30.0
566759078,30.0
566759079,30.0
566759080,30.0
566759081,30.0
566759082,30.0
566759083,20.0
566759084,20.0
566759085,20.0
566759086,20.0
566759087,30.0
566759088,30.0
566759089,30.0
566759090,30.0
566759091,30.0
566759092,30.0
566759093,30.0
566761414,20.0
566761415,20.0
566761416,20.0
566761417,30.0
566761418,20.0
566761419,30.0
566761420,30.0
566761421,30.0
566761422,30.0
566761423,30.0
566761424,30.0
566761583,30.0
566761584,30.0
566761585,30.0
566761586,30.0
566761587,30.0
566761588,30.0
566761589,30.0
566761590,30.0
566761591,30.0
566765205,30.0
566765206,30.0
566765207,30.0
566765208,30.0
566765958,20.0
566765959,30.0
566765962,50.0
566765965,30.0
566766160,30.0
566766161,30.0
566766162,30.0
566766163,30.0
566767240,45.0
566767241,10.0
566767809,30.0
566767810,30.0
566767811,30.0
566767819,30.0
566767820,30.0
566767821,30.0
566771381,30.0
566771382,30.0
566771383,30.0
566771384,30.0
566771385,30.0
566771386,30.0
566771387,30.0
566771388,30.0
566771391,30.0
566771392,30.0
566771393,30.0
566771394,30.0
566771395,30.0
566771396,30.0
566771397,30.0
566771398,30.0
566771399,30.0
566771400,30.0
566771401,20.0
566771402,20.0
566771403,20.0
566771404,20.0
566771405,20.0
566771406,20.0
566771746,30.0
566972562,30.0
566972563,30.0
566972564,30.0
566972569,30.0
566972570,30.0
566972571,30.0
566972572,30.0
566972573,30.0
566972574,30.0
566972575,30.0
566972576,30.0
566972577,30.0
566972578,20.0
566972579,30.0
566972580,30.0
566972581,30.0
566972582,20.0
566972583,30.0
566972584,30.0
566972585,30.0
566972586,30.0
566972587,30.0
566972588,30.0
566972589,30.0
566972590,30.0
566972591,30.0
566972592,30.0
566972593,30.0
566972594,30.0
566972595,30.0
566972596,30.0
566972597,30.0
566972598,30.0
566980214,30.0
566980222,20.0
566980223,20.0
566980226,30.0
566980227,30.0
566980229,30.0
566980232,30.0
566980235,30.0
566980237,30.0
566980239,30.0
566980243,30.0
566980244,30.0
566980246,30.0
566980248,30.0
566980250,30.0
566980252,30.0
566980253,30.0
566980256,30.0
566980257,30.0
566980260,30.0
566980262,30.0
566980987,30.0
566980988,30.0
566980989,30.0
566980990,30.0
566980991,30.0
566980992,30.0
566980993,30.0
566980994,30.0
566980995,30.0
566980996,30.0
566980997,30.0
566981500,30.0
566981501,30.0
566981502,30.0
566981503,30.0
566985511,30.0
566985513,20.0
566985514,20.0
566985515,20.0
566985516,30.0
566985517,30.0
566985518,30.0
566985519,30.0
566985520,30.0
566985521,30.0
566985522,30.0
566985523,30.0
566985524,30.0
566985525,30.0
566985526,30.0
566985527,25.0
566985528,25.0
566985529,30.0
566990324,30.0
566990325,30.0
566990326,25.0
566990327,25.0
566990328,25.0
566990329,30.0
566990330,30.0
566992311,30.0
566992313,30.0
566992314,30.0
566992315,30.0
566992316,30.0
566992317,30.0
566992318,30.0
566992319,30.0
566999347,30.0
566999348,30.0
567000079,30.0
567000081,30.0
567000083,30.0
567000085,30.0
567000087,30.0
567000089,30.0
567000091,30.0
567000093,30.0
567000095,30.0
567000097,30.0
567000099,30.0
567000102,50.0
567000104,50.0
567000107,30.0
567000109,30.0
567000955,30.0
567000957,30.0
567016066,30.0
567016070,30.0
567016073,30.0
567018070,30.0
567018071,30.0
567018072,30.0
567018073,20.0
567018077,30.0
567018078,30.0
567018079,30.0
567018080,30.0
567018081,30.0
567018082,30.0
567018083,30.0
567018084,30.0
567018085,30.0
567018086,30.0
567018087,20.0
567018088,20.0
567018089,20.0
567018090,20.0
567018091,20.0
567023180,30.0
567023181,25.0
567023182,25.0
567023183,30.0
567023184,30.0
567023185,30.0
567023186,30.0
567023187,10.0
567023758,30.0
567023759,30.0
567023760,30.0
567023761,30.0
567023762,30.0
567023763,30.0
567023764,30.0
567023765,30.0
567023766,30.0
567023767,30.0
567023768,30.0
567024781,30.0
567024783,30.0
567024787,30.0
567024789,30.0
567024791,30.0
567024793,30.0
567024795,30.0
567024797,30.0
567032999,30.0
567033000,30.0
567034143,30.0
567034144,30.0
567034145,30.0
567034146,30.0
567040927,30.0
567040928,30.0
567040929,30.0
567040930,30.0
567044350,30.0
567044351,30.0
567044353,30.0
567044354,30.0
567044355,30.0
567044357,30.0
567044358,30.0
567044359,30.0
567044360,30.0
567044361,30.0
567044362,30.0
567044363,30.0
567044364,30.0
567044365,30.0
567044366,30.0
567044367,30.0
567044368,30.0
567044369,30.0
567044370,20.0
567044371,20.0
567044372,30.0
567044373,50.0
567044374,50.0
567044375,50.0
567044376,50.0
567044377,30.0
567044378,20.0
567044379,30.0
567044380,20.0
567044381,20.0
567044382,20.0
567044383,20.0
567044384,30.0
567044385,30.0
567044386,30.0
567044387,30.0
567044388,30.0
567044389,30.0
567044390,30.0
567044391,30.0
567044392,30.0
567044393,30.0
567044394,30.0
567044395,30.0
567044396,30.0
567044397,30.0
567044398,30.0
567044399,30.0
567044400,30.0
567044401,30.0
567044402,30.0
567044403,30.0
567054305,40.0
567054660,30.0
567054662,30.0
567054664,30.0
567054667,30.0
567054669,30.0
567054671,30.0
567054673,30.0
567054929,30.0
567054932,30.0
567054933,30.0
567054934,30.0
567054935,30.0
567054936,25.0
567054937,25.0
567060915,30.0
567061074,30.0
567061076,30.0
567061078,30.0
567061079,30.0
567061081,30.0
567061083,30.0
567061084,30.0
567061086,30.0
567061088,30.0
567061090,30.0
567061091,30.0
567061095,30.0
567061096,30.0
567061098,30.0
567061099,30.0
567061100,30.0
567061101,30.0
567061102,30.0
567061103,30.0
567061104,30.0
567061105,30.0
567061107,30.0
567061108,30.0
567061109,30.0
567061110,30.0
567061111,30.0
567061112,30.0
567061461,30.0
567075413,30.0
567075414,30.0
567075415,30.0
567075416,30.0
567075417,30.0
567075418,30.0
567075420,30.0
567075421,30.0
567075422,30.0
567075423,30.0
567075424,30.0
567075425,30.0
567075426,30.0
567075427,30.0
567075428,30.0
567075429,30.0
567075430,30.0
567075431,30.0
567075432,30.0
567075433,30.0
567075434,30.0
567075435,30.0
567075436,30.0
567080325,30.0
567080326,30.0
567080693,30.0
567080697,25.0
567080699,30.0
567080705,30.0
567080709,30.0
567080712,25.0
567080714,30.0
567080716,25.0
567081301,30.0
567081303,30.0
567081309,30.0
567081311,30.0
567081313,30.0
567081315,30.0
567081316,30.0
567081317,30.0
567081318,30.0
567081319,30.0
567081320,30.0
567086256,30.0
567086257,30.0
567086258,30.0
567086259,30.0
567087505,30.0
567087507,30.0
567087509,30.0
567087511,30.0
567087513,30.0
567087515,30.0
567087517,30.0
567087519,30.0
567087520,30.0
567087522,30.0
567087524,30.0
567087526,30.0
567087527,30.0
567087529,30.0
567087532,30.0
567087533,30.0
567087535,30.0
567087536,30.0
567087537,30.0
567087539,30.0
567087540,30.0
567087542,30.0
567087544,30.0
567087546,30.0
567087547,20.0
567087548,30.0
567087830,30.0
567087831,30.0
567087832,30.0
567087833,30.0
567087834,30.0
567087835,30.0
567087836,30.0
567087837,30.0
567087838,30.0
567090489,20.0
567090490,20.0
567090491,20.0
567090492,20.0
567090493,30.0
567090494,20.0
567090495,30.0
567090496,30.0
567090497,30.0
567090498,30.0
567093444,30.0
567093445,30.0
567093446,30.0
567094099,30.0
567094100,30.0
567094101,30.0
567094102,30.0
567094103,30.0
567094104,30.0
567094105,30.0
567099271,30.0
567099272,30.0
567099274,45.0
567099276,30.0
567099278,45.0
567099281,25.0
567101900,30.0
567101901,30.0
567101902,30.0
567101903,30.0
567101904,30.0
567101905,30.0
567101906,30.0
567101907,30.0
567101908,30.0
567101909,30.0
567101910,30.0
567101911,30.0
567103523,20.0
567103524,20.0
567103525,20.0
567103526,20.0
567103527,20.0
567103528,20.0
567103529,20.0
567103530,20.0
567103531,20.0
567103532,30.0
567103533,20.0
567103534,20.0
567103535,20.0
567103536,20.0
567103537,30.0
567103538,30.0
567103539,30.0
567103540,30.0
567103541,30.0
567103542,30.0
567103543,30.0
567103544,20.0
567103545,20.0
567103546,20.0
567103547,30.0
567103548,30.0
567103549,20.0
567103550,20.0
567103551,20.0
567103552,20.0
567103553,20.0
567103554,20.0
567103555,20.0
567103556,30.0
567103557,30.0
567103558,30.0
567103559,30.0
567103560,20.0
567103561,20.0
567103562,20.0
567103563,20.0
567103564,30.0
567103565,30.0
567106726,40.0
567107175,30.0
567107176,30.0
567107177,30.0
567107178,30.0
567107179,30.0
567107180,30.0
567107181,30.0
567107182,30.0
567111178,30.0
567111180,30.0
567111181,30.0
567111182,30.0
567111183,30.0
567111184,30.0
567111185,30.0
567111186,20.0
567111188,20.0
567111190,20.0
567111191,20.0
567111193,20.0
567111194,30.0
567112454,20.0
567112456,30.0
567112458,30.0
567112461,30.0
567112463,30.0
567112712,45.0
567112713,30.0
567112714,30.0
567112715,45.0
567204022,30.0
567204023,24.0
567218610,30.0
567218611,30.0
567218612,30.0
567218613,30.0
567222612,30.0
567222613,30.0
567222614,30.0
567222615,30.0
567228190,24.0
567228194,30.0
567233783,30.0
567247899,30.0
567247900,30.0
567247901,30.0
567247902,30.0
567247903,30.0
567247904,30.0
567247905,30.0
567247906,30.0
567247907,30.0
567249168,30.0
567249169,30.0
567249170,30.0
567254999,30.0
567255000,30.0
567255001,30.0
567255002,30.0
567255003,30.0
567255004,30.0
567255005,30.0
567255006,30.0
567255007,30.0
567255008,30.0
567255010,30.0
567255011,30.0
567260319,30.0
567260320,30.0
567260321,30.0
567260322,30.0
567260323,24.0
567266243,30.0
567266244,30.0
567266245,30.0
567266246,30.0
567266248,30.0
567266249,30.0
567266250,30.0
567266251,30.0
567266253,30.0
567266255,30.0
567330099,24.0
567330101,30.0
567330103,24.0
567337289,30.0
567337291,30.0
567337294,30.0
567337295,30.0
567347106,30.0
567347107,30.0
567347108,30.0
567347109,25.0
567347111,30.0
567362963,30.0
567362965,30.0
567362967,30.0
567362970,30.0
567362972,30.0
567362975,30.0
567362978,30.0
567393384,30.0
567394561,20.0
567394562,30.0
567395807,30.0
567401974,30.0
567401976,30.0
567401978,30.0
567401981,30.0
567401983,30.0
567401985,30.0
567401987,30.0
567401989,30.0
567404575,30.0
567404576,30.0
567404577,30.0
567404579,30.0
567404580,30.0
567404581,30.0
567404582,30.0
567404583,30.0
567404584,25.0
567404585,30.0
567404586,30.0
567404587,25.0
567404588,25.0
567404590,30.0
567404635,30.0
567416693,45.0
567416694,45.0
567416695,40.0
567416696,40.0
567416697,40.0
567416698,40.0
567417199,50.0
567417200,50.0
567417202,50.0
567417204,30.0
567417206,30.0
567460812,20.0
567460813,20.0
567460814,20.0
567460815,20.0
567460816,20.0
567460817,20.0
567460818,20.0
567460819,20.0
567460820,20.0
567460821,20.0
567461170,30.0
567461173,30.0
567461175,30.0
567461177,30.0
567462925,30.0
567462926,25.0
567462927,25.0
567462928,25.0
567462929,30.0
567462930,30.0
567462931,25.0
567462932,30.0
567462933,30.0
567462934,30.0
567462935,30.0
567462936,30.0
567462937,30.0
567462938,30.0
567462939,30.0
567462940,30.0
567462941,30.0
567462942,30.0
567462943,30.0
567462944,30.0
567462945,30.0
567462946,25.0
567462947,30.0
567462948,25.0
567462949,30.0
567462950,30.0
567462951,30.0
567462952,30.0
567462953,30.0
567462954,30.0
567462955,30.0
567462956,30.0
567462957,30.0
567462958,20.0
567462959,30.0
567462960,30.0
567467013,30.0
567467014,30.0
567467015,30.0
567467016,30.0
567467017,30.0
567467018,30.0
567467019,30.0
567467020,30.0
567467021,30.0
567467022,30.0
567467024,30.0
567467026,30.0
567467027,30.0
567467028,30.0
567468086,30.0
567468087,30.0
567468088,30.0
567468089,30.0
567470999,25.0
567480866,30.0
567480867,30.0
567480868,30.0
567480869,30.0
567480870,30.0
567480871,30.0
567480872,30.0
567480873,30.0
567480874,30.0
567480875,20.0
567480876,20.0
567480877,20.0
567480878,20.0
567480879,20.0
567480880,20.0
567480881,20.0
567480882,20.0
567480883,20.0
567480884,20.0
567480885,20.0
567480886,20.0
567480888,20.0
567480889,30.0
567480890,30.0
567480892,30.0
567480894,30.0
567480895,30.0
567480896,30.0
567480898,30.0
567480899,30.0
567480901,30.0
567480902,30.0
567480904,30.0
567480905,30.0
567480907,30.0
567480909,30.0
567480910,30.0
567480912,30.0
567480913,30.0
567480914,30.0
567480916,30.0
567480917,30.0
567480918,30.0
567480919,30.0
567480920,30.0
567481219,30.0
567481220,30.0
567481221,30.0
567481222,30.0
567481223,20.0
567481224,20.0
567481225,20.0
567481226,20.0
567481227,20.0
567481228,20.0
567481229,20.0
567481230,20.0
567481231,30.0
567487288,30.0
567487290,30.0
567487292,30.0
567487293,30.0
567488985,30.0
567488988,30.0
567501824,30.0
567505017,20.0
567505018,45.0
567505019,45.0
567505020,20.0
567505021,20.0
567505022,20.0
567505023,20.0
567505024,20.0
567505025,20.0
567505026,20.0
567505027,20.0
567505028,25.0
567505029,30.0
567505030,25.0
567505031,25.0
567508692,30.0
567508693,30.0
567508694,30.0
567508695,30.0
567508696,30.0
567508699,30.0
567508701,30.0
567508702,30.0
567508704,30.0
567508706,30.0
567508707,24.0
567508710,24.0
567519021,30.0
567519022,30.0
567523026,30.0
567523027,30.0
567523031,30.0
567523032,30.0
567523033,40.0
567523036,30.0
567523037,30.0
567523038,30.0
567523039,30.0
567523040,30.0
567523041,30.0
567523042,30.0
567523043,30.0
567523044,30.0
567523045,30.0
567523046,30.0
567523047,30.0
567523048,30.0
567523049,30.0
567523050,30.0
567523051,30.0
567523052,30.0
567523053,30.0
567523054,30.0
567523055,30.0
567523056,30.0
567530366,25.0
567530367,25.0
567530368,30.0
567530369,25.0
567530370,25.0
567530371,30.0
567530372,30.0
567530373,30.0
567530403,30.0
567530406,30.0
567530408,30.0
567530410,30.0
567530412,30.0
567530415,30.0
567530416,30.0
567530419,30.0
567530421,30.0
567530422,30.0
567530423,30.0
567532989,40.0
567532992,30.0
567532994,30.0
567532995,30.0
567532996,30.0
567532997,30.0
567532998,30.0
567532999,30.0
567533000,30.0
567533002,25.0
567533355,20.0
567533356,30.0
567533358,30.0
567533359,30.0
567533360,30.0
567533361,30.0
567533362,30.0
567533363,30.0
567533364,30.0
567533365,30.0
567533366,30.0
567533367,30.0
567533368,30.0
567535026,30.0
567535028,30.0
567535029,30.0
567535030,30.0
567535031,30.0
567535032,30.0
567535033,30.0
567535036,30.0
567535037,30.0
567535038,30.0
567535039,30.0
567535040,30.0
567535041,30.0
567535042,30.0
567535043,30.0
567535044,30.0
567535142,30.0
567535143,30.0
567535144,30.0
567535145,30.0
567535146,30.0
567535147,30.0
567535148,30.0
567535149,30.0
567535150,30.0
567535151,30.0
567535152,30.0
567535153,30.0
567535154,30.0
567535155,20.0
567535156,30.0
567535157,30.0
567538467,30.0
567538468,30.0
567538469,30.0
567538470,20.0
567538471,30.0
567538472,30.0
567538473,30.0
567538474,30.0
567538475,30.0
567538476,30.0
567538477,30.0
567538479,30.0
567538481,30.0
567538483,30.0
567538489,30.0
567538493,30.0
567538495,30.0
567538497,30.0
567538499,30.0
567538501,30.0
567538503,30.0
567538505,30.0
567538507,30.0
567538508,30.0
567538510,30.0
567538512,30.0
567538514,30.0
567538515,30.0
567540275,30.0
567540277,30.0
567540279,30.0
567540281,30.0
567540283,30.0
567540285,30.0
567540286,30.0
567540287,30.0
567540288,30.0
567540289,30.0
567540290,30.0
567540291,30.0
567540292,30.0
567540293,30.0
567540294,30.0
567540296,30.0
567540297,30.0
567540298,30.0
567540299,30.0
567540300,30.0
567540301,30.0
567540302,30.0
567540303,30.0
567540304,30.0
567540305,30.0
567540306,30.0
567540307,30.0
567540308,30.0
567540309,30.0
567540310,30.0
567540311,30.0
567540312,30.0
567540313,30.0
567542544,30.0
567542545,25.0
567542546,25.0
567542547,20.0
567542548,20.0
567542549,20.0
567542550,30.0
567542551,30.0
567542552,30.0
567542553,30.0
567542554,30.0
567542555,30.0
567542556,30.0
567542557,30.0
567542558,30.0
567542559,30.0
567543784,30.0
567543785,30.0
567543786,30.0
567546038,30.0
567546393,30.0
567546394,30.0
567546395,30.0
567546396,30.0
567546397,30.0
567546398,30.0
567546659,30.0
567546660,30.0
567546662,30.0
567546663,30.0
567546664,30.0
567546665,30.0
567546666,40.0
567546670,30.0
567546672,30.0
567546674,30.0
567546676,40.0
567546678,40.0
567546683,30.0
567546685,30.0
567546687,30.0
567546689,30.0
567546691,30.0
567546693,30.0
567546695,30.0
567546697,30.0
567546699,30.0
567546703,30.0
567546705,30.0
567546707,30.0
567546708,30.0
567546709,30.0
567546710,30.0
567546711,30.0
567546712,30.0
567546713,30.0
567546714,30.0
567546715,30.0
567546716,30.0
567549050,30.0
567549051,30.0
567549052,24.0
567549053,30.0
567551064,30.0
567551065,30.0
567551066,30.0
567551067,30.0
567551069,30.0
567551305,30.0
567551306,30.0
567551307,30.0
567551309,30.0
567551312,30.0
567551313,30.0
567552009,30.0
567552010,30.0
567552011,30.0
567552012,30.0
567552013,30.0
567552014,30.0
567552015,30.0
567552016,30.0
567552017,25.0
567552018,30.0
567552019,30.0
567552020,30.0
567552021,30.0
567552022,30.0
567552023,30.0
567552024,30.0
567552025,30.0
567552026,30.0
567552027,30.0
567552028,30.0
567552029,30.0
567552030,30.0
567552031,30.0
567552032,30.0
567552033,30.0
567552034,30.0
567552035,30.0
567552036,20.0
567552037,30.0
567552038,30.0
567552039,30.0
567552040,30.0
567552041,30.0
567552043,30.0
567552044,30.0
567552045,30.0
567552047,30.0
567552048,30.0
567552049,30.0
567552050,30.0
567552051,30.0
567608324,30.0
567608892,30.0
567608894,30.0
567608895,30.0
567608896,30.0
567608897,30.0
567610378,30.0
567610379,30.0
567610380,30.0
567610381,30.0
567610382,30.0
567610383,30.0
567624428,30.0
567624430,30.0
567624432,30.0
567624433,30.0
567624434,30.0
567624435,30.0
567624436,30.0
567624437,30.0
567624438,30.0
567624439,30.0
567633611,30.0
567633612,30.0
567633613,30.0
567633614,30.0
567633615,30.0
567633616,30.0
567633617,30.0
567633618,30.0
567636744,30.0
567636745,30.0
567636747,30.0
567642207,30.0
567642209,30.0
567642210,30.0
567642211,30.0
567642212,30.0
567642213,30.0
567642214,30.0
567649625,30.0
567649627,30.0
567649628,30.0
567649629,30.0
567651123,30.0
567651126,30.0
567651128,30.0
567756090,45.0
567756091,45.0
567759730,20.0
567759731,20.0
567761009,30.0
567761010,24.0
567761011,30.0
567761012,40.0
567773708,30.0
567773710,30.0
567773712,30.0
567773714,30.0
567774261,30.0
567774263,30.0
567774265,30.0
567774269,20.0
567774271,30.0
567774274,30.0
567774276,30.0
567774278,30.0
567783908,24.0
567783909,30.0
567783910,30.0
567783911,20.0
567783912,20.0
567783913,30.0
567783914,20.0
567783915,20.0
567783916,20.0
567783917,20.0
567783918,20.0
567783919,20.0
567783920,20.0
567783921,20.0
567783922,20.0
567783923,16.0
567783924,20.0
567783925,20.0
567783926,20.0
567783927,20.0
567783928,30.0
567783929,30.0
567783930,30.0
567783931,30.0
567783932,25.0
567783933,30.0
567783934,30.0
567783935,30.0
567783936,30.0
567783937,30.0
567783938,30.0
567783939,30.0
567783940,30.0
567783941,30.0
567783942,30.0
567783943,30.0
567783944,30.0
567783945,30.0
567783946,30.0
567785526,30.0
567785527,30.0
567790318,45.0
567790319,45.0
567790320,30.0
567790640,30.0
567790642,30.0
567790644,30.0
567790646,30.0
567790648,20.0
567790651,20.0
567790653,20.0
567790655,20.0
567790657,20.0
567790659,16.0
567790661,16.0
567790663,25.0
567805479,30.0
567805480,30.0
567805481,25.0
567805482,25.0
567805483,30.0
567805484,30.0
567805485,25.0
567805486,30.0
567805488,30.0
567805490,30.0
567805491,30.0
567809432,30.0
567810842,30.0
567810845,30.0
567813602,30.0
567813603,30.0
567813604,30.0
567813605,30.0
567813606,30.0
567816929,30.0
567816930,30.0
567818298,20.0
567818300,20.0
567818301,30.0
567818303,30.0
567818305,20.0
567818306,20.0
567818308,30.0
567818310,30.0
567825926,30.0
567825927,30.0
567825930,30.0
567825931,30.0
567825933,30.0
567825936,30.0
567825937,30.0
567825940,30.0
567825942,30.0
567825944,30.0
567825945,30.0
567825946,25.0
567825948,30.0
567825949,30.0
567825950,30.0
567825952,25.0
567825953,30.0
567825954,30.0
567825955,30.0
567825956,30.0
567825957,30.0
567825958,30.0
567825960,30.0
567825961,30.0
567825962,30.0
567825963,30.0
567825964,30.0
567825966,30.0
567825968,30.0
567825969,30.0
567826963,30.0
567826965,30.0
567826968,30.0
567826974,30.0
567826977,30.0
567826980,30.0
567826983,30.0
567826986,30.0
567826990,30.0
567826992,30.0
567826996,25.0
567827005,25.0
567827009,30.0
567827012,24.0
567827018,30.0
567827021,30.0
567827024,30.0
567827027,30.0
567827030,30.0
567827032,30.0
567827034,30.0
567827036,30.0
567827038,30.0
567827041,30.0
567827042,30.0
567827045,30.0
567827048,30.0
567827052,30.0
567830427,30.0
567835813,30.0
567835814,20.0
567835815,20.0
567835816,30.0
567835817,30.0
567835818,30.0
567835819,30.0
567835820,30.0
567835821,30.0
567835822,30.0
567835823,30.0
567835824,30.0
567835825,30.0
567835826,30.0
567835827,30.0
567835828,30.0
567835829,30.0
567835830,30.0
567837797,30.0
567837798,30.0
567837799,30.0
567838437,30.0
567838439,30.0
567838442,30.0
567838444,30.0
567840428,30.0
567849792,30.0
567849793,30.0
567849794,30.0
567849795,30.0
567849796,30.0
567849797,30.0
567851013,30.0
567851018,30.0
567851021,30.0
567851023,20.0
567851025,20.0
567851027,20.0
567851029,30.0
567851031,30.0
567851034,25.0
567851036,20.0
567851038,20.0
567853975,45.0
567853976,45.0
567853978,45.0
567853979,10.0
567853980,45.0
567853981,10.0
567853982,10.0
567856616,30.0
567856617,30.0
567856618,30.0
567857277,30.0
567857278,30.0
567857279,30.0
567857280,30.0
567857281,30.0
567866375,30.0
567866376,30.0
567866377,30.0
567866378,30.0
567866661,20.0
567866662,30.0
567866663,30.0
567866664,30.0
567866665,30.0
567866666,30.0
567866667,30.0
567866668,30.0
567866669,30.0
567866670,30.0
567866671,30.0
567866672,30.0
567866673,30.0
567866675,30.0
567866676,30.0
567866677,30.0
567866678,30.0
567866679,30.0
567866680,25.0
567866681,30.0
567866682,30.0
567866683,30.0
567866684,30.0
567866685,30.0
567866686,30.0
567866687,30.0
567866688,30.0
567866689,30.0
567866690,30.0
567866702,30.0
567866703,30.0
567866705,30.0
567866707,30.0
567866709,30.0
567866710,30.0
567866712,30.0
567866713,30.0
567871781,30.0
567871782,30.0
567871783,20.0
567871784,20.0
567871785,20.0
567871786,30.0
567871788,30.0
567871789,20.0
567871790,20.0
567871791,20.0
567873207,30.0
567873208,30.0
567873209,30.0
567873514,30.0
567873515,30.0
567873516,10.0
567873519,10.0
567873520,30.0
567873521,50.0
567873523,50.0
567873524,50.0
567873525,50.0
567878063,30.0
567878067,30.0
567878070,30.0
567878072,30.0
567878076,30.0
567878078,30.0
567880872,30.0
567880873,30.0
567880874,30.0
567880875,30.0
567880876,30.0
567880877,30.0
567880878,30.0
567880879,30.0
567881937,30.0
567881938,30.0
567881939,30.0
567883462,30.0
567883463,30.0
567883464,30.0
567883465,30.0
567883467,30.0
567883468,30.0
567883469,30.0
567883470,30.0
567884435,30.0
567884436,30.0
567884437,30.0
567887220,30.0
567887222,30.0
567887223,30.0
567887225,30.0
567887226,30.0
567887227,30.0
567890819,30.0
567890820,30.0
567890821,30.0
567893612,80.0
567893613,80.0
567895071,30.0
567895073,30.0
567895075,30.0
567895077,30.0
567895079,30.0
567895082,30.0
567895085,30.0
567895086,30.0
567895089,30.0
567895092,30.0
567895094,30.0
567895096,30.0
567895097,30.0
567895099,30.0
567895101,30.0
567895102,30.0
567895104,30.0
567895106,30.0
567899569,80.0
567899570,80.0
567899571,80.0
567899572,80.0
567902026,30.0
567902027,30.0
567904349,30.0
567904352,30.0
567907258,30.0
567907259,30.0
567907260,30.0
567907261,30.0
567907262,30.0
567907263,40.0
567907264,30.0
567907265,30.0
567907267,30.0
567907270,40.0
567907271,30.0
567907272,30.0
567907273,30.0
567907274,30.0
567907275,30.0
567907276,30.0
567907277,30.0
567907278,30.0
567907279,25.0
567907280,30.0
567907281,30.0
567907282,30.0
567907283,30.0
567907284,30.0
568000779,20.0
568000780,20.0
568000783,20.0
568000789,20.0
568000790,20.0
568000868,30.0
568000869,30.0
568000871,30.0
568000872,30.0
568005101,30.0
568005102,30.0
568005103,30.0
568005104,30.0
568005105,30.0
568005106,30.0
568005107,30.0
568005108,30.0
568005109,30.0
568005110,30.0
568005111,30.0
568005112,30.0
568005113,30.0
568005114,30.0
568005115,30.0
568024302,30.0
568024305,40.0
568024308,30.0
568024312,60.0
568024317,30.0
568024322,30.0
568036093,25.0
568036095,30.0
568036096,30.0
568036097,30.0
568039597,30.0
568039598,30.0
568039599,30.0
568039600,30.0
568039601,30.0
568039602,30.0
568039603,30.0
568039604,30.0
568039605,30.0
568039606,30.0
568039607,30.0
568039608,30.0
568039609,30.0
568043714,30.0
568043715,30.0
568043717,30.0
568043718,30.0
568048542,30.0
568048543,30.0
568048544,30.0
568048545,30.0
568048546,30.0
568048547,30.0
568048548,30.0
568048550,30.0
568048551,30.0
568048552,30.0
568048553,30.0
568048554,30.0
568048555,30.0
568048556,30.0
568053251,30.0
568053252,30.0
568053253,30.0
568053254,30.0
568053255,30.0
568053256,30.0
568053257,30.0
568056168,30.0
568056169,30.0
568056170,30.0
568056171,30.0
568056172,30.0
568056173,30.0
568056174,30.0
568056175,30.0
568056176,30.0
568056177,30.0
568061022,30.0
568061023,30.0
568061024,30.0
568061025,30.0
568061026,30.0
568061027,30.0
568061028,30.0
568061029,30.0
568061030,30.0
568061031,30.0
568061032,30.0
568061033,30.0
568061035,30.0
568061036,30.0
568061037,30.0
568061038,30.0
568061040,30.0
568061042,30.0
568061044,30.0
568081954,30.0
568081956,30.0
568081959,30.0
568092474,30.0
568092477,30.0
568092481,30.0
568092486,30.0
568092490,30.0
568115482,30.0
568115484,30.0
568115486,30.0
568115489,30.0
568115492,30.0
568115494,30.0
568115497,20.0
568115499,30.0
568146979,30.0
568146981,30.0
568146982,30.0
568146984,30.0
568151639,45.0
568164356,50.0
568170710,30.0
568170713,30.0
568170715,30.0
568170717,30.0
568170718,30.0
568179404,30.0
568179405,30.0
568179406,25.0
568179407,30.0
568179408,30.0
568179409,30.0
568185648,30.0
568185650,30.0
568185652,30.0
568185654,20.0
568185661,30.0
568188512,30.0
568188514,30.0
568188517,30.0
568200484,30.0
568200488,30.0
568200490,30.0
568200494,30.0
568200497,30.0
568200500,30.0
568200502,30.0
568200508,30.0
568224169,30.0
568224171,30.0
568224172,30.0
568224173,30.0
568224174,30.0
568224175,30.0
568224176,30.0
568233469,30.0
568233470,30.0
568233471,30.0
568246509,80.0
568246512,80.0
568246927,30.0
568246928,30.0
568246929,30.0
568246930,30.0
568248048,30.0
568248049,30.0
568258360,40.0
568258361,30.0
568258362,20.0
568258363,20.0
568258364,20.0
568258365,20.0
568258366,20.0
568258367,20.0
568258368,20.0
568260939,30.0
568260941,30.0
568260943,30.0
568260946,30.0
568260948,30.0
568260949,30.0
568260950,25.0
568261917,30.0
568261919,30.0
568264824,30.0
568264825,30.0
568264826,30.0
568264827,30.0
568264829,30.0
568264830,30.0
568264831,30.0
568264833,30.0
568264834,30.0
568264835,30.0
568264836,30.0
568264837,30.0
568264838,30.0
568272499,30.0
568272500,30.0
568272501,30.0
568272502,30.0
568272503,30.0
568272504,30.0
568272505,30.0
568272506,30.0
568272507,30.0
568272508,30.0
568272509,30.0
568272510,30.0
568272511,30.0
568272512,30.0
568272513,30.0
568272514,30.0
568272515,30.0
568272516,30.0
568272517,30.0
568272518,30.0
568272519,30.0
568272520,30.0
568272521,24.0
568275457,30.0
568275464,30.0
568275466,30.0
568275468,30.0
568275470,30.0
568275473,30.0
568275475,30.0
568275479,30.0
568275481,30.0
568275483,30.0
568275486,30.0
568275491,30.0
568275494,30.0
568275497,30.0
568275499,30.0
568300936,30.0
568300937,30.0
568300938,30.0
568300939,30.0
568302420,30.0
568302421,20.0
568302423,20.0
568302424,20.0
568302426,20.0
568302427,20.0
568302429,20.0
568302431,20.0
568302433,20.0
568302435,20.0
568302436,20.0
568302437,20.0
568302438,20.0
568302439,20.0
568302440,20.0
568302441,20.0
568302442,20.0
568302444,20.0
568302446,30.0
568302448,30.0
568302450,30.0
568302452,30.0
568302453,30.0
568302455,30.0
568302456,30.0
568302457,30.0
568302458,30.0
568302463,20.0
568305183,30.0
568305184,30.0
568306497,30.0
568306498,30.0
568306499,30.0
568306500,30.0
568306501,30.0
568306502,30.0
568306503,30.0
568306504,30.0
568306505,30.0
568306506,30.0
568306507,30.0
568306508,30.0
568306509,30.0
568306510,30.0
568306511,30.0
568306512,30.0
568306513,30.0
568306514,30.0
568306515,30.0
568306516,30.0
568306517,30.0
568308143,30.0
568308144,30.0
568308145,30.0
568308146,30.0
568308147,30.0
568308148,30.0
568308149,20.0
568308150,30.0
568308151,30.0
568308845,30.0
568308846,20.0
568308847,20.0
568308848,20.0
568308850,20.0
568308851,24.0
568308852,20.0
568308853,20.0
568311177,25.0
568311180,30.0
568312738,30.0
568312739,30.0
568312740,30.0
568312741,30.0
568312744,30.0
568312745,30.0
568312746,30.0
568312747,30.0
568312748,30.0
568312749,30.0
568312751,30.0
568312752,30.0
568312753,30.0
568312754,30.0
568312755,30.0
568312756,30.0
568312757,30.0
568312758,30.0
568313293,30.0
568313294,30.0
568313296,20.0
568313298,20.0
568313300,20.0
568313301,20.0
568313303,20.0
568313305,20.0
568313307,30.0
568313311,20.0
568313314,30.0
568316574,30.0
568316576,30.0
568316579,30.0
568316582,30.0
568316583,30.0
568317105,30.0
568317107,30.0
568317110,30.0
568317112,30.0
568318110,50.0
568318112,50.0
568318115,50.0
568318119,50.0
568318788,30.0
568318789,40.0
568318790,30.0
568318791,30.0
568318792,20.0
568318793,30.0
568318794,30.0
568318795,30.0
568318796,30.0
568318797,30.0
568318798,30.0
568318799,25.0
568318800,30.0
568318801,30.0
568318802,30.0
568318803,30.0
568318804,30.0
568318805,30.0
568318806,30.0
568318807,50.0
568318808,50.0
568318809,30.0
568318810,30.0
568318811,30.0
568318812,30.0
568318813,30.0
568318814,30.0
568318815,30.0
568318816,30.0
568318818,30.0
568318819,30.0
568318820,30.0
568318821,30.0
568318822,30.0
568318823,30.0
568318824,30.0
568318825,30.0
568318826,50.0
568318827,50.0
568318828,50.0
568318829,50.0
568318830,20.0
568318831,30.0
568318832,30.0
568318833,30.0
568318834,30.0
568318835,40.0
568318836,30.0
568318837,30.0
568318838,30.0
568318839,30.0
568318840,30.0
568318841,30.0
568318842,30.0
568318843,30.0
568318844,30.0
568318845,30.0
568318846,50.0
568324040,30.0
568324041,30.0
568324042,30.0
568324043,30.0
568324044,30.0
568324045,30.0
568324046,30.0
568324047,30.0
568324048,30.0
568324049,30.0
568324050,30.0
568324051,30.0
568324052,30.0
568324053,30.0
568324054,30.0
568324055,30.0
568324056,30.0
568324057,30.0
568324058,30.0
568324059,30.0
568324060,30.0
568324061,30.0
568324062,30.0
568324063,30.0
568324064,30.0
568324065,30.0
568324066,30.0
568324067,30.0
568324068,30.0
568324433,30.0
568324434,30.0
568324435,30.0
568324437,30.0
568324438,20.0
568324439,20.0
568324440,20.0
568324442,20.0
568324443,20.0
568324446,30.0
568324447,30.0
568324448,30.0
568324449,30.0
568324450,30.0
568324451,30.0
568324452,30.0
568324453,30.0
568324454,30.0
568324455,30.0
568324456,30.0
568324457,20.0
568324458,20.0
568324459,20.0
568324460,20.0
568324461,30.0
568327865,50.0
568327866,50.0
568327867,50.0
568327868,50.0
568330160,20.0
568330161,20.0
568330162,20.0
568330163,20.0
568330164,20.0
568330166,20.0
568330167,30.0
568330168,20.0
568330169,30.0
568330170,30.0
568330171,30.0
568332834,20.0
568332836,20.0
568332838,20.0
568332840,20.0
568332842,20.0
568332846,20.0
568334053,30.0
568334056,30.0
568334058,30.0
568334061,30.0
568334063,30.0
568334066,30.0
568334068,30.0
568334071,30.0
568334074,30.0
568334078,30.0
568334080,30.0
568334083,30.0
568334084,30.0
568334085,30.0
568334086,30.0
568334087,30.0
568334088,30.0
568334089,30.0
568334090,30.0
568334091,30.0
568334092,30.0
568334093,30.0
568334094,30.0
568334095,30.0
568334096,30.0
568334097,30.0
568334098,30.0
568334099,30.0
568334100,30.0
568334101,30.0
568334102,30.0
568334103,30.0
568334104,30.0
568334105,30.0
568334106,30.0
568334107,30.0
568334108,30.0
568334109,30.0
568334110,30.0
568334111,30.0
568334112,30.0
568334113,30.0
568334114,30.0
568334115,30.0
568334116,30.0
568334117,30.0
568334713,20.0
568335410,30.0
568335411,20.0
568363915,30.0
568363917,30.0
568363918,30.0
568363920,30.0
568363923,30.0
568363925,30.0
568363927,30.0
568363929,30.0
568363931,30.0
568363934,30.0
568363936,30.0
568363938,30.0
568363940,30.0
568363942,30.0
568363944,30.0
568363947,30.0
568363949,30.0
568363951,30.0
568381599,30.0
568381600,30.0
568381601,30.0
568381602,30.0
568381603,30.0
568381604,30.0
568381605,30.0
568381606,30.0
568381607,30.0
568381608,30.0
568381609,30.0
568381610,30.0
568381611,30.0
568381612,30.0
568381613,30.0
568381614,30.0
568381615,30.0
568381616,30.0
568381617,30.0
568381618,30.0
568381619,30.0
568381620,30.0
568381621,30.0
568381622,30.0
568381623,30.0
568381624,30.0
568381625,24.0
568381626,30.0
568381627,30.0
568381628,30.0
568381629,30.0
568381630,30.0
568381631,30.0
568381632,30.0
568381633,24.0
568381634,24.0
568381635,30.0
568381636,24.0
568381637,24.0
568381638,24.0
568381639,24.0
568803808,30.0
568803809,30.0
568803810,30.0
568803812,30.0
568803814,20.0
568803816,30.0
568803817,30.0
568803819,30.0
568804757,30.0
568804758,30.0
568804759,30.0
568804760,30.0
568804761,30.0
568804762,30.0
568804763,30.0
568804764,30.0
568804765,30.0
568804766,30.0
568804767,30.0
568804768,30.0
568804769,30.0
568804770,30.0
568804771,30.0
568806507,30.0
568806508,30.0
568806509,30.0
568806784,30.0
568806786,30.0
568806788,30.0
568806790,30.0
568806791,30.0
568806793,30.0
568806794,30.0
568806796,30.0
568806798,30.0
568806800,30.0
568806801,30.0
568806803,30.0
568806807,30.0
568806808,30.0
568806810,30.0
568806812,30.0
568806814,30.0
568806816,30.0
568806818,30.0
568806819,30.0
568806820,30.0
568806822,30.0
568806824,30.0
568806825,30.0
568806827,30.0
568806829,30.0
568806830,30.0
568806832,30.0
568806834,30.0
568806835,30.0
568806837,30.0
568806839,30.0
568806840,30.0
568806841,30.0
568806843,30.0
568806844,30.0
568806845,30.0
568806847,30.0
568806849,30.0
568806850,30.0
568806852,30.0
568806853,30.0
568806855,30.0
568806857,30.0
568806858,30.0
568806859,30.0
568806861,30.0
568806863,30.0
568806866,30.0
568806868,30.0
568806869,30.0
568806871,30.0
568806872,30.0
568806873,30.0
568806874,30.0
568806875,30.0
568806876,30.0
568806877,30.0
568806878,30.0
568806879,30.0
568806880,30.0
568806881,30.0
568807058,30.0
568807059,30.0
568807060,30.0
568807061,30.0
568807062,30.0
568807063,30.0
568807064,30.0
568807065,30.0
568807066,30.0
568807067,30.0
568807068,30.0
568808440,30.0
568808441,30.0
568808442,30.0
568808443,30.0
568808444,30.0
568808445,30.0
568808446,30.0
568808447,30.0
568808448,30.0
568808449,30.0
568808450,30.0
568808451,30.0
568808452,30.0
568808453,30.0
568808454,30.0
568808455,30.0
568808456,30.0
568808457,30.0
568808459,30.0
568808460,30.0
568808462,30.0
568808463,30.0
568808465,30.0
568808467,30.0
568808469,30.0
568808473,30.0
568808475,25.0
568808477,30.0
568808479,25.0
568808481,30.0
568808483,30.0
568808488,30.0
568808490,30.0
568808491,30.0
568808493,30.0
568808494,30.0
568808495,30.0
568808496,30.0
568808497,30.0
568808499,30.0
568808500,30.0
568808501,30.0
568808502,30.0
568808503,30.0
568826282,30.0
568826283,30.0
568826284,30.0
568826285,30.0
568826286,30.0
568826287,30.0
568826288,30.0
568826289,30.0
568826290,30.0
568826291,30.0
568826292,30.0
568826293,30.0
568826294,30.0
568826295,30.0
568830826,30.0
568830827,30.0
568830828,30.0
568830829,30.0
568830830,30.0
568830831,30.0
568830832,30.0
568830833,30.0
568830834,30.0
568830835,30.0
568830836,30.0
568830837,30.0
568832809,30.0
568832810,30.0
568832811,30.0
568832812,30.0
568832813,30.0
568832814,30.0
568832815,30.0
568832816,30.0
568832817,30.0
568836444,30.0
568836445,30.0
568836446,30.0
568836447,30.0
568836448,30.0
568836449,30.0
568836450,30.0
568836451,30.0
568836452,30.0
568836453,30.0
568836454,30.0
568836455,30.0
568838077,30.0
568838078,30.0
568838079,30.0
568838080,30.0
568838081,30.0
568840251,50.0
568840252,50.0
568840253,30.0
568840255,30.0
568840257,30.0
568840258,30.0
568840259,30.0
568840260,30.0
568840261,30.0
568840262,30.0
568840263,30.0
568840264,30.0
568840265,30.0
568840266,30.0
568840267,30.0
568840268,30.0
568840269,30.0
568840270,30.0
568840271,50.0
568840272,30.0
568841783,30.0
568841785,30.0
568841787,20.0
568841789,30.0
568841792,30.0
568841795,30.0
568841797,30.0
568843846,30.0
568843848,40.0
568843849,40.0
568843851,30.0
568844149,50.0
568844150,30.0
568844154,30.0
568844155,40.0
568844156,40.0
568844158,40.0
568844159,50.0
568848209,20.0
568848211,20.0
568848212,30.0
568848213,30.0
568848214,30.0
568848215,30.0
568848216,30.0
568848217,30.0
568848218,30.0
568848219,30.0
568848220,20.0
568848221,20.0
568848222,20.0
568848223,20.0
568848224,20.0
568848225,20.0
568848226,20.0
568848227,20.0
568852261,30.0
568852262,30.0
568852263,30.0
568852264,30.0
568852265,30.0
568852266,30.0
568852267,30.0
568852268,30.0
568852269,30.0
568852270,30.0
568852271,30.0
568852272,30.0
568852273,30.0
568852274,30.0
568852275,36.0
568852276,30.0
568852277,30.0
568852278,45.0
568852279,45.0
568870799,30.0
568870801,30.0
568870803,30.0
568870805,30.0
568870807,30.0
568870809,30.0
568870811,25.0
568874840,10.0
568874842,30.0
568874844,30.0
568874846,30.0
568874848,30.0
568874850,30.0
568874852,30.0
568874853,30.0
568874855,30.0
568874857,30.0
568874859,30.0
568874861,30.0
568874863,30.0
568877621,30.0
568877623,30.0
568877625,30.0
568877626,30.0
568877628,30.0
568877630,30.0
568877631,30.0
568877633,30.0
568877635,30.0
568877637,30.0
568877638,30.0
568883462,30.0
568883463,30.0
568883464,30.0
568883465,30.0
568883466,30.0
568883467,30.0
568883468,30.0
568883469,30.0
568883470,30.0
568883471,30.0
568889054,30.0
568889056,30.0
568889058,30.0
568889060,30.0
568889062,30.0
568889064,30.0
568889066,25.0
568889068,30.0
568889070,30.0
568889072,30.0
568889074,30.0
568889076,30.0
568889079,30.0
568895838,30.0
568895839,30.0
568895840,30.0
568895841,30.0
568895842,30.0
568895843,30.0
568895844,30.0
568895845,30.0
568895846,30.0
568895847,30.0
568895848,30.0
568895849,30.0
568895850,30.0
568895851,30.0
568895852,30.0
568895853,30.0
568895854,30.0
568896284,10.0
568896285,10.0
568904539,30.0
568904544,30.0
568904547,30.0
568904550,30.0
568904556,30.0
568904558,30.0
568907704,30.0
568907706,30.0
568907708,30.0
568907710,30.0
568907712,30.0
568907713,30.0
568907714,30.0
568907715,30.0
568931378,40.0
568931380,40.0
568931383,30.0
568931384,40.0
568931388,40.0
568932926,25.0
568932927,25.0
568932930,25.0
568932932,20.0
568932933,20.0
568932935,20.0
568932937,30.0
568932939,30.0
568942172,30.0
568942173,30.0
568942174,30.0
568942175,30.0
568942176,20.0
568942177,30.0
568942178,40.0
568942179,20.0
568942180,30.0
568942181,30.0
568942182,30.0
568942183,30.0
568942184,30.0
568942185,30.0
568942186,25.0
568942187,30.0
568942189,20.0
568944089,30.0
568944092,30.0
568944097,30.0
568944099,30.0
568944102,30.0
568944105,30.0
568947128,40.0
568947129,30.0
568947130,30.0
568947132,30.0
568947133,30.0
568947134,30.0
568947135,30.0
568947136,30.0
568947137,30.0
568947138,30.0
568954107,30.0
568954108,45.0
568954109,30.0
568954110,30.0
568954112,30.0
568956444,30.0
568956445,30.0
568956446,30.0
568956447,30.0
568956448,30.0
568956449,30.0
568956450,30.0
568956452,30.0
568956453,30.0
568956454,30.0
568956455,30.0
568956456,30.0
568956457,30.0
568956458,30.0
568956459,30.0
568956460,30.0
568956461,30.0
568956462,30.0
568956464,30.0
568956465,30.0
568979686,24.0
568979687,24.0
568979688,30.0
568979689,30.0
568988196,24.0
568988197,30.0
568994689,50.0
568998081,30.0
568998083,30.0
569003102,30.0
569011281,30.0
569011283,30.0
569011284,30.0
569011287,20.0
569011288,20.0
569011290,20.0
569011292,30.0
569013571,30.0
569013574,30.0
569019524,30.0
569019647,30.0
569019648,30.0
569019649,30.0
569019651,30.0
569019652,30.0
569019653,20.0
569019654,30.0
569019655,20.0
569019656,30.0
569019657,30.0
569020885,30.0
569020886,30.0
569020887,30.0
569020888,30.0
569021845,30.0
569021846,30.0
569033121,30.0
569033122,30.0
569033123,30.0
569033124,30.0
569033125,30.0
569033126,30.0
569033127,30.0
569034721,30.0
569035289,20.0
569035292,20.0
569041924,80.0
569041928,80.0
569046765,30.0
569046766,30.0
569046767,30.0
569046768,30.0
569046769,30.0
569046770,30.0
569046771,30.0
569046772,30.0
569046773,30.0
569046774,30.0
569046776,30.0
569050292,30.0
569050742,30.0
569050744,30.0
569050746,30.0
569050747,30.0
569050749,30.0
569050751,30.0
569057344,20.0
569057345,20.0
569057346,30.0
569057347,30.0
569057348,30.0
569057350,30.0
569057352,30.0
569057354,30.0
569062570,30.0
569062571,30.0
569062572,30.0
569062573,30.0
569062574,30.0
569062575,30.0
569062577,30.0
569062579,30.0
569062584,30.0
569062587,30.0
569062590,30.0
569067843,20.0
569067844,20.0
569067845,30.0
569067846,20.0
569067847,30.0
569067848,30.0
569067849,30.0
569070588,30.0
569070590,30.0
569070592,30.0
569073876,20.0
569073877,30.0
569073878,30.0
569073879,30.0
569073880,30.0
569073882,30.0
569073883,30.0
569073884,30.0
569073885,30.0
569073886,30.0
569073887,30.0
569073888,30.0
569073889,30.0
569073890,30.0
569073891,30.0
569073892,30.0
569073893,30.0
569073894,30.0
569073895,30.0
569073896,30.0
569073897,20.0
569073898,30.0
569073899,30.0
569073900,30.0
569148320,30.0
569160641,30.0
569160642,30.0
569160643,30.0
569160644,30.0
569161255,30.0
569161256,30.0
569161354,30.0
569162030,30.0
569218568,30.0
569218570,30.0
569221725,50.0
569221728,50.0
569555979,30.0
569557510,20.0
569557513,30.0
569557516,30.0
569557518,30.0
569557520,30.0
569557522,30.0
569557525,30.0
569560575,20.0
569570619,30.0
570642283,25.0
570644570,25.0
570648931,25.0
570650228,25.0
570653569,25.0
570654191,25.0
571146755,30.0
571146756,30.0
571242544,30.0
571242547,30.0
572258707,30.0
573335971,30.0
573335972,30.0
573335973,30.0
573335974,30.0
573335975,30.0
573335976,30.0
573335977,30.0
573335978,30.0
573335979,30.0
573335980,30.0
573335981,30.0
573335982,30.0
573335983,30.0
573335984,30.0
573335985,30.0
573335986,30.0
573335987,30.0
573335988,30.0
573335989,30.0
573335990,30.0
573339697,30.0
573339698,30.0
573339699,30.0
573339700,30.0
573339701,30.0
573339702,30.0
573339703,30.0
573339704,30.0
573339705,30.0
573339706,30.0
573339707,30.0
573339708,30.0
573339709,30.0
573339710,30.0
573339711,30.0
573339712,30.0
573339713,30.0
573339714,30.0
573339715,30.0
573339716,30.0
573339717,30.0
573339718,30.0
573339719,30.0
573339720,30.0
573339721,30.0
573339722,30.0
573339723,30.0
573339724,30.0
573339725,30.0
573339726,30.0
573339727,30.0
573339728,30.0
573339729,30.0
573339730,30.0
573339731,30.0
573339732,30.0
573347688,30.0
573347689,30.0
573347690,30.0
573347691,30.0
573347692,30.0
573347693,30.0
573347694,30.0
573347695,30.0
573347696,30.0
573347697,30.0
573347698,30.0
573347699,30.0
573347700,30.0
573347701,30.0
573347702,30.0
573347703,30.0
573347704,30.0
573347705,30.0
573347706,30.0
573347707,30.0
573347708,30.0
573347709,30.0
573347710,30.0
573347711,30.0
573347712,30.0
573347713,30.0
573347714,30.0
573347715,30.0
573347716,30.0
573347717,30.0
573365112,30.0
573365113,30.0
573365114,30.0
573365115,30.0
573365116,30.0
573365117,30.0
573365118,30.0
573365119,30.0
573365120,30.0
573365121,30.0
573365122,30.0
573365123,30.0
573365124,30.0
573365125,30.0
573365126,30.0
573365127,30.0
573365129,30.0
573365130,30.0
573365131,30.0
573365132,30.0
573365133,30.0
573365134,30.0
573365135,30.0
573365136,30.0
573365137,30.0
573365138,30.0
573365139,30.0
573365140,30.0
573365141,30.0
573365142,30.0
573365143,30.0
573371353,30.0
573371355,30.0
573371357,30.0
573371359,30.0
573371361,30.0
573371363,30.0
573371367,30.0
573371369,30.0
573371371,30.0
573371373,30.0
573371376,30.0
573371377,30.0
573371379,30.0
573371381,30.0
573371382,30.0
573371384,30.0
573371386,30.0
573371389,30.0
573371391,30.0
573371393,30.0
573371395,30.0
573371397,30.0
573386106,30.0
573386107,30.0
573386108,30.0
573386109,30.0
573386110,30.0
573386111,30.0
573386112,30.0
573386113,30.0
573386114,30.0
573386115,30.0
573386116,30.0
573386117,30.0
573386119,30.0
573386120,30.0
573386121,30.0
573386123,30.0
573386124,30.0
573386125,30.0
573386126,30.0
573386127,30.0
573386128,30.0
573386129,30.0
573386130,30.0
573386131,30.0
573386132,30.0
573387947,30.0
573387948,30.0
573387949,30.0
573387950,30.0
573387951,30.0
573387952,30.0
573387953,30.0
573387955,30.0
573387956,30.0
573387957,30.0
573387958,30.0
573387959,30.0
573387960,30.0
573387961,30.0
573387962,30.0
573387963,30.0
573387964,30.0
573387965,30.0
573387966,30.0
573387967,30.0
573387968,30.0
573387969,30.0
573387970,30.0
573387972,30.0
573387975,30.0
573387976,30.0
573387978,30.0
573387980,30.0
573387982,30.0
573387983,30.0
573387984,30.0
573387985,30.0
573387987,30.0
573392880,30.0
573392881,30.0
573392882,30.0
573392883,30.0
573392884,30.0
573392885,30.0
573392886,30.0
573392887,30.0
573392888,30.0
573392889,30.0
573392890,30.0
573392891,30.0
573392892,30.0
573392893,30.0
573392894,30.0
573392895,30.0
573392896,30.0
573392897,30.0
573392898,30.0
573392899,30.0
573392900,30.0
573392901,30.0
573392902,30.0
573392903,30.0
573392904,30.0
573392905,30.0
573392906,30.0
573392907,30.0
573392908,30.0
573392909,30.0
573392910,30.0
573392911,30.0
573392912,30.0
573392913,30.0
573392914,30.0
573392915,30.0
573392916,30.0
573392917,30.0
573392918,30.0
573392919,30.0
573392920,30.0
573392921,30.0
573392922,30.0
573392923,30.0
573392924,30.0
573396873,30.0
573396874,30.0
573396875,30.0
573396876,30.0
573396877,30.0
573396878,30.0
573396879,30.0
573396880,30.0
573396881,30.0
573396882,30.0
573396883,30.0
573396884,30.0
573396885,30.0
573396886,30.0
573396887,30.0
573396888,30.0
573396889,30.0
573396890,30.0
573396891,30.0
573396892,30.0
573396893,30.0
573404491,30.0
573404492,30.0
573404493,30.0
573404494,30.0
573404495,30.0
573404496,30.0
573404497,30.0
573404498,30.0
573404499,20.0
573404500,30.0
573404501,30.0
573404502,30.0
573404505,30.0
573404506,30.0
573404507,30.0
573404508,30.0
573404509,30.0
573404511,20.0
573404512,20.0
573404513,20.0
573404514,30.0
573404515,30.0
573404516,30.0
573413904,30.0
573413905,30.0
573413906,30.0
573413907,30.0
573413909,30.0
573413910,30.0
573413911,30.0
573413912,30.0
573413913,30.0
573413914,30.0
573413915,30.0
573413916,30.0
573413917,30.0
573413918,30.0
573413919,30.0
573413920,30.0
573413921,30.0
573413923,30.0
573413924,20.0
573413925,20.0
573413926,20.0
573413927,20.0
573413928,20.0
573413929,20.0
573421482,30.0
573421486,30.0
573421489,30.0
573431616,30.0
573433191,20.0
573433193,30.0
573433195,30.0
573433197,30.0
573450172,30.0
573450173,30.0
573457637,30.0
573457639,30.0
573457643,30.0
573474706,30.0
573474707,30.0
573474708,30.0
573474709,30.0
573474710,30.0
573474711,30.0
573474712,30.0
573474713,30.0
573474714,30.0
573474715,30.0
573474716,30.0
573474717,30.0
573474718,30.0
573474719,30.0
573474720,30.0
573474721,30.0
573474722,30.0
573474723,30.0
573474724,30.0
573474726,30.0
573474727,30.0
573474728,30.0
573474730,30.0
573474731,30.0
573474732,30.0
573474734,30.0
573481335,30.0
573481337,30.0
573481339,30.0
573481341,30.0
573481343,30.0
573481345,30.0
573481347,30.0
573483763,30.0
573483765,30.0
573483767,30.0
573483769,30.0
573483771,30.0
573483773,30.0
573483775,30.0
573483776,30.0
573483778,30.0
573483780,30.0
573483782,30.0
573483783,30.0
573767253,20.0
573767254,20.0
573767255,20.0
573767256,20.0
573767257,30.0
573769128,30.0
573769129,30.0
573769130,30.0
573769131,30.0
573769553,30.0
573769554,30.0
573769555,30.0
573769556,30.0
573769557,20.0
573769558,30.0
573769559,30.0
573770960,30.0
573772211,30.0
573772212,25.0
573772213,30.0
573772214,30.0
573772215,30.0
573772216,30.0
573772217,30.0
573781432,30.0
573781433,30.0
573792235,30.0
573792236,30.0
573792313,25.0
573792315,30.0
573792317,30.0
573792319,30.0
573792321,30.0
573792322,30.0
573792323,30.0
573792324,30.0
573792325,30.0
573792326,30.0
573792327,30.0
573793044,30.0
573794184,30.0
573794187,30.0
573794190,30.0
573794192,30.0
573794194,30.0
573794196,30.0
573794199,30.0
573794201,30.0
573794203,30.0
573794205,30.0
573794207,30.0
573794209,30.0
573794210,30.0
573794212,30.0
573794214,30.0
573794217,30.0
573797734,30.0
573797735,30.0
573797736,30.0
573797737,30.0
573797738,30.0
573797740,30.0
573797741,30.0
573797742,30.0
573797743,30.0
573797744,30.0
573797745,30.0
573797746,30.0
573797747,30.0
573797748,30.0
573797749,30.0
573797750,30.0
573797751,20.0
573797752,20.0
573797753,20.0
573797754,20.0
573797755,20.0
573797756,20.0
573797757,20.0
573797758,20.0
573797759,20.0
573797760,20.0
573797761,20.0
573797762,20.0
573797763,20.0
573797764,20.0
573797765,20.0
573797766,30.0
573797767,30.0
573797768,30.0
573797769,30.0
573797770,30.0
573800123,30.0
573805670,30.0
573805671,30.0
573805672,30.0
573805673,30.0
573805674,30.0
573805675,30.0
573809450,30.0
573809452,30.0
573809455,30.0
573809457,30.0
573809460,30.0
573809463,30.0
573809466,30.0
573809469,30.0
573809472,30.0
573809474,30.0
573809476,30.0
573809478,30.0
573809480,30.0
573809482,30.0
573809484,30.0
573809486,30.0
573809489,30.0
573809492,30.0
573809494,30.0
573809496,30.0
573809499,30.0
573809501,30.0
573809502,30.0
573812735,30.0
573812736,30.0
573812737,30.0
573812738,30.0
573812739,30.0
573812740,30.0
573812741,30.0
573812742,30.0
573812743,30.0
573815581,30.0
573815582,30.0
573815583,30.0
573815584,30.0
573815585,30.0
573815586,30.0
573815587,30.0
573815588,30.0
573815589,30.0
573815590,30.0
573815591,30.0
573815592,30.0
573815593,30.0
573815594,30.0
573815595,30.0
573815596,30.0
573815597,30.0
573815598,30.0
573815599,30.0
573815600,30.0
573815601,30.0
573815602,30.0
573815603,30.0
573815604,30.0
573815605,30.0
573815606,30.0
573815607,30.0
573815608,30.0
573818981,30.0
573818982,30.0
573818983,30.0
573818984,30.0
573818985,30.0
573818986,30.0
573818987,30.0
573818988,30.0
573818989,30.0
573818990,30.0
573818991,30.0
573818992,30.0
573818993,30.0
573818994,30.0
573818995,30.0
573818996,30.0
573818997,30.0
573818998,30.0
573818999,30.0
573819000,30.0
573819001,30.0
573819002,30.0
573819003,30.0
573819004,30.0
573819005,30.0
573819006,30.0
573819007,30.0
573819008,30.0
573819009,30.0
573819010,30.0
573819011,30.0
573819012,30.0
573819013,30.0
573819014,30.0
573819015,30.0
573819016,30.0
573819017,30.0
573819018,30.0
573821083,30.0
573821084,30.0
573821085,30.0
573821086,30.0
573823613,30.0
573823614,30.0
573823615,30.0
573823616,30.0
573823617,30.0
573823618,30.0
573823620,30.0
573823621,30.0
573823622,30.0
573823623,30.0
573823624,30.0
573823625,30.0
573823626,30.0
573823627,30.0
573823628,30.0
573823629,30.0
573823630,30.0
573823631,30.0
573823632,30.0
573823634,30.0
573823636,30.0
573823638,30.0
573823640,30.0
573823642,30.0
573823643,30.0
573823644,30.0
573823645,30.0
573823646,30.0
573823647,30.0
573823648,30.0
573823650,30.0
573823651,30.0
573823652,30.0
573827688,30.0
573827689,30.0
573827690,30.0
573827691,30.0
573827692,30.0
573827693,30.0
573827694,30.0
573845052,30.0
573845055,30.0
573845056,30.0
573845057,30.0
573845058,30.0
573845059,30.0
573845060,30.0
573845061,30.0
573845062,30.0
573845063,30.0
573845064,30.0
573845065,30.0
573845066,30.0
573845067,30.0
573845068,30.0
573845069,30.0
573845070,30.0
573845071,30.0
573845072,30.0
573845073,30.0
573849126,45.0
573849128,45.0
573849306,30.0
573849308,30.0
573849310,30.0
573849312,30.0
573849314,30.0
573849317,30.0
573849319,30.0
573849321,30.0
573849323,30.0
573849325,30.0
573849328,30.0
573849330,30.0
573849332,30.0
573849334,30.0
573849336,30.0
573849338,30.0
573849339,30.0
573849340,30.0
573849341,30.0
573849342,30.0
573849343,30.0
573849344,30.0
573849345,30.0
573849346,30.0
573849347,30.0
573849348,30.0
573849349,30.0
573849350,30.0
573849351,30.0
573849352,30.0
573849353,30.0
573849355,30.0
573849356,30.0
573849357,30.0
573883549,30.0
573883550,30.0
573883551,30.0
573883552,30.0
573883553,30.0
573883554,30.0
573883555,30.0
573883556,30.0
573883557,30.0
573883558,30.0
573897063,30.0
573897064,30.0
573897065,30.0
573911950,30.0
573911951,30.0
573911952,30.0
573911953,30.0
573911954,30.0
573911955,30.0
573911956,30.0
573911957,30.0
573911958,30.0
573911959,30.0
573911960,30.0
573911961,30.0
573911962,30.0
573916401,30.0
573916403,30.0
573916405,30.0
573916407,30.0
573916409,30.0
574232728,30.0
574232729,30.0
574232730,30.0
574232731,30.0
574232732,30.0
574232733,30.0
574232734,30.0
574232735,30.0
574232736,30.0
574232737,30.0
574232738,30.0
574232739,30.0
574232740,30.0
574232741,30.0
574232742,30.0
574232743,30.0
574232744,30.0
574232745,30.0
574232746,30.0
574232747,30.0
574233265,20.0
574233266,30.0
574233267,30.0
574234886,30.0
574234887,30.0
574234888,30.0
574234889,30.0
574234890,30.0
574234891,30.0
574234892,30.0
574234893,30.0
574234894,30.0
574234895,30.0
574234896,30.0
574234897,30.0
574234898,30.0
574234899,30.0
574234900,30.0
574234901,30.0
574234902,30.0
574234903,30.0
574247723,30.0
574247724,30.0
574247725,30.0
574247726,30.0
574251134,30.0
574251135,30.0
574251136,30.0
574251138,30.0
574251140,30.0
574251142,30.0
574251143,30.0
574251144,30.0
574251145,30.0
574251146,30.0
574251147,30.0
574251148,30.0
574251149,30.0
574251150,30.0
574251151,30.0
574251152,30.0
574251153,30.0
574251154,30.0
574251155,30.0
574251156,30.0
574251157,30.0
574251158,30.0
574251159,30.0
574251160,30.0
574251161,30.0
574251162,30.0
574251164,30.0
574251166,30.0
574251168,30.0
574251170,30.0
574251172,30.0
574251174,30.0
574251176,30.0
574251177,30.0
574251179,30.0
574251181,30.0
574251183,30.0
574251186,30.0
574251188,30.0
574251190,30.0
574255056,30.0
574255057,30.0
574255058,30.0
574255059,25.0
574255060,25.0
574255061,30.0
574255062,25.0
574255063,25.0
574255064,30.0
574255065,30.0
574255066,30.0
574257680,30.0
574257681,30.0
574257682,30.0
574257683,30.0
574257684,30.0
574257685,30.0
574257720,30.0
574257721,30.0
574257722,30.0
574257723,30.0
574257725,20.0
574268062,30.0
574268063,30.0
574273199,30.0
574273200,30.0
574273201,30.0
574273202,25.0
574273203,25.0
574273204,30.0
574273205,25.0
574273207,30.0
574273209,25.0
574273210,25.0
574273211,25.0
574273212,30.0
574273213,30.0
574273214,25.0
574273215,25.0
574273216,25.0
574273217,25.0
574273219,30.0
574273220,25.0
574273221,30.0
574273222,30.0
574273223,30.0
574273224,25.0
574273225,30.0
574273226,25.0
574273227,30.0
574273228,30.0
574273229,30.0
574273230,30.0
574273231,30.0
574290662,25.0
574290663,25.0
574290664,50.0
574290665,20.0
574290666,20.0
574290667,20.0
574290668,20.0
574290669,20.0
574290670,30.0
574290671,30.0
574290672,30.0
574290673,30.0
574290674,30.0
574290675,20.0
574290676,20.0
574290677,20.0
574290678,30.0
574290679,30.0
574290680,30.0
574290681,30.0
574290682,30.0
574290683,25.0
574290684,25.0
574290685,25.0
574290686,30.0
574290687,30.0
574290688,30.0
574290689,25.0
574290690,30.0
574290691,30.0
574290692,25.0
574290693,30.0
574290694,30.0
574290695,30.0
574290696,50.0
574290697,25.0
574290699,50.0
574290701,30.0
574290702,25.0
574290703,30.0
574290704,25.0
574290705,30.0
574290706,30.0
574290707,30.0
574291715,50.0
574291719,50.0
574292497,30.0
574292499,30.0
574292500,30.0
574292502,30.0
574292504,30.0
574292506,30.0
574292508,30.0
574292510,30.0
574292512,30.0
574292514,30.0
574292516,30.0
574292518,30.0
574292520,30.0
574292521,30.0
574292523,30.0
574292525,30.0
574292527,30.0
574292529,30.0
574292531,30.0
574292533,30.0
574292535,30.0
574292537,30.0
574292539,30.0
574292541,30.0
574292543,30.0
574292544,30.0
574292546,30.0
574292551,30.0
574292554,30.0
574292556,30.0
574292559,30.0
574292560,30.0
574292563,30.0
574292566,30.0
574292570,30.0
574292573,30.0
574292576,30.0
574292578,30.0
574292581,30.0
574298796,30.0
574298797,30.0
574298798,30.0
574298799,30.0
574303169,30.0
574303170,20.0
574303171,20.0
574304551,20.0
574304553,30.0
574304555,30.0
574309993,30.0
574309995,30.0
574309996,30.0
574309998,30.0
574310000,30.0
574310001,30.0
574310003,30.0
574310005,30.0
574310007,30.0
574310009,30.0
574310010,30.0
574310012,30.0
574310014,30.0
574310015,30.0
574310017,30.0
574312843,30.0
574312849,30.0
574312852,30.0
574312854,30.0
574312860,30.0
574312864,30.0
574312868,30.0
574345615,30.0
574345617,30.0
574345619,30.0
574345620,30.0
574345622,30.0
574345623,30.0
574345624,25.0
574345626,25.0
574345629,30.0
574345630,30.0
574345633,30.0
574345636,30.0
574345638,30.0
574345640,30.0
574345642,30.0
574345644,30.0
574345647,30.0
574345649,30.0
574349624,30.0
574349625,25.0
574349626,25.0
574349627,25.0
574349628,30.0
574349629,30.0
574349630,30.0
574349631,30.0
574349632,30.0
574349633,30.0
574349634,30.0
574349635,25.0
574349636,25.0
574349637,25.0
574349638,25.0
574349639,30.0
574354438,30.0
574354439,30.0
574354440,30.0
574354441,30.0
574354442,30.0
574354443,30.0
574354444,30.0
574354445,30.0
574354446,30.0
574354447,30.0
574354448,30.0
574354449,30.0
574354450,30.0
574354451,30.0
574354452,30.0
574354453,30.0
574354454,30.0
574363906,20.0
574363907,20.0
574363908,20.0
574363909,20.0
574363910,20.0
574363911,20.0
574370788,30.0
574370789,30.0
574370790,30.0
574370791,30.0
574370792,30.0
574370793,30.0
574370794,30.0
574370795,30.0
574370796,30.0
574370797,30.0
574370798,30.0
574370799,30.0
574370800,30.0
574370801,30.0
574370802,30.0
574381453,30.0
574381454,30.0
574381455,30.0
574381456,30.0
574381457,30.0
574381458,30.0
574381459,30.0
574381460,30.0
574381461,30.0
574381462,30.0
574381463,30.0
574381464,30.0
574381465,30.0
574381466,30.0
574381467,30.0
574381468,30.0
574381469,30.0
574381470,30.0
574381471,30.0
575392646,30.0
575392647,30.0
575392648,30.0
575392649,30.0
575392650,30.0
575392651,30.0
575395248,30.0
575395249,30.0
575395250,30.0
575395251,30.0
575395252,30.0
575395253,30.0
575395254,30.0
575395255,30.0
575395256,30.0
575395257,30.0
575395258,30.0
575395259,30.0
575395260,30.0
575395261,30.0
575395262,30.0
575395263,30.0
575395264,30.0
575395265,30.0
575395266,30.0
575395267,30.0
575395269,30.0
575395271,30.0
575395272,30.0
575395273,30.0
575395274,30.0
575395275,30.0
575395276,30.0
575395277,30.0
575395278,30.0
575395279,30.0
575395280,30.0
575395281,30.0
575397910,30.0
575397911,30.0
575397912,30.0
575397913,30.0
575397914,30.0
575397915,30.0
575397916,30.0
575397917,30.0
575397918,30.0
575397919,30.0
575397920,30.0
575397921,30.0
575397922,30.0
575397923,30.0
575397924,30.0
575397925,30.0
575397926,30.0
575397927,30.0
575397928,30.0
575397929,30.0
575397930,30.0
575397931,30.0
575402745,30.0
575402746,25.0
575402747,25.0
575402748,30.0
575405223,30.0
575405224,30.0
575405225,30.0
575405226,30.0
575405227,30.0
575405228,30.0
575405229,30.0
575407214,30.0
575407215,30.0
575407216,30.0
575407217,30.0
575407218,30.0
575407219,30.0
575407220,30.0
575407221,30.0
575407222,30.0
575407223,30.0
575407224,30.0
575407225,30.0
575407226,30.0
575407227,30.0
575407228,30.0
575407229,30.0
575407230,30.0
575407231,30.0
575407232,30.0
575407233,30.0
575407234,30.0
575407235,30.0
575407236,30.0
575407237,30.0
575407238,30.0
575407239,30.0
575407240,30.0
575407241,30.0
575407242,30.0
575407243,30.0
575407244,30.0
575407245,30.0
575407246,30.0
575407247,30.0
575407248,30.0
575407249,30.0
575407250,30.0
575407251,30.0
575407252,30.0
575407253,30.0
575407254,30.0
575411653,30.0
575411654,30.0
575411655,30.0
575411656,30.0
575411657,30.0
575411658,30.0
575411659,30.0
575411661,30.0
575411662,30.0
575411663,20.0
575411664,30.0
575411665,30.0
575411666,30.0
575411667,30.0
575411668,30.0
575411669,30.0
575411670,30.0
575411671,30.0
575411672,30.0
575411673,30.0
575411674,30.0
575411675,20.0
575411676,20.0
575411677,20.0
575411678,20.0
575411679,20.0
575411680,30.0
575411681,30.0
575412863,30.0
575412864,30.0
575412865,30.0
575412866,30.0
575412867,30.0
575412868,30.0
575412869,30.0
575412870,30.0
575412871,30.0
575412872,30.0
575412873,30.0
575412874,30.0
575412875,30.0
575412876,30.0
575412877,30.0
575412878,30.0
575412880,30.0
575412881,30.0
575412882,30.0
575412883,30.0
575412884,30.0
575412885,30.0
575412886,30.0
575412887,30.0
575412888,30.0
575412889,30.0
575412890,30.0
575412891,30.0
575412892,30.0
575412893,30.0
575412894,30.0
575412895,30.0
575412896,30.0
575412897,30.0
575412898,30.0
575412899,30.0
575420771,30.0
575420774,30.0
575420776,30.0
575420779,30.0
575420781,30.0
575420783,30.0
575420785,30.0
575420788,30.0
575420789,30.0
575420791,30.0
575420793,30.0
575420795,30.0
575420797,30.0
575420799,30.0
575420801,30.0
575420803,30.0
575420805,30.0
575420807,30.0
575420813,30.0
575420814,30.0
575420816,30.0
575420821,30.0
575420823,30.0
575420825,20.0
575420827,20.0
575420829,20.0
575420831,20.0
575420837,30.0
575420841,20.0
575420843,30.0
575420845,30.0
575420849,30.0
575420854,30.0
575420856,30.0
575424124,25.0
575424126,25.0
575424127,30.0
575424128,30.0
575424129,30.0
575424130,30.0
575424131,30.0
575424132,30.0
575424133,30.0
575424134,30.0
575424135,30.0
575424136,30.0
575424137,30.0
575424138,30.0
575424139,30.0
575424140,30.0
575424141,30.0
575424142,30.0
575424143,30.0
575424144,30.0
575424145,30.0
575424146,30.0
575425534,25.0
575425536,30.0
575425537,30.0
575425538,30.0
575425539,30.0
575425540,30.0
575425541,30.0
575425542,30.0
575425543,30.0
575425544,30.0
575425546,30.0
575425547,30.0
575425548,30.0
575425549,30.0
575425550,30.0
575425551,30.0
575425552,30.0
575425553,30.0
575425555,20.0
575425556,20.0
575425557,20.0
575425558,20.0
575425559,20.0
575425561,20.0
575425563,20.0
575425565,20.0
575425566,20.0
575425567,20.0
575425569,20.0
575425571,20.0
575425573,20.0
575425574,25.0
575425577,25.0
575425579,30.0
575425581,30.0
575425583,30.0
575425584,30.0
575425585,30.0
575426613,30.0
575426614,30.0
575426615,30.0
575426616,30.0
575426617,30.0
575426618,30.0
575426619,30.0
575426620,30.0
575426621,30.0
575426622,30.0
575426623,30.0
575426624,30.0
575426625,30.0
575426626,30.0
575426627,30.0
575426628,30.0
575426629,30.0
575426630,30.0
575426631,30.0
575426632,30.0
575426633,30.0
575426634,30.0
575426635,30.0
575426636,30.0
575426637,30.0
575426638,30.0
575426639,30.0
575426640,30.0
575426641,30.0
575426642,30.0
575428623,20.0
575428624,20.0
575428625,20.0
575428626,20.0
575428627,20.0
575428628,30.0
575428629,20.0
575428630,20.0
575428631,20.0
575428632,20.0
575428633,20.0
575428635,30.0
575428636,30.0
575428637,30.0
575428638,30.0
575428640,30.0
575428641,30.0
575428642,30.0
575428643,30.0
575428644,30.0
575428645,30.0
575428646,30.0
575428647,30.0
575428648,30.0
575428649,30.0
575438214,30.0
575438215,30.0
575438217,30.0
575438218,30.0
575438219,30.0
575438220,25.0
575438221,30.0
575438222,30.0
575438223,30.0
575438224,30.0
575438225,30.0
575438226,30.0
575438227,30.0
575438228,30.0
575438229,30.0
575438230,30.0
575438231,30.0
575438232,30.0
575438233,30.0
575441286,30.0
575441287,30.0
575441288,30.0
575441289,30.0
575441290,30.0
575441291,30.0
575441292,30.0
575441293,30.0
575441294,30.0
575441296,30.0
575441298,30.0
575441300,30.0
575441302,30.0
575441305,30.0
575441307,30.0
575441310,30.0
575441312,30.0
575441313,30.0
575441316,30.0
575441317,30.0
575441320,30.0
575441322,30.0
575441324,30.0
575447481,30.0
575447484,30.0
575447485,30.0
575447486,25.0
575447487,30.0
575447488,30.0
575450913,30.0
575450914,30.0
575450915,30.0
575450916,30.0
575450917,30.0
575450918,30.0
575450919,30.0
575450920,30.0
575450921,30.0
575450922,30.0
575450923,30.0
575450924,30.0
575450925,30.0
575450926,30.0
575450927,30.0
575450928,30.0
575450930,30.0
575450932,30.0
575452454,30.0
575452455,30.0
575452456,30.0
575452457,30.0
575452460,30.0
575452461,30.0
575452462,30.0
575452463,30.0
575452464,30.0
575452465,25.0
575452466,25.0
575452467,25.0
575452468,30.0
575452469,30.0
575452470,20.0
575452471,20.0
575452474,20.0
575452475,20.0
575452476,20.0
575452477,20.0
575452478,30.0
575452479,20.0
575452480,20.0
575452481,30.0
575452482,30.0
575452483,25.0
575455894,30.0
575455896,30.0
575455897,30.0
575455898,30.0
575455899,30.0
575455900,30.0
575455902,30.0
575455903,30.0
575455904,30.0
575455905,30.0
575455906,30.0
575455907,30.0
575455908,30.0
575456294,30.0
575456296,30.0
575456297,30.0
575456299,30.0
575456300,30.0
575456301,30.0
575457831,30.0
575457832,30.0
575457833,30.0
575467945,30.0
575467946,30.0
575467947,30.0
575467948,30.0
575467949,30.0
575467950,30.0
575467951,30.0
575467952,30.0
575467953,30.0
575467954,30.0
575467955,30.0
575467956,30.0
575467957,30.0
575467958,30.0
575467959,30.0
575467960,30.0
575467961,30.0
575467962,30.0
575467963,30.0
575467964,30.0
575467965,30.0
575467966,30.0
575467967,30.0
575467968,30.0
575467969,30.0
575467970,30.0
575467971,30.0
575467972,30.0
575467973,30.0
575467974,30.0
575467975,30.0
575467976,30.0
575467977,30.0
575467978,30.0
575467979,30.0
575470516,30.0
575470518,20.0
575470519,20.0
575470520,20.0
575470521,30.0
575470522,30.0
575470523,30.0
575470524,30.0
575470525,30.0
575470526,30.0
575470527,30.0
575470528,30.0
575470529,30.0
575471830,30.0
575471831,30.0
575471832,30.0
575485656,20.0
575485657,20.0
575485658,30.0
575485659,30.0
575485660,30.0
575485661,30.0
575485662,30.0
575485663,30.0
575485664,30.0
575485665,30.0
575485666,30.0
575485667,30.0
575485668,30.0
575485669,30.0
575485671,30.0
575485672,30.0
575485673,30.0
575485674,30.0
575485675,30.0
575485676,30.0
575485677,30.0
575485678,30.0
575485679,30.0
575485680,30.0
575485681,30.0
575485682,30.0
575485683,30.0
575485684,30.0
575485685,30.0
575485686,30.0
575490670,30.0
575492453,30.0
575492454,30.0
575492455,30.0
575492456,30.0
575492457,30.0
575492459,30.0
575492460,30.0
575492461,30.0
575737858,30.0
575737860,30.0
575737862,30.0
575737864,20.0
575737866,20.0
575737868,30.0
575737869,30.0
575737871,30.0
575737872,30.0
575738578,40.0
575738579,30.0
575738580,30.0
575738584,30.0
575738585,30.0
575738586,30.0
575738588,30.0
575738589,30.0
575738590,30.0
575738591,30.0
575738593,30.0
575738595,30.0
575738596,30.0
575738597,30.0
575738598,30.0
575738599,30.0
575738600,30.0
575738601,30.0
575740480,30.0
575740482,30.0
575742057,30.0
575742058,30.0
575742059,30.0
575742060,30.0
575742061,30.0
575742062,30.0
575742063,30.0
575742064,30.0
575742065,30.0
575742066,30.0
575742067,30.0
575742068,30.0
575742069,30.0
575742070,30.0
575742071,30.0
575742072,30.0
575742073,30.0
575742074,30.0
575742075,30.0
575742076,30.0
575742077,30.0
575745143,30.0
575745144,30.0
575754906,30.0
575754907,30.0
575754908,30.0
575754909,30.0
575754910,30.0
575754911,30.0
575754912,30.0
575754913,30.0
575754914,30.0
575754915,30.0
575754916,30.0
575754917,30.0
575754918,30.0
575754919,30.0
575754920,30.0
575754921,30.0
575754922,30.0
575754923,30.0
575754924,30.0
575754925,30.0
575754926,30.0
575761440,30.0
575761443,30.0
575764345,20.0
575764346,20.0
575764347,30.0
575764348,30.0
575764349,30.0
575764350,30.0
575764351,30.0
575764352,30.0
575764353,30.0
575764354,30.0
575764355,30.0
575764356,30.0
575764357,30.0
575764358,30.0
575764359,30.0
575764360,30.0
575764361,30.0
575764362,30.0
575764363,30.0
575764365,30.0
575764366,30.0
575764367,30.0
575764368,30.0
575764369,30.0
575764370,30.0
575764371,30.0
575769377,30.0
575769378,30.0
575769379,30.0
575769380,30.0
575769381,30.0
575769382,30.0
575769383,30.0
575769384,30.0
575769385,30.0
575769386,30.0
575769387,30.0
575769388,30.0
575769389,30.0
575769390,30.0
575769391,30.0
575769392,30.0
575769393,30.0
575769394,30.0
575769395,30.0
575769396,30.0
575773011,30.0
575773012,30.0
575773013,30.0
575773014,30.0
575773015,30.0
575773016,30.0
575773017,25.0
575773018,30.0
575773019,30.0
575773020,30.0
575773021,30.0
575773022,30.0
575773023,30.0
575773024,30.0
575773025,30.0
575773026,30.0
575773027,30.0
575773028,30.0
575773029,30.0
575773030,30.0
575773032,30.0
575773033,30.0
575773034,30.0
575773037,30.0
575773038,30.0
575773039,30.0
575773040,30.0
575773041,30.0
575773042,30.0
575773043,30.0
575773044,30.0
575773045,30.0
575773046,30.0
575773056,30.0
575773057,30.0
575773058,30.0
575773059,30.0
575773251,30.0
575773252,30.0
575773253,30.0
575773254,30.0
575773255,30.0
575773256,25.0
575773721,30.0
575773722,30.0
575773936,30.0
575773937,30.0
575773938,30.0
575773942,30.0
575773946,30.0
575773948,30.0
575773952,30.0
575773954,30.0
575773956,30.0
575773958,30.0
575773960,30.0
575773962,30.0
575773964,30.0
575773966,30.0
575773969,30.0
575773970,30.0
575773973,30.0
575773974,30.0
575773976,30.0
575773978,30.0
575773980,30.0
575773982,30.0
575773986,30.0
575773988,30.0
575773990,30.0
575774781,30.0
575774782,30.0
575774783,30.0
575774784,30.0
575774787,30.0
575774830,30.0
575774831,30.0
575774832,30.0
575774833,30.0
575774834,30.0
575774835,30.0
575774836,30.0
575774837,30.0
575774838,30.0
575774839,30.0
575774840,30.0
575774841,30.0
575774842,30.0
575774843,30.0
575774844,30.0
575774845,30.0
575774846,30.0
575774847,30.0
575774848,30.0
575774850,30.0
575774852,30.0
575774854,30.0
575777763,30.0
575777764,30.0
575777765,30.0
575777766,30.0
575777767,30.0
575777768,30.0
575777769,30.0
575777770,30.0
575777771,30.0
575777772,30.0
575777773,30.0
575777774,30.0
575777775,30.0
575777776,30.0
575777777,30.0
575777778,30.0
575777779,30.0
575777780,30.0
575777781,30.0
575777782,30.0
575777783,30.0
575777784,30.0
575777785,30.0
575777786,30.0
575777787,30.0
575777788,30.0
575777789,30.0
575778449,30.0
575780741,30.0
575780742,30.0
575780743,30.0
575780744,30.0
575780745,30.0
575780746,30.0
575780747,30.0
575780748,30.0
575780749,30.0
575780750,30.0
575780751,30.0
575780752,30.0
575780753,30.0
575780754,30.0
575780755,30.0
575780756,30.0
575780758,30.0
575780759,30.0
575780760,30.0
575780762,30.0
575780763,30.0
575780764,30.0
575780765,30.0
575780766,30.0
575780767,30.0
575780768,30.0
575780770,20.0
575782721,30.0
575782723,30.0
575782728,25.0
575782730,30.0
575782732,30.0
575782734,30.0
575782735,30.0
575782737,30.0
575782739,30.0
575782741,30.0
575782743,30.0
575782746,30.0
575782749,30.0
575782752,25.0
575782755,30.0
575782759,30.0
575782763,30.0
575782766,30.0
575782770,30.0
575782773,30.0
575782776,30.0
575782778,30.0
575782781,30.0
575782783,30.0
575782786,30.0
575782788,30.0
575782790,30.0
575782792,30.0
575782794,30.0
575782795,30.0
575782797,30.0
575782799,30.0
575782801,30.0
575782803,30.0
575782805,30.0
575782807,30.0
575782809,30.0
575782811,30.0
575782813,30.0
575782814,30.0
575782816,30.0
575782818,30.0
575782820,30.0
575782822,30.0
575782824,30.0
575782826,25.0
575784820,30.0
575784821,30.0
575784822,30.0
575784823,30.0
575784824,30.0
575784825,30.0
575784826,30.0
575784827,30.0
575784828,30.0
575784829,30.0
575784830,30.0
575784831,30.0
575784832,30.0
575784833,30.0
575784834,30.0
575784835,30.0
575787831,25.0
575787833,25.0
575787835,30.0
575787837,30.0
575787839,30.0
575787841,30.0
575787843,30.0
575787844,30.0
575787846,30.0
575787848,30.0
575787849,30.0
575787851,30.0
575787853,30.0
575787855,30.0
575787857,30.0
575787859,30.0
575787861,30.0
575788968,30.0
575788969,30.0
575788970,30.0
575788971,30.0
575790982,30.0
575790983,30.0
575790984,30.0
575790985,30.0
575790986,30.0
575790987,30.0
575790988,30.0
575790989,30.0
575790990,30.0
575790991,30.0
575790992,30.0
575790993,30.0
575790994,30.0
575790995,30.0
575790997,30.0
575790999,30.0
575791001,30.0
575791003,30.0
575791005,30.0
575791007,30.0
575791009,30.0
575791011,30.0
575791013,30.0
575791015,30.0
575791017,30.0
575791019,30.0
575791021,30.0
575791023,30.0
575791024,30.0
575791026,30.0
575791028,30.0
575791030,30.0
575791033,30.0
575791035,30.0
575791037,30.0
575791039,30.0
575791041,30.0
575791042,30.0
575791044,30.0
575792578,30.0
575792579,30.0
575792580,30.0
575792581,30.0
575792582,30.0
575792584,30.0
575792585,30.0
575794438,30.0
575794439,30.0
575794440,20.0
575794441,30.0
575794442,30.0
575794443,30.0
575795968,20.0
575795969,20.0
575795970,30.0
575795971,30.0
575795972,30.0
575795973,30.0
575795974,30.0
575795975,30.0
575795976,30.0
575795980,30.0
575795981,30.0
575795982,30.0
575795984,30.0
575795985,30.0
575795986,30.0
575795987,30.0
575795989,30.0
575795990,30.0
575795991,30.0
575795992,30.0
575796774,30.0
575796775,30.0
575796776,30.0
575796777,30.0
575796778,30.0
575796779,30.0
575796780,30.0
575796781,30.0
575796782,30.0
575798964,30.0
575798965,30.0
575798966,30.0
575798967,30.0
575798968,30.0
575798969,30.0
575798970,30.0
575798971,30.0
575798972,30.0
575798973,30.0
575798974,30.0
575798975,30.0
575798976,30.0
575798977,30.0
575798978,30.0
575798979,30.0
575798980,30.0
575798981,30.0
575798982,30.0
575798983,30.0
575798984,30.0
575798985,30.0
575798986,30.0
575798987,30.0
575798988,30.0
575798989,30.0
575798990,30.0
575798992,30.0
575798994,30.0
575798995,30.0
575798996,30.0
575798997,30.0
575798998,30.0
575798999,30.0
575799000,30.0
575799001,30.0
575799002,30.0
575799003,30.0
575799004,30.0
575799005,30.0
575800443,30.0
575800446,30.0
575802139,30.0
575802140,30.0
575803230,30.0
575803232,30.0
575803233,30.0
575803234,30.0
575803235,30.0
575803236,30.0
575803237,30.0
575803238,30.0
575803239,30.0
575803240,30.0
575803241,30.0
575803242,30.0
575803243,30.0
575803244,30.0
575803245,30.0
575803246,30.0
575803247,30.0
575803248,30.0
575803249,30.0
575803250,30.0
575804677,30.0
575804679,30.0
575804680,25.0
575804683,25.0
575807403,30.0
575807405,30.0
575807407,30.0
575808646,30.0
575808647,30.0
575808648,30.0
575808649,30.0
575808650,30.0
575808651,30.0
575808652,30.0
575808653,30.0
575808654,30.0
575808655,30.0
575809512,30.0
575809513,30.0
575809514,30.0
575809515,20.0
575809516,20.0
575809517,30.0
575809602,30.0
575809603,30.0
575809604,40.0
575814228,30.0
575814229,30.0
575814230,30.0
575814231,30.0
575814232,30.0
575814233,20.0
575814234,30.0
575814235,30.0
575814236,30.0
575814237,30.0
575814238,30.0
575814239,30.0
575818063,30.0
575818064,30.0
575818065,30.0
575818068,30.0
575818069,30.0
575818070,30.0
575818071,30.0
575818072,30.0
575818073,30.0
575818074,30.0
575818075,30.0
575839761,20.0
575839763,30.0
575839765,30.0
575839767,30.0
575839770,30.0
575839772,30.0
575839774,30.0
575839776,30.0
575839779,30.0
575839782,30.0
575839786,30.0
575839788,30.0
575839791,30.0
575839793,30.0
575839795,30.0
575839799,30.0
575839801,30.0
575839804,30.0
575839807,30.0
575839809,30.0
575839812,30.0
575839815,30.0
575839819,30.0
575839822,30.0
575839825,30.0
575839828,30.0
575839830,30.0
575839831,30.0
575839833,30.0
575839835,30.0
575839837,30.0
575840648,30.0
575840649,30.0
575843407,30.0
575843408,30.0
575843409,30.0
575843410,30.0
575843411,30.0
575843412,30.0
575843413,30.0
575843414,30.0
575843415,30.0
575843416,30.0
575847680,40.0
575847681,40.0
575847683,25.0
575847684,30.0
575847685,30.0
575859955,30.0
575859956,30.0
575859957,30.0
575859958,30.0
575859959,30.0
575859960,30.0
575859961,30.0
575859962,30.0
575861697,25.0
575861698,40.0
575861699,25.0
575861700,25.0
575861701,40.0
575861702,40.0
575861703,40.0
575861704,40.0
575861705,25.0
575861706,25.0
575863210,30.0
575863211,40.0
575863212,25.0
575863213,40.0
575866203,30.0
575866204,30.0
575866205,30.0
575866206,40.0
575866207,30.0
575866208,30.0
575866209,30.0
575866210,30.0
575866321,30.0
575866322,30.0
575866323,30.0
575866324,30.0
575866325,30.0
575866326,30.0
575866327,30.0
575866328,30.0
575869907,20.0
575869911,30.0
575869913,30.0
575869915,30.0
575869916,30.0
575869918,30.0
575869920,30.0
575869922,30.0
575869924,30.0
575869925,30.0
575869927,30.0
575869929,30.0
575869931,30.0
575869932,30.0
575869934,30.0
575869935,30.0
575869937,30.0
575869940,30.0
575869942,25.0
575869944,25.0
575869946,25.0
575869949,25.0
575869951,30.0
575869953,25.0
575869955,30.0
575869957,30.0
575869959,30.0
575869961,30.0
575869963,25.0
575869966,30.0
575869968,30.0
575869971,30.0
575870243,30.0
575873004,30.0
575873006,30.0
575873007,30.0
575873008,30.0
575873009,30.0
575873010,30.0
575873011,30.0
575873012,30.0
575873013,30.0
575873014,30.0
576112050,30.0
576112051,30.0
576112052,30.0
576112053,30.0
576112054,20.0
576112055,30.0
576112056,30.0
576112057,30.0
576112059,30.0
576112061,25.0
576113473,30.0
576113474,30.0
576113475,30.0
576113476,30.0
576113477,20.0
576113478,20.0
576113479,20.0
576113480,20.0
576113481,20.0
576113926,30.0
576114212,30.0
576114214,30.0
576114215,20.0
576114216,30.0
576114218,30.0
576114219,30.0
576114221,30.0
576114222,30.0
576114223,30.0
576114225,30.0
576114226,30.0
576114228,30.0
576114229,30.0
576114231,30.0
576115057,30.0
576115059,45.0
576115167,30.0
576115168,30.0
576115169,30.0
576115170,30.0
576115171,30.0
576115172,30.0
576115173,30.0
576115174,25.0
576115175,25.0
576115888,30.0
576115890,30.0
576115892,30.0
576115894,30.0
576115896,30.0
576115898,30.0
576115899,30.0
576115901,30.0
576115902,30.0
576115904,30.0
576115906,30.0
576115907,30.0
576115909,30.0
576115910,30.0
576115912,30.0
576115913,30.0
576115915,30.0
576115916,30.0
576116533,30.0
576116534,30.0
576116535,30.0
576116536,30.0
576116537,30.0
576116538,30.0
576116539,30.0
576116540,30.0
576116541,30.0
576116542,30.0
576116543,30.0
576116544,30.0
576116545,30.0
576116546,30.0
576116547,30.0
576116548,30.0
576116549,30.0
576116550,30.0
576116551,30.0
576116552,30.0
576116553,30.0
576116554,30.0
576116555,30.0
576116556,30.0
576116557,30.0
576116558,30.0
576116559,30.0
576116560,30.0
576116561,30.0
576116562,30.0
576116563,30.0
576116564,30.0
576116565,30.0
576116566,30.0
576116567,30.0
576116568,30.0
576116569,30.0
576116570,30.0
576116571,30.0
576116572,30.0
576116573,30.0
576116574,30.0
576116575,30.0
576116576,30.0
576116577,30.0
576116578,30.0
576116579,30.0
576116580,30.0
576116581,30.0
576116582,30.0
576116583,30.0
576116584,25.0
576116966,30.0
576116967,30.0
576117711,30.0
576117712,30.0
576117877,30.0
576117878,30.0
576117879,30.0
576117880,30.0
576117881,30.0
576117882,30.0
576117883,30.0
576117884,30.0
576117885,30.0
576117886,30.0
576117887,30.0
576117888,30.0
576117889,25.0
576117890,30.0
576117891,30.0
576117892,30.0
576117893,30.0
576117894,30.0
576117895,30.0
576117896,30.0
576117897,30.0
576117898,30.0
576117899,30.0
576117900,30.0
576117901,30.0
576117902,30.0
576117903,30.0
576124103,30.0
576124104,30.0
576124105,30.0
576124106,30.0
576124107,30.0
576124108,30.0
576124109,30.0
576124110,30.0
576124111,30.0
576124112,30.0
576124113,30.0
576124114,30.0
576124115,30.0
576124116,30.0
576124117,30.0
576124118,30.0
576124119,30.0
576124120,30.0
576124121,30.0
576124122,30.0
576124123,30.0
576124226,30.0
576124228,30.0
576124231,30.0
576124233,30.0
576124234,30.0
576124943,30.0
576124944,30.0
576124945,30.0
576124946,30.0
576124947,30.0
576124948,30.0
576124949,30.0
576124950,30.0
576124951,30.0
576124952,30.0
576124953,30.0
576124954,30.0
576124955,30.0
576124956,30.0
576124957,30.0
576124958,30.0
576124959,30.0
576124960,30.0
576124961,30.0
576124962,30.0
576124963,25.0
576125287,30.0
576125288,30.0
576125290,30.0
576125291,30.0
576125292,30.0
576125293,30.0
576125294,25.0
576125295,30.0
576125296,30.0
576125297,30.0
576125298,30.0
576125299,30.0
576125300,30.0
576125301,30.0
576125302,30.0
576125303,30.0
576125304,30.0
576125305,30.0
576125306,30.0
576125307,30.0
576125308,30.0
576125309,30.0
576125310,30.0
576126745,40.0
576126746,30.0
576126747,30.0
576126748,30.0
576126749,30.0
576126751,30.0
576126754,30.0
576126757,30.0
576126759,30.0
576126761,30.0
576126762,30.0
576126764,30.0
576126766,30.0
576128044,30.0
576128045,30.0
576128046,30.0
576128047,30.0
576128048,30.0
576128049,30.0
576128050,30.0
576128051,30.0
576128052,30.0
576128053,30.0
576128054,30.0
576128055,30.0
576128056,30.0
576128057,30.0
576128058,30.0
576128059,30.0
576128060,30.0
576128061,30.0
576128062,30.0
576128063,30.0
576128064,30.0
576128065,30.0
576128066,30.0
576128067,30.0
576128068,30.0
576128069,30.0
576128070,30.0
576128071,30.0
576128072,30.0
576128073,30.0
576128074,30.0
576128075,30.0
576128076,30.0
576128077,30.0
576131343,30.0
576131344,30.0
576131345,30.0
576131346,30.0
576131347,30.0
576131348,40.0
576131349,20.0
576131350,30.0
576131351,40.0
576131352,30.0
576131353,30.0
576133208,30.0
576133209,30.0
576133210,30.0
576133211,30.0
576133212,30.0
576133214,20.0
576133215,30.0
576133216,30.0
576133741,30.0
576133743,30.0
576133745,30.0
576133747,30.0
576133749,30.0
576133751,30.0
576133753,30.0
576133755,30.0
576133757,30.0
576133759,30.0
576133761,30.0
576133762,30.0
576133764,30.0
576135661,30.0
576135662,30.0
576135663,30.0
576135664,30.0
576135665,30.0
576135666,30.0
576135667,30.0
576135668,30.0
576135669,30.0
576135670,30.0
576135671,30.0
576135672,30.0
576135673,30.0
576135674,30.0
576135675,30.0
576135676,30.0
576135677,30.0
576139693,25.0
576140938,30.0
576140939,30.0
576140940,30.0
576140941,30.0
576140942,30.0
576140943,30.0
576140944,30.0
576140945,30.0
576140946,30.0
576140947,30.0
576140948,30.0
576140949,30.0
576140950,30.0
576140951,30.0
576140952,30.0
576140953,30.0
576142324,30.0
576142326,30.0
576142329,30.0
576142333,30.0
576142335,30.0
576142336,30.0
576142338,30.0
576142341,30.0
576142344,30.0
576142346,30.0
576142348,30.0
576142351,30.0
576142353,30.0
576142355,30.0
576142357,30.0
576142359,30.0
576142360,30.0
576142362,30.0
576142363,30.0
576142364,30.0
576142365,30.0
576142366,30.0
576142367,30.0
576142368,30.0
576142369,30.0
576142370,30.0
576142371,30.0
576142372,30.0
576142373,30.0
576142374,24.0
576142375,30.0
576142376,30.0
576142377,24.0
576142378,30.0
576142379,30.0
576142380,30.0
576142381,30.0
576146885,30.0
576146887,30.0
576146889,30.0
576146891,30.0
576146893,30.0
576146895,30.0
576146897,30.0
576146899,30.0
576146901,30.0
576146903,30.0
576146905,30.0
576146907,30.0
576146909,30.0
576146911,30.0
576146913,30.0
576146915,30.0
576146917,30.0
576146919,30.0
576146921,30.0
576146923,30.0
576146925,30.0
576146927,30.0
576146929,30.0
576146932,30.0
576146933,30.0
576146935,30.0
576146937,30.0
576146940,30.0
576146941,30.0
576146943,30.0
576146945,30.0
576147292,30.0
576147293,30.0
576147294,30.0
576147295,30.0
576148764,30.0
576148765,30.0
576148766,30.0
576148767,30.0
576148768,30.0
576148769,30.0
576148770,30.0
576148771,30.0
576148772,30.0
576148773,30.0
576148774,30.0
576148775,30.0
576148776,30.0
576152170,30.0
576152171,30.0
576152172,20.0
576152173,20.0
576152174,20.0
576152175,20.0
576152176,20.0
576152177,20.0
576152178,20.0
576152179,30.0
576152180,30.0
576152181,30.0
576152182,30.0
576152183,30.0
576152184,30.0
576152185,30.0
576152186,30.0
576152187,30.0
576152188,30.0
576152192,30.0
576152193,30.0
576152194,30.0
576152195,30.0
576152196,30.0
576152197,30.0
576152198,30.0
576152199,30.0
576152200,30.0
576152201,30.0
576152202,30.0
576152203,20.0
576152204,20.0
576152205,20.0
576152206,20.0
576152207,20.0
576152208,20.0
576152209,20.0
576152210,20.0
576152211,20.0
576152212,20.0
576152213,20.0
576152214,20.0
576152215,30.0
576152217,30.0
576152218,30.0
576152219,30.0
576152220,25.0
576152221,25.0
576152222,30.0
576152223,30.0
576152225,30.0
576152226,30.0
576152227,25.0
576152228,30.0
576152229,30.0
576152230,30.0
576152231,30.0
576152232,30.0
576152233,30.0
576152234,30.0
576152235,30.0
576152236,30.0
576152237,30.0
576152238,30.0
576152239,30.0
576152240,30.0
576152241,30.0
576152242,30.0
576152243,30.0
576152244,30.0
576152245,30.0
576152246,30.0
576152247,30.0
576152248,30.0
576153134,30.0
576153135,30.0
576153136,30.0
576153137,30.0
576153139,30.0
576153140,30.0
576153141,30.0
576155062,30.0
576155063,30.0
576155064,30.0
576155065,25.0
576155066,20.0
576155067,30.0
576155068,30.0
576155069,30.0
576155070,30.0
576155071,30.0
576155072,30.0
576155073,25.0
576155074,20.0
576155075,20.0
576155076,30.0
576155077,30.0
576155078,30.0
576155079,25.0
576155285,30.0
576155286,30.0
576155287,30.0
576155288,30.0
576155289,30.0
576155290,30.0
576155291,30.0
576155292,30.0
576155293,30.0
576155294,30.0
576155295,30.0
576155296,30.0
576155297,30.0
576155299,24.0
576155302,30.0
576155433,30.0
576155434,30.0
576155435,30.0
576155436,30.0
576155437,30.0
576155438,30.0
576155439,30.0
576155440,30.0
576161159,30.0
576161160,30.0
576161161,30.0
576161162,30.0
576161163,30.0
576161164,30.0
576161165,30.0
576161166,30.0
576161167,30.0
576161168,30.0
576161169,30.0
576161170,30.0
576161171,30.0
576161172,30.0
576161173,30.0
576161174,30.0
576161175,30.0
576161176,30.0
576161177,30.0
576161178,30.0
576161179,30.0
576161180,20.0
576161181,30.0
576161182,30.0
576161183,30.0
576161184,30.0
576161185,30.0
576161186,30.0
576161187,30.0
576161188,30.0
576161189,30.0
576161190,30.0
576161191,30.0
576161192,30.0
576161528,20.0
576161529,30.0
576161531,30.0
576161533,30.0
576161535,30.0
576161537,30.0
576166124,30.0
576166126,30.0
576166129,30.0
576166131,30.0
576166133,30.0
576166134,30.0
576166135,30.0
576166136,30.0
576166137,30.0
576166881,30.0
576166882,30.0
576166883,30.0
576166884,30.0
576166885,30.0
576166886,30.0
576166887,30.0
576166888,30.0
576166889,30.0
576166890,30.0
576166891,30.0
576166892,30.0
576166893,30.0
576166894,30.0
576166895,30.0
576166896,30.0
576166897,30.0
576166898,30.0
576166899,30.0
576166900,30.0
576166901,30.0
576166902,30.0
576166903,30.0
576166904,30.0
576166905,30.0
576166906,30.0
576166907,30.0
576166908,30.0
576166909,30.0
576166910,30.0
576167190,30.0
576167197,30.0
576167198,30.0
576167200,30.0
576167202,30.0
576167204,30.0
576167205,30.0
576167207,30.0
576167208,30.0
576167210,30.0
576167211,30.0
576167212,30.0
576167213,30.0
576167214,30.0
576167215,30.0
576167216,30.0
576167217,30.0
576167218,30.0
576167219,30.0
576167220,30.0
576167221,30.0
576167222,30.0
576167223,30.0
576167224,30.0
576167225,30.0
576167226,30.0
576167227,30.0
576167228,30.0
576167229,30.0
576167230,30.0
576167231,30.0
576167232,30.0
576167233,30.0
576167234,30.0
576167235,30.0
576167236,30.0
576167237,30.0
576167238,30.0
576167239,30.0
576167240,30.0
576167241,30.0
576167242,30.0
576167243,30.0
576167244,30.0
576167245,30.0
576167246,30.0
576167247,30.0
576167248,30.0
576167249,30.0
576167250,30.0
576167251,30.0
576167252,30.0
576167253,30.0
576167254,30.0
576167255,30.0
576170382,30.0
576170383,30.0
576170384,30.0
576170385,30.0
576170386,30.0
576170387,40.0
576170388,40.0
576170389,40.0
576170390,25.0
576170391,25.0
576170392,25.0
576170393,40.0
576170967,30.0
576170968,30.0
576170969,30.0
576170970,30.0
576170971,30.0
576170972,30.0
576170973,30.0
576170974,30.0
576170975,30.0
576170976,30.0
576170977,30.0
576170978,30.0
576170979,30.0
576170980,30.0
576170982,30.0
576170983,30.0
576170985,30.0
576175679,30.0
576175680,30.0
576175681,30.0
576175682,30.0
576175684,30.0
576175685,30.0
576175686,30.0
576175687,30.0
576175688,30.0
576175689,30.0
576175690,30.0
576175691,30.0
576175692,30.0
576175693,30.0
576175694,30.0
576175695,30.0
576175696,30.0
576175697,30.0
576175698,30.0
576175699,30.0
576177388,30.0
576177389,30.0
576177390,30.0
576177391,30.0
576177392,30.0
576177393,30.0
576177395,30.0
576177396,30.0
576177397,30.0
576177398,30.0
576190970,30.0
576190971,30.0
576190972,30.0
576190973,30.0
576190975,30.0
576190976,30.0
576190977,30.0
576190978,30.0
576190979,30.0
576190981,30.0
576190983,30.0
576190984,30.0
576190985,30.0
576190986,30.0
576203992,30.0
576203993,30.0
576203994,30.0
576203995,30.0
576203996,30.0
576203997,30.0
576203998,30.0
576203999,30.0
576204000,30.0
576204001,30.0
576204002,30.0
576204003,30.0
576204004,30.0
576204005,30.0
576204006,30.0
576204007,30.0
576204008,30.0
576204009,30.0
576204010,30.0
576204011,30.0
576204012,30.0
576204013,30.0
576204014,30.0
576204015,30.0
576204016,30.0
576204017,30.0
576204018,30.0
576204019,30.0
576204020,30.0
576204021,30.0
576204022,30.0
576204023,30.0
576204024,30.0
576204025,30.0
576204026,30.0
576204028,30.0
576204030,25.0
576204031,30.0
576204032,30.0
576204033,25.0
576204034,30.0
576204035,25.0
576204036,30.0
576204037,30.0
576204038,30.0
576205969,30.0
576205971,30.0
576205973,30.0
576205975,30.0
576205978,30.0
576205981,30.0
576208627,30.0
576208628,30.0
576208629,30.0
576208631,30.0
576208632,30.0
576208633,30.0
576208634,30.0
576208635,30.0
576208636,30.0
576208637,30.0
576208638,30.0
576208639,30.0
576208640,30.0
576208641,30.0
576208642,30.0
576208644,30.0
576208646,30.0
576208649,30.0
576208652,30.0
576208657,30.0
576208658,30.0
576208661,30.0
576208663,30.0
576208665,30.0
576208667,30.0
576208669,30.0
576208671,30.0
576213872,30.0
576213877,30.0
576213878,30.0
576213880,30.0
576213883,30.0
576213884,20.0
576213885,30.0
576213886,30.0
576213887,30.0
576213888,30.0
576213889,30.0
576213890,30.0
576216321,30.0
576216322,30.0
576216324,30.0
576216325,30.0
576216327,30.0
576216329,30.0
576216330,30.0
576216332,30.0
576216334,30.0
576216336,30.0
576216337,30.0
576216339,30.0
576216341,30.0
576216343,30.0
576216344,30.0
576216346,30.0
576216348,30.0
576216350,30.0
576216352,30.0
576216354,30.0
576216356,30.0
576216358,30.0
576216359,30.0
576216361,30.0
576216362,30.0
576216364,30.0
576216366,30.0
576216368,30.0
576216369,30.0
576216371,30.0
576216372,30.0
576216374,30.0
576216376,30.0
576216377,25.0
576216380,30.0
576216382,30.0
576217393,30.0
576217394,30.0
576217395,30.0
576217396,30.0
576217397,30.0
576217398,30.0
576217399,30.0
576217400,30.0
576217402,30.0
576217403,30.0
576217404,30.0
576217405,30.0
576217406,24.0
576217407,24.0
576217408,30.0
576217409,24.0
576217410,30.0
576217411,24.0
576217412,24.0
576224155,24.0
576224158,30.0
576224160,30.0
576224162,30.0
576224163,30.0
576224165,30.0
576224167,30.0
576224169,24.0
576224356,30.0
576224357,30.0
576224359,30.0
576224361,30.0
576224363,30.0
576226682,30.0
576226684,30.0
576226686,30.0
576226688,30.0
576226690,30.0
576226692,30.0
576226694,30.0
576226695,30.0
576226698,30.0
576226699,30.0
576226701,30.0
576226703,30.0
576226705,30.0
576226707,30.0
576226709,30.0
576226711,30.0
576226713,30.0
576226715,30.0
576226717,30.0
576226719,30.0
576226721,30.0
576226723,30.0
576226725,30.0
576226728,30.0
576226730,30.0
576226733,30.0
576226735,30.0
576226737,30.0
576226738,30.0
576233489,30.0
576233492,30.0
576233495,30.0
576233498,30.0
576233501,30.0
576233509,30.0
576233512,30.0
576233515,30.0
576233518,30.0
576233520,30.0
576233522,30.0
576233524,30.0
576233526,30.0
576233528,30.0
576233531,30.0
576233533,30.0
576233535,30.0
576233538,30.0
576233540,30.0
576233542,30.0
576233543,30.0
576233546,32.0
576234318,30.0
576234320,30.0
576234322,30.0
576234324,30.0
576234326,30.0
576234328,30.0
576234330,30.0
576234332,30.0
576234334,30.0
576234604,30.0
576234605,30.0
576234607,30.0
576234609,30.0
576234611,30.0
576234613,30.0
576234615,30.0
576234617,30.0
576234620,30.0
576234623,30.0
576238014,30.0
576238015,30.0
576238016,30.0
576239944,25.0
576239945,30.0
576239946,30.0
576239947,25.0
576239948,30.0
576239950,30.0
576239951,30.0
576239952,25.0
576249387,25.0
576249390,30.0
576249393,30.0
576249395,30.0
576249398,30.0
576503630,30.0
576503631,30.0
576503632,30.0
576503633,30.0
576503634,30.0
576503635,30.0
576503636,30.0
576503637,30.0
576503638,30.0
576503639,30.0
576503640,30.0
576503641,30.0
576503642,30.0
576503643,30.0
576503644,30.0
576503646,30.0
576504121,30.0
576504242,45.0
576504246,40.0
576504247,30.0
576504248,60.0
576504249,60.0
576504250,60.0
576504252,60.0
576504253,60.0
576504257,60.0
576504258,30.0
576504259,30.0
576504260,30.0
576504261,30.0
576504262,40.0
576504263,40.0
576505553,20.0
576505554,30.0
576505555,30.0
576505556,30.0
576505557,30.0
576505558,30.0
576505559,30.0
576505560,30.0
576505561,30.0
576505562,30.0
576505563,30.0
576505564,20.0
576505565,20.0
576505566,20.0
576505567,30.0
576505568,30.0
576505569,30.0
576506019,30.0
576506021,30.0
576506022,30.0
576506024,30.0
576506026,30.0
576506028,30.0
576506029,30.0
576506030,30.0
576506032,30.0
576506033,30.0
576506035,30.0
576506036,30.0
576506037,40.0
576506038,40.0
576506040,30.0
576506041,30.0
576506042,30.0
576506043,30.0
576507811,30.0
576507812,30.0
576507813,30.0
576507814,30.0
576507815,30.0
576507816,30.0
576507817,24.0
576507818,30.0
576507819,30.0
576509099,30.0
576509100,30.0
576509166,30.0
576509167,30.0
576509168,30.0
576509169,30.0
576509170,30.0
576509171,30.0
576509172,30.0
576509173,30.0
576509174,30.0
576509175,30.0
576509177,30.0
576509179,30.0
576509180,30.0
576509181,20.0
576509182,20.0
576509183,20.0
576509184,30.0
576509185,20.0
576509186,30.0
576509187,30.0
576509957,30.0
576509967,30.0
576509969,30.0
576509975,30.0
576509978,30.0
576509979,30.0
576516598,30.0
576516599,30.0
576516600,30.0
576516601,30.0
576516602,30.0
576516603,30.0
576516604,30.0
576516605,30.0
576516606,30.0
576516607,30.0
576516608,30.0
576516609,30.0
576516610,30.0
576516611,30.0
576516612,30.0
576516613,30.0
576516614,30.0
576516615,30.0
576516616,30.0
576516617,30.0
576516618,30.0
576516619,30.0
576516620,30.0
576516621,30.0
576516622,25.0
576518002,20.0
576518003,30.0
576520558,30.0
576520559,30.0
576520560,30.0
576520561,30.0
576520562,30.0
576520563,30.0
576524321,40.0
576524322,40.0
576524323,30.0
576524325,30.0
576524326,30.0
576524327,30.0
576524328,30.0
576524329,30.0
576524330,30.0
576524331,30.0
576524332,30.0
576524333,30.0
576524334,30.0
576524335,30.0
576524336,30.0
576524337,30.0
576524338,30.0
576524339,30.0
576524340,30.0
576524341,30.0
576524342,30.0
576528412,30.0
576528414,30.0
576528416,30.0
576528475,30.0
576528480,30.0
576528481,30.0
576528482,30.0
576528483,30.0
576528484,30.0
576528485,30.0
576528486,30.0
576528487,30.0
576528488,30.0
576528489,30.0
576528490,30.0
576528494,30.0
576529555,30.0
576529556,30.0
576529557,30.0
576529558,30.0
576529559,30.0
576529560,30.0
576530431,30.0
576530432,30.0
576530433,30.0
576530434,30.0
576530435,30.0
576530437,30.0
576530438,30.0
576530439,30.0
576530440,30.0
576530441,30.0
576530442,30.0
576530443,30.0
576530444,30.0
576533747,30.0
576533748,30.0
576533751,30.0
576533752,30.0
576533754,30.0
576533757,30.0
576534358,30.0
576534359,30.0
576534361,30.0
576534362,30.0
576534363,30.0
576534364,30.0
576534365,40.0
576534366,40.0
576534367,30.0
576534368,30.0
576534369,30.0
576534370,30.0
576534372,25.0
576534374,25.0
576536587,30.0
576536588,30.0
576536589,30.0
576538425,30.0
576538427,30.0
576538429,30.0
576538431,20.0
576538433,20.0
576538435,30.0
576538437,30.0
576538439,20.0
576538441,20.0
576538443,30.0
576538445,30.0
576538448,30.0
576538450,30.0
576538451,30.0
576538453,30.0
576538455,30.0
576538457,30.0
576538460,30.0
576540983,45.0
576540984,45.0
576540985,45.0
576540986,30.0
576541111,30.0
576541112,30.0
576541113,30.0
576541114,30.0
576541115,30.0
576541116,30.0
576543634,25.0
576543635,40.0
576543636,40.0
576543637,40.0
576548071,30.0
576548072,30.0
576548073,30.0
576548074,30.0
576548721,45.0
576548723,25.0
576549639,24.0
576549640,30.0
576549641,30.0
576549643,30.0
576549644,30.0
576549645,30.0
576549646,30.0
576549648,30.0
576549652,30.0
576549653,20.0
576549654,25.0
576549655,40.0
576549656,30.0
576551661,30.0
576551662,25.0
576551664,30.0
576551666,30.0
576551668,30.0
576551670,40.0
576551673,25.0
576551674,25.0
576551676,30.0
576551678,40.0
576551680,30.0
576551683,40.0
576552108,30.0
576552110,30.0
576552112,30.0
576552113,30.0
576552115,30.0
576552118,30.0
576552120,30.0
576552122,30.0
576552124,30.0
576552126,30.0
576552616,30.0
576552618,30.0
576552620,30.0
576552622,30.0
576552623,30.0
576552626,30.0
576552628,30.0
576552630,30.0
576552632,30.0
576552634,30.0
576552637,30.0
576552639,30.0
576552641,30.0
576552643,30.0
576552645,30.0
576552648,30.0
576552650,30.0
576552652,30.0
576552654,30.0
576552657,30.0
576552659,30.0
576552661,30.0
576552663,30.0
576552666,30.0
576552669,30.0
576552671,30.0
576552672,30.0
576552675,30.0
576552676,30.0
576552678,30.0
576552680,30.0
576552683,30.0
576552685,30.0
576552688,30.0
576552690,30.0
576562616,30.0
576562678,30.0
576562679,30.0
576562680,30.0
576562681,30.0
576562682,30.0
576562683,30.0
576562684,30.0
576562685,30.0
576562686,30.0
576562687,30.0
576562688,30.0
576562689,40.0
576562691,25.0
576563567,30.0
576563568,30.0
576563570,30.0
576566724,30.0
576566725,30.0
576566726,30.0
576566727,30.0
576566728,30.0
576566729,30.0
576566730,30.0
576566731,30.0
576566732,30.0
576566733,30.0
576566734,30.0
576566735,30.0
576566736,30.0
576566737,30.0
576566738,30.0
576566739,30.0
576566740,30.0
576566741,25.0
576566742,25.0
576566743,30.0
576566744,30.0
576566745,30.0
576566746,30.0
576566747,30.0
576566748,30.0
576566749,30.0
576566750,30.0
576566751,30.0
576566752,30.0
576566753,30.0
576566754,30.0
576567836,30.0
576567838,30.0
576567839,30.0
576567840,30.0
576567842,30.0
576567844,30.0
576567845,30.0
576567846,30.0
576567847,30.0
576567848,30.0
576567849,30.0
576567850,30.0
576567851,30.0
576567852,30.0
576567853,30.0
576567854,30.0
576567855,30.0
576567856,30.0
576569315,30.0
576569316,30.0
576569317,30.0
576569318,30.0
576569319,30.0
576569320,20.0
576569321,20.0
576569322,20.0
576569323,20.0
576569331,30.0
576569333,30.0
576569335,30.0
576569337,30.0
576569473,30.0
576569474,30.0
576569475,30.0
576569476,30.0
576569477,30.0
576570403,30.0
576570405,30.0
576570407,25.0
576570409,25.0
576570411,30.0
576570413,30.0
576570415,25.0
576570418,25.0
576570421,30.0
576570423,30.0
576570425,30.0
576570427,30.0
576570429,30.0
576570431,30.0
576577269,30.0
576577270,30.0
576577272,30.0
576577273,30.0
576577274,30.0
576577275,30.0
576577276,25.0
576577277,30.0
576577278,30.0
576578606,20.0
576578607,30.0
576578608,30.0
576578609,30.0
576578610,30.0
576578611,30.0
576578612,30.0
576578613,20.0
576578614,20.0
576578615,20.0
576578616,20.0
576578617,20.0
576578618,20.0
576578619,20.0
576578620,20.0
576578621,20.0
576578622,20.0
576578623,20.0
576578624,30.0
576578625,30.0
576578626,30.0
576578627,20.0
576578628,20.0
576578629,20.0
576578630,20.0
576578631,20.0
576578632,20.0
576578633,30.0
576578634,20.0
576578635,20.0
576578636,20.0
576578637,20.0
576578638,20.0
576578639,20.0
576578640,30.0
576578641,30.0
576578642,20.0
576578643,20.0
576578644,20.0
576578645,20.0
576578646,20.0
576578647,20.0
576578648,20.0
576578649,20.0
576578650,20.0
576578651,20.0
576578652,20.0
576578653,20.0
576578654,20.0
576578655,20.0
576578656,20.0
576578657,20.0
576578658,30.0
576578659,30.0
576578660,30.0
576578661,30.0
576578662,30.0
576578663,30.0
576578664,30.0
576578665,30.0
576578666,30.0
576578667,30.0
576578668,30.0
576578669,30.0
576578670,30.0
576578671,30.0
576578672,30.0
576578673,30.0
576578674,30.0
576578675,30.0
576578676,30.0
576578677,30.0
576578678,30.0
576578679,30.0
576578680,30.0
576578681,25.0
576578682,25.0
576578683,30.0
576578684,30.0
576578685,30.0
576578686,30.0
576580509,30.0
576580510,30.0
576580511,30.0
576580512,30.0
576580513,30.0
576580514,30.0
576580515,30.0
576580516,30.0
576580517,30.0
576580518,30.0
576580519,30.0
576580520,30.0
576580521,30.0
576580522,20.0
576580523,20.0
576580524,20.0
576580525,20.0
576580526,20.0
576580527,20.0
576580528,20.0
576580529,20.0
576580530,20.0
576580531,30.0
576580532,20.0
576580533,20.0
576580534,20.0
576580535,20.0
576580536,20.0
576580537,20.0
576580538,30.0
576580539,30.0
576580540,30.0
576580541,30.0
576580798,25.0
576580799,30.0
576580800,30.0
576580801,30.0
576580802,30.0
576580803,30.0
576580804,30.0
576580805,30.0
576580806,30.0
576580807,30.0
576580808,30.0
576580809,30.0
576580810,30.0
576580811,30.0
576580812,30.0
576580813,30.0
576580814,30.0
576580815,30.0
576596607,30.0
576596608,30.0
576596609,30.0
576596610,24.0
576596611,30.0
576596612,30.0
576596613,30.0
576596614,30.0
576596615,30.0
576602135,20.0
576602136,30.0
576602137,30.0
576602138,30.0
576602139,30.0
576602141,30.0
576602143,30.0
576602145,30.0
576602146,30.0
576602149,20.0
576602150,20.0
576602151,20.0
576602152,20.0
576602153,20.0
576602154,20.0
576602155,20.0
576602156,20.0
576602157,20.0
576602158,20.0
576602159,20.0
576602161,20.0
576602163,20.0
576602165,30.0
576602167,30.0
576602169,30.0
576602172,30.0
576602173,30.0
576602174,30.0
576602175,30.0
576602176,30.0
576602177,30.0
576602178,30.0
576602179,30.0
576606966,30.0
576606968,30.0
576606971,30.0
576606973,30.0
576606975,30.0
576606976,30.0
576606979,30.0
576606981,30.0
576606983,30.0
576606985,30.0
576608618,24.0
576608625,40.0
576608638,30.0
576613302,30.0
576613303,30.0
576613304,30.0
576613305,30.0
576613306,30.0
576613307,30.0
576613308,30.0
576613309,30.0
576613310,30.0
576613311,30.0
576613312,30.0
576613313,30.0
576613314,30.0
576613315,30.0
576613316,30.0
576613317,30.0
576620780,30.0
576620782,30.0
576620786,30.0
576620788,30.0
576620792,30.0
576620795,30.0
576620797,30.0
576620800,30.0
576620805,30.0
576620810,20.0
576623486,30.0
576623487,30.0
576623488,30.0
576623489,30.0
576623490,30.0
576623491,30.0
576623492,30.0
576623494,30.0
576623496,30.0
576623497,30.0
576624419,30.0
576624422,30.0
576624424,30.0
576624434,30.0
576624437,30.0
576624438,30.0
576624441,30.0
576624447,30.0
576624450,30.0
576624453,30.0
576624456,30.0
576624459,30.0
576624462,30.0
576624465,30.0
576624468,30.0
576624473,30.0
576624476,30.0
576624479,30.0
576624484,30.0
576624488,30.0
576624493,30.0
576624497,30.0
576627311,30.0
576627312,30.0
576628310,30.0
576628313,30.0
576628316,30.0
576628319,30.0
576628322,30.0
576629458,30.0
576629460,30.0
576629462,30.0
576629464,30.0
576629465,30.0
576629467,30.0
576629469,30.0
576629470,30.0
576629471,30.0
576629472,30.0
576629473,30.0
576629474,30.0
576629475,30.0
576629476,30.0
576629477,30.0
576629478,60.0
576629479,60.0
576629480,60.0
576629481,60.0
576629484,36.0
576629487,36.0
576629489,30.0
576632300,30.0
576818876,30.0
576818877,30.0
576818878,30.0
576818879,30.0
576920175,30.0
576920176,30.0
576920177,30.0
576920178,30.0
576920179,30.0
576930624,30.0
576930625,20.0
576930627,20.0
576930629,20.0
576930630,20.0
576930632,30.0
576930633,30.0
576930634,30.0
576930637,30.0
576930638,30.0
576930640,30.0
576930641,30.0
576935021,30.0
576935022,40.0
576935023,40.0
576935024,40.0
576935025,40.0
576935027,30.0
576935029,25.0
576935030,30.0
576935031,30.0
576935032,30.0
576935033,30.0
576936139,25.0
576936141,25.0
576937079,30.0
576937080,30.0
576937081,30.0
576937082,30.0
576937083,30.0
576937084,30.0
576937085,30.0
576937086,30.0
576937087,30.0
576938013,25.0
576938014,25.0
576938015,24.0
576938469,30.0
576938470,30.0
576938471,30.0
576938472,30.0
576938473,30.0
576938474,30.0
576938475,30.0
576938476,30.0
576938477,30.0
576938478,30.0
576938479,30.0
576938480,30.0
576938481,30.0
576938482,30.0
576938483,30.0
576938484,30.0
576938485,30.0
576938486,30.0
576938487,30.0
576938488,30.0
576938489,30.0
576938499,30.0
576938500,30.0
576938501,30.0
576938502,30.0
576938503,30.0
576938504,30.0
576938505,30.0
576938506,30.0
576938507,30.0
576938508,30.0
576938509,30.0
576938510,30.0
576938511,30.0
576938512,30.0
576938513,30.0
576940338,30.0
576940339,30.0
576940340,30.0
576940341,30.0
576940342,30.0
576940345,30.0
576940346,30.0
576940347,30.0
576940348,20.0
576940349,20.0
576940350,20.0
576940351,20.0
576940352,20.0
576940353,20.0
576940354,20.0
576940355,20.0
576940356,30.0
576940357,30.0
576940358,30.0
576940359,30.0
576940360,30.0
576940361,30.0
576943044,30.0
576943045,30.0
576943046,30.0
576943047,30.0
576943048,30.0
576943049,30.0
576943050,30.0
576943051,30.0
576943052,30.0
576943053,30.0
576943054,30.0
576943056,30.0
576943057,30.0
576943058,30.0
576943059,30.0
576943060,30.0
576943061,30.0
576943062,30.0
576943063,30.0
576943064,30.0
576943065,30.0
576943066,30.0
576949637,30.0
576949638,30.0
576949639,30.0
576949640,30.0
576949641,30.0
576949642,30.0
576949643,30.0
576949644,30.0
576949645,30.0
576949646,30.0
576949647,30.0
576949648,30.0
576949649,30.0
576949650,30.0
576949651,30.0
576949652,30.0
576949653,30.0
576950001,30.0
576950002,30.0
576950902,30.0
576950903,30.0
576950904,30.0
576950906,30.0
576950914,30.0
576950917,30.0
576950919,30.0
576950921,30.0
576950927,30.0
576950937,30.0
576950939,30.0
576951255,24.0
576951256,30.0
576951257,25.0
576951644,30.0
576951645,30.0
576951646,30.0
576951647,30.0
576951648,30.0
576951649,45.0
576951650,24.0
576951651,24.0
576951652,30.0
576951653,30.0
576952166,30.0
576952167,30.0
576952168,30.0
576952169,30.0
576952170,30.0
576952171,30.0
576952173,30.0
576952174,30.0
576952175,30.0
576952176,30.0
576952177,30.0
576952178,30.0
576952179,30.0
576952181,30.0
576952182,30.0
576952183,30.0
576952184,30.0
576952185,30.0
576952186,30.0
576952188,30.0
576952189,30.0
576952190,30.0
576952191,30.0
576952192,30.0
576952193,30.0
576953394,30.0
576953395,30.0
576953396,30.0
576954417,30.0
576954418,30.0
576954423,30.0
576954424,30.0
576954425,30.0
576954427,30.0
576954430,30.0
576954431,30.0
576954432,30.0
576954433,30.0
576954434,30.0
576954435,30.0
576954436,30.0
576954437,30.0
576955462,30.0
576955464,30.0
576955467,30.0
576955469,30.0
576955472,30.0
576955507,30.0
576955508,30.0
576955509,30.0
576955510,30.0
576955511,30.0
576955512,30.0
576955513,30.0
576955514,30.0
576955515,30.0
576955516,30.0
576955517,30.0
576955518,30.0
576955519,30.0
576955520,30.0
576955521,25.0
576955522,30.0
576955523,30.0
576955524,45.0
576955525,45.0
576955963,20.0
576955973,30.0
576955975,30.0
576955982,24.0
576956943,30.0
576956944,30.0
576956945,30.0
576956947,30.0
576956948,30.0
576956949,30.0
576956950,30.0
576956951,30.0
576956952,30.0
576956953,30.0
576956955,30.0
576956957,30.0
576956959,30.0
576956960,30.0
576956961,30.0
576956962,25.0
576956963,30.0
576956964,25.0
576956965,30.0
576956966,30.0
576956967,30.0
576956968,30.0
576956969,30.0
576956970,30.0
576956971,30.0
576956972,30.0
576956973,30.0
576956974,30.0
576956975,30.0
576959751,30.0
576959752,30.0
576959753,30.0
576959754,30.0
576964314,30.0
576964315,30.0
576964316,30.0
576964317,30.0
576964318,30.0
576964319,30.0
576964320,30.0
576964321,30.0
576964322,25.0
576964323,25.0
576964324,30.0
576964326,30.0
576964327,30.0
576964328,30.0
576964329,30.0
576964330,30.0
576964331,30.0
576964332,30.0
576964333,30.0
576964334,30.0
576964335,30.0
576964336,30.0
576964337,30.0
576964338,30.0
576964645,30.0
576964646,30.0
576964649,30.0
576964650,30.0
576964653,30.0
576964655,30.0
576964657,30.0
576964659,30.0
576964660,30.0
576964663,30.0
576964664,30.0
576964666,30.0
576964668,30.0
576964670,30.0
576964672,30.0
576964674,30.0
576964676,30.0
576965916,30.0
576965919,30.0
576965921,25.0
576965923,30.0
576965924,30.0
576965925,30.0
576965926,30.0
576965927,30.0
576965928,30.0
576965929,30.0
576965930,30.0
576971620,30.0
576971718,30.0
576971719,30.0
576971720,30.0
576971721,30.0
576971722,30.0
576971723,30.0
576971724,30.0
576971725,30.0
576971726,30.0
576971727,30.0
576971728,30.0
576971729,30.0
576971730,30.0
576971731,30.0
576971732,30.0
576971733,30.0
576971734,30.0
576971735,30.0
576971736,30.0
576971737,30.0
576973606,30.0
576973608,50.0
576973609,50.0
576973611,20.0
576973613,20.0
576973614,20.0
576973615,20.0
576973616,30.0
576973618,20.0
576973620,20.0
576973622,20.0
576973624,20.0
576973625,20.0
576973626,20.0
576973628,20.0
576973630,20.0
576973631,20.0
576973634,25.0
576973635,25.0
576973636,25.0
576973638,25.0
576973641,30.0
576973643,30.0
576973644,20.0
576973646,20.0
576973648,30.0
576973650,25.0
576973652,30.0
576973653,30.0
576973655,30.0
576973656,30.0
576973658,30.0
576973660,30.0
576973661,30.0
576973662,30.0
576973664,30.0
576973666,30.0
576973668,30.0
576973669,30.0
576973670,30.0
576973672,30.0
576973673,25.0
576973674,30.0
576973676,30.0
576973681,30.0
576973682,30.0
576973684,30.0
576973685,25.0
576973686,30.0
576973688,30.0
576974410,30.0
576974411,30.0
576974412,30.0
576974413,30.0
576974414,30.0
576974415,30.0
576974416,30.0
576974417,30.0
576974419,30.0
576974420,30.0
576974421,30.0
576974422,30.0
576974423,30.0
576974424,30.0
576974425,30.0
576974426,30.0
576974427,30.0
576974428,30.0
576974711,40.0
576974712,40.0
576974713,40.0
576974714,30.0
576974716,40.0
576977848,30.0
576977850,30.0
576979127,20.0
576979128,20.0
576979130,30.0
576979134,25.0
576979135,20.0
576979136,20.0
576979137,20.0
576979138,30.0
576979139,30.0
576979140,30.0
576979141,20.0
576979142,20.0
576979143,20.0
576979144,20.0
576979145,30.0
576979146,30.0
576979147,20.0
576979148,20.0
576979149,20.0
576979150,20.0
576979151,20.0
576979152,20.0
576979153,20.0
576979154,20.0
576980391,30.0
576980392,30.0
576980393,30.0
576980394,30.0
576980395,30.0
576980396,30.0
576980397,30.0
576980398,30.0
576980399,30.0
576980400,30.0
576980401,30.0
576980403,30.0
576980404,30.0
576980406,30.0
576980408,30.0
576980410,30.0
576980412,30.0
576980414,30.0
576980415,30.0
576980420,30.0
576980422,20.0
576980424,30.0
576980426,30.0
576980427,25.0
576980428,25.0
576980429,25.0
576980430,25.0
576980431,20.0
576982063,30.0
576982252,30.0
576982253,30.0
576982256,30.0
576982257,30.0
576982258,30.0
576982259,30.0
576982260,30.0
576982261,30.0
576982262,30.0
576982263,30.0
576982264,30.0
576982265,30.0
576982266,30.0
576982268,30.0
576982269,30.0
576982270,30.0
576982271,30.0
576982272,30.0
576982273,30.0
576982274,30.0
576982275,30.0
576982276,30.0
576982277,30.0
576982278,30.0
576982279,30.0
576983114,30.0
576983116,30.0
576983119,30.0
576983121,30.0
576983123,30.0
576983125,30.0
576983126,30.0
576983128,30.0
576983130,30.0
576983132,30.0
576983134,30.0
576983136,30.0
576983138,30.0
576983139,30.0
576983141,30.0
576983143,30.0
576983145,30.0
576983147,30.0
576983149,30.0
576983151,30.0
576983152,30.0
576983155,30.0
576983158,30.0
576983160,30.0
576983161,30.0
576983344,30.0
576983345,30.0
576983346,30.0
576983347,20.0
576983348,20.0
576983349,30.0
576985033,30.0
576985034,25.0
576985036,25.0
576985037,25.0
576985039,25.0
576985040,25.0
576985042,25.0
576985045,30.0
576985046,30.0
576985049,30.0
576996028,30.0
576996029,30.0
576996030,30.0
576996031,30.0
576996032,30.0
576996033,30.0
576996034,30.0
576996035,30.0
576996036,30.0
576996037,30.0
576996039,30.0
576996040,30.0
576996042,30.0
576996043,30.0
576996044,30.0
576996045,30.0
576996046,30.0
576996047,30.0
576996048,30.0
576996049,30.0
576996050,20.0
576996051,20.0
576996052,20.0
576996053,30.0
576996054,30.0
577003899,30.0
577003900,25.0
577003901,30.0
577004373,20.0
577004374,20.0
577004375,20.0
577004376,20.0
577004377,20.0
577004378,20.0
577004379,20.0
577004380,30.0
577011811,30.0
577011812,30.0
577011813,30.0
577011814,30.0
577011815,30.0
577011816,30.0
577011817,25.0
577011818,30.0
577011819,25.0
577012241,20.0
577012242,20.0
577012243,20.0
577012244,20.0
577012245,20.0
577012246,20.0
577012247,30.0
577012248,30.0
577012249,20.0
577012250,30.0
577012251,30.0
577012252,30.0
577012253,30.0
577012254,30.0
577012255,30.0
577012256,30.0
577012257,30.0
577012258,30.0
577012259,30.0
577012260,30.0
577012261,30.0
577012262,30.0
577012263,30.0
577012264,30.0
577012265,30.0
577012266,30.0
577012267,30.0
577012268,30.0
577012269,30.0
577012270,30.0
577012271,30.0
577012272,30.0
577012273,30.0
577012274,30.0
577012275,30.0
577012276,30.0
577012277,30.0
577012278,30.0
577012279,30.0
577012280,30.0
577012281,30.0
577012282,30.0
577012283,30.0
577012284,30.0
577012285,30.0
577012286,30.0
577012287,30.0
577012288,30.0
577012289,30.0
577012290,30.0
577014339,30.0
577014340,16.0
577014341,20.0
577019090,30.0
577019091,30.0
577019092,30.0
577019093,30.0
577019094,30.0
577019095,30.0
577019096,30.0
577019097,30.0
577019098,30.0
577019099,30.0
577019100,30.0
577019101,30.0
577019102,25.0
577023255,30.0
577023256,30.0
577023257,30.0
577023258,30.0
577023259,30.0
577023260,30.0
577023261,30.0
577023262,30.0
577023263,30.0
577023264,30.0
577023265,30.0
577023266,30.0
577023268,30.0
577023270,30.0
577023271,30.0
577024480,20.0
577024482,30.0
577024483,30.0
577024485,30.0
577024487,20.0
577024488,20.0
577024489,20.0
577024490,20.0
577024492,30.0
577024493,30.0
577024494,30.0
577024495,30.0
577024496,30.0
577024498,30.0
577024499,30.0
577024500,30.0
577024501,30.0
577024503,30.0
577024504,30.0
577024506,30.0
577024507,30.0
577024508,30.0
577024510,30.0
577024512,30.0
577024514,25.0
577024515,30.0
577027051,30.0
577027053,20.0
577027054,30.0
577027056,30.0
577027059,30.0
577027063,30.0
577027065,30.0
577027067,30.0
577027069,30.0
577027073,30.0
577027075,30.0
577027077,30.0
577027079,30.0
577027083,20.0
577027085,20.0
577027087,20.0
577027088,20.0
577027090,20.0
577027092,30.0
577027093,30.0
577027096,30.0
577027098,30.0
577027102,30.0
577027104,30.0
577028382,45.0
577028383,30.0
577028384,30.0
577028385,30.0
577028386,30.0
577028387,30.0
577028388,30.0
577028389,20.0
577028390,30.0
577028391,30.0
577028393,30.0
577028394,30.0
577030449,30.0
577030450,25.0
577040842,30.0
577040843,30.0
577040844,30.0
577040845,30.0
577040846,30.0
577040847,30.0
577040848,30.0
577040849,30.0
577040850,30.0
577040851,30.0
577040852,30.0
577040853,30.0
577040854,30.0
577040855,30.0
577040856,30.0
577040857,30.0
577040858,30.0
577040859,30.0
577040860,30.0
577040861,30.0
577040862,30.0
577040863,30.0
577040864,25.0
577040865,30.0
577040866,30.0
577040867,30.0
577040868,30.0
577040869,30.0
577040870,30.0
577040871,30.0
577040872,24.0
577040873,30.0
577040874,30.0
577042437,30.0
577042439,30.0
577042773,30.0
577042775,30.0
577042778,25.0
577258503,45.0
577886236,20.0
577886237,20.0
577886238,20.0
577886240,20.0
577886241,20.0
577886243,20.0
577886244,20.0
577886245,20.0
577886247,20.0
577886248,20.0
577886249,20.0
577886250,20.0
577886252,20.0
577886254,30.0
577886255,20.0
577887498,60.0
577887499,60.0
577887500,60.0
577887501,60.0
577887502,30.0
577887503,30.0
577887504,30.0
577887558,25.0
577887559,25.0
577887560,30.0
577887561,30.0
577887562,30.0
577887563,30.0
577887564,30.0
577887565,30.0
577887566,30.0
577887567,30.0
577887568,30.0
577888144,30.0
577888145,30.0
577888146,30.0
577888149,30.0
577888150,30.0
577888151,30.0
577888152,30.0
577888153,30.0
577888154,30.0
577888155,30.0
577888156,30.0
577888157,30.0
577888158,30.0
577888159,30.0
577888160,30.0
577888161,30.0
577888162,30.0
577888163,30.0
577888164,30.0
577888165,30.0
577888167,30.0
577888168,30.0
577888169,30.0
577888170,30.0
577889141,30.0
577889142,30.0
577889143,30.0
577889144,30.0
577890506,30.0
577891488,30.0
577891489,30.0
577891490,30.0
577891491,30.0
577891492,30.0
577891493,30.0
577891494,30.0
577891495,30.0
577891496,30.0
577891497,30.0
577891500,45.0
577891501,45.0
577891502,30.0
577891503,45.0
577891504,30.0
577891505,30.0
577891506,30.0
577891507,30.0
577891508,30.0
577891509,30.0
577891510,30.0
577891511,30.0
577891512,30.0
577891513,30.0
577891514,30.0
577891515,30.0
577891516,30.0
577891517,30.0
577891518,30.0
577891519,30.0
577891520,30.0
577891521,30.0
577891522,30.0
577891523,30.0
577891524,30.0
577891525,45.0
577891526,45.0
577891527,45.0
577891587,30.0
577891588,30.0
577891589,30.0
577891593,30.0
577891594,30.0
577891595,30.0
577891596,30.0
577891597,30.0
577891598,30.0
577891599,30.0
577891600,30.0
577891601,30.0
577891602,30.0
577891603,30.0
577891604,30.0
577891605,30.0
577891606,30.0
577892621,30.0
577892622,30.0
577892623,30.0
577892624,30.0
577892625,30.0
577892626,30.0
577892628,30.0
577892629,30.0
577892630,30.0
577892631,30.0
577892632,30.0
577892633,30.0
577892634,30.0
577892635,30.0
577892636,30.0
577892637,30.0
577892638,30.0
577892639,30.0
577892640,30.0
577895924,30.0
577895925,30.0
577897119,30.0
577897121,30.0
577897122,30.0
577897124,30.0
577897126,30.0
577897128,30.0
577897129,30.0
577897131,30.0
577897133,30.0
577897135,30.0
577897136,30.0
577897138,30.0
577897139,30.0
577897142,30.0
577897144,30.0
577897145,30.0
577897147,30.0
577897148,30.0
577897150,30.0
577898788,30.0
577898789,30.0
577898790,30.0
577898791,30.0
577898792,30.0
577898793,30.0
577898794,30.0
577898795,30.0
577898796,30.0
577898797,30.0
577898798,30.0
577898799,30.0
577898800,30.0
577898801,30.0
577898802,30.0
577898803,30.0
577898804,30.0
577898805,30.0
577898806,30.0
577898807,30.0
577898808,30.0
577898809,30.0
577898810,30.0
577898811,30.0
577898812,30.0
577898813,30.0
577898815,20.0
577898816,30.0
577898817,30.0
577898818,30.0
577898819,30.0
577898820,30.0
577898821,30.0
577898822,30.0
577898823,30.0
577898824,30.0
577898825,30.0
577898826,30.0
577898828,30.0
577898829,30.0
577898830,30.0
577898831,30.0
577898832,30.0
577909620,30.0
577909621,30.0
577909622,30.0
577909623,30.0
577909624,30.0
577909625,30.0
577909626,30.0
577909627,30.0
577909628,30.0
577909629,30.0
577909630,30.0
577909631,30.0
577909632,30.0
577909633,30.0
577909634,30.0
577909635,30.0
577909636,30.0
577909932,30.0
577909933,30.0
577909934,30.0
577909935,30.0
577909936,30.0
577909937,30.0
577909938,30.0
577909939,30.0
577909940,30.0
577909941,30.0
577909942,30.0
577909943,30.0
577909944,30.0
577909945,30.0
577909946,30.0
577909947,30.0
577909948,30.0
577909949,30.0
577909950,30.0
577909951,30.0
577909952,30.0
577909953,30.0
577909954,30.0
577909955,30.0
577909956,30.0
577910813,30.0
577910819,30.0
577910821,30.0
577910822,30.0
577910824,30.0
577910826,30.0
577910828,30.0
577910830,30.0
577910831,30.0
577910834,30.0
577910836,30.0
577910838,30.0
577910840,30.0
577910842,30.0
577910844,30.0
577910845,30.0
577910846,30.0
577910847,30.0
577910848,30.0
577910849,30.0
577910850,30.0
577910851,30.0
577910852,30.0
577910853,30.0
577910854,30.0
577910855,30.0
577910856,30.0
577910857,30.0
577910858,30.0
577910859,30.0
577910860,30.0
577910861,30.0
577910862,30.0
577910864,25.0
577910865,30.0
577912758,30.0
577912759,30.0
577912760,30.0
577912761,30.0
577912762,30.0
577912763,30.0
577912764,30.0
577912765,30.0
577912766,30.0
577912767,30.0
577912768,30.0
577912769,30.0
577912770,30.0
577912771,30.0
577912772,30.0
577912773,30.0
577912774,30.0
577912775,30.0
577912776,30.0
577912778,30.0
577912780,30.0
577912781,30.0
577912783,30.0
577912784,30.0
577912785,30.0
577912786,30.0
577912787,30.0
577912788,30.0
577912789,30.0
577912790,30.0
577912796,30.0
577912797,30.0
577912799,30.0
577912800,30.0
577912802,30.0
577912803,30.0
577912804,30.0
577912805,30.0
577912806,30.0
577912807,30.0
577912808,30.0
577912809,30.0
577912810,30.0
577912811,30.0
577912812,30.0
577912813,30.0
577912814,30.0
577912815,30.0
577912816,30.0
577912817,30.0
577912818,30.0
577912819,30.0
577912820,30.0
577912821,30.0
577912822,30.0
577917693,30.0
577917694,30.0
577917697,30.0
577917698,30.0
577917699,25.0
577917700,30.0
577917701,30.0
577917702,30.0
577918737,30.0
577918740,30.0
577918745,30.0
577918746,30.0
577920088,25.0
577920089,25.0
577920090,30.0
577920091,30.0
577920092,30.0
577920093,30.0
577920094,30.0
577920095,30.0
577920096,30.0
577920097,30.0
577920099,30.0
577920100,30.0
577920101,30.0
577920102,30.0
577920103,30.0
577920104,30.0
577920105,30.0
577920820,30.0
577920821,30.0
577920822,30.0
577920823,30.0
577920824,30.0
577920825,30.0
577920826,30.0
577920827,30.0
577920828,30.0
577920829,25.0
577920830,30.0
577920831,30.0
577920832,30.0
577920833,30.0
577920834,30.0
577920835,30.0
577922039,30.0
577922040,30.0
577922041,30.0
577922042,30.0
577922043,30.0
577922044,30.0
577922045,30.0
577922046,30.0
577922279,30.0
577922280,30.0
577922281,30.0
577922282,30.0
577922283,30.0
577922284,30.0
577922285,30.0
577922288,30.0
577922289,30.0
577922292,30.0
577922293,30.0
577922295,30.0
577922296,30.0
577922297,30.0
577922298,30.0
577922299,30.0
577922300,30.0
577922301,30.0
577922302,30.0
577922303,30.0
577922304,30.0
577922306,30.0
577922307,30.0
577922308,30.0
577922309,30.0
577922310,30.0
577922311,30.0
577922312,30.0
577922313,30.0
577922314,30.0
577923664,30.0
577923665,30.0
577923666,30.0
577923667,30.0
577923668,30.0
577923669,30.0
577923670,30.0
577923671,30.0
577923672,30.0
577923673,30.0
577923674,30.0
577923675,30.0
577923676,30.0
577923677,30.0
577923678,30.0
577923679,30.0
577923680,30.0
577923681,30.0
577923682,30.0
577923683,30.0
577923684,30.0
577923685,30.0
577923686,30.0
577923687,30.0
577923688,30.0
577923689,30.0
577923690,30.0
577923691,30.0
577923692,30.0
577923693,30.0
577923694,30.0
577923695,30.0
577923697,40.0
577923698,40.0
577923699,30.0
577927500,30.0
577927501,30.0
577927502,30.0
577927503,30.0
577927504,30.0
577927505,30.0
577927508,30.0
577927509,30.0
577927510,30.0
577927511,30.0
577927513,30.0
577927514,30.0
577927515,30.0
577927516,30.0
577927517,30.0
577927518,30.0
577927519,30.0
577927520,30.0
577927521,30.0
577927522,30.0
577927523,30.0
577927524,30.0
577927525,30.0
577927526,30.0
577927527,30.0
577927529,30.0
577927530,30.0
577927532,30.0
577927533,30.0
577927534,30.0
577927535,30.0
577927536,30.0
577927537,30.0
577927538,30.0
577927539,30.0
577927540,30.0
577927541,30.0
577927542,30.0
577927543,30.0
577927544,30.0
577927545,30.0
577927644,25.0
577927645,30.0
577927646,30.0
577927647,30.0
577927649,30.0
577927650,30.0
577927651,30.0
577927652,30.0
577930043,20.0
577930045,30.0
577930046,30.0
577930048,25.0
577930049,30.0
577930050,30.0
577930051,30.0
577930052,30.0
577930053,30.0
577930054,30.0
577930055,30.0
577930056,30.0
577930057,30.0
577930058,25.0
577930059,30.0
577930060,30.0
577930062,30.0
577930064,30.0
577930065,25.0
577930066,25.0
577930067,25.0
577930068,25.0
577933331,30.0
577933332,30.0
577933334,30.0
577933335,30.0
577933336,30.0
577933337,30.0
577933338,30.0
577933339,30.0
577933340,30.0
577933341,30.0
577933342,30.0
577933343,30.0
577933455,30.0
577933456,60.0
577933457,60.0
577933458,30.0
577933459,40.0
577933460,40.0
577933461,25.0
577937686,30.0
577939314,30.0
577939315,30.0
577939316,30.0
577939318,32.0
577939319,40.0
577939320,40.0
577939321,30.0
577939322,60.0
577939323,60.0
577939324,60.0
577939325,60.0
577939326,30.0
577939327,30.0
577939328,30.0
577939329,30.0
577939330,30.0
577939331,30.0
577939332,30.0
577939333,30.0
577939334,30.0
577939708,30.0
577939710,30.0
577939712,30.0
577939714,30.0
577939715,30.0
577939717,30.0
577939722,30.0
577939724,30.0
577939726,30.0
577939728,30.0
577939729,30.0
577939731,30.0
577939733,30.0
577939735,30.0
577939736,30.0
577939738,30.0
577939739,30.0
577939741,30.0
577939743,30.0
577939745,30.0
577939747,30.0
577939749,30.0
577939750,30.0
577939752,30.0
577939754,30.0
577939755,30.0
577939757,30.0
577939759,30.0
577946432,30.0
577946433,30.0
577946434,30.0
577946435,30.0
577946436,30.0
577946437,30.0
577946438,30.0
577946439,30.0
577946440,30.0
577946704,30.0
577946705,30.0
577946706,30.0
577946707,30.0
577946709,30.0
577946710,30.0
577946711,30.0
577946712,30.0
577946713,30.0
577946714,30.0
577946715,30.0
577946716,30.0
577946717,30.0
577946718,30.0
577946719,30.0
577946720,30.0
577946721,30.0
577946722,30.0
577946723,30.0
577946724,30.0
577946726,30.0
577946727,30.0
577946728,30.0
577946729,30.0
577946730,30.0
577946731,30.0
577946732,30.0
577946733,30.0
577946734,30.0
577946735,30.0
577947570,20.0
577950002,25.0
577950005,30.0
577950007,30.0
577950009,30.0
577950011,30.0
577950013,30.0
577950015,30.0
577950017,30.0
577950019,30.0
577950022,30.0
577950024,30.0
577950026,30.0
577950029,30.0
577950032,30.0
577950034,30.0
577950037,30.0
577950039,30.0
577950041,30.0
577950043,30.0
577950045,30.0
577950047,30.0
577950051,30.0
577950053,30.0
577950056,30.0
577950058,30.0
577950061,25.0
577950063,25.0
577950066,25.0
577950068,30.0
577950070,30.0
577950072,30.0
577950075,30.0
577950526,30.0
577950527,30.0
577950529,40.0
577950530,40.0
577950531,30.0
577950532,30.0
577950533,30.0
577952785,30.0
577952786,30.0
577952788,30.0
577952791,30.0
577952793,30.0
577952795,30.0
577952797,30.0
577952799,30.0
577953029,30.0
577953030,30.0
577953031,30.0
577953032,30.0
577958440,30.0
577958441,30.0
577958442,30.0
577958443,30.0
577958444,20.0
577958445,20.0
577958446,20.0
577958447,30.0
577958448,30.0
577958449,30.0
577958450,30.0
577958451,30.0
577958452,30.0
577958453,30.0
577958454,30.0
577958455,30.0
577958456,30.0
577958457,30.0
577958458,30.0
577958459,30.0
577958460,30.0
577958461,30.0
577958462,30.0
577958463,30.0
577958464,30.0
577958465,30.0
577958466,30.0
577958467,30.0
577958468,30.0
577958469,30.0
577958471,30.0
577958473,30.0
577958475,30.0
577958669,30.0
577958670,30.0
577958671,25.0
577958672,25.0
577958673,25.0
577958674,30.0
577976724,30.0
577976725,30.0
577976726,30.0
577976783,25.0
577976784,25.0
577976785,25.0
577976786,25.0
577976787,30.0
577976788,30.0
577976789,30.0
577976790,30.0
577976791,30.0
577976792,30.0
577976793,30.0
577976794,30.0
577976795,30.0
577976796,40.0
577976797,40.0
577976798,40.0
577976799,30.0
577976800,30.0
577976801,30.0
577976802,30.0
577976803,30.0
577976804,30.0
577976805,30.0
577976806,30.0
577976807,30.0
577977678,30.0
577977687,30.0
577977689,30.0
577977692,30.0
577977696,20.0
577977699,20.0
577977702,20.0
577977705,20.0
577977708,30.0
577977711,30.0
577979903,20.0
577979904,20.0
577979905,20.0
577979906,20.0
577979907,20.0
577979908,30.0
577979909,30.0
577979910,30.0
577979911,30.0
577979912,30.0
577979913,30.0
577979914,30.0
577979915,30.0
577979916,30.0
577979917,30.0
577979918,30.0
577979919,30.0
577979920,30.0
577979921,30.0
577979923,30.0
577979925,30.0
577979927,30.0
577979929,30.0
577979932,30.0
577979934,30.0
577979936,30.0
577979938,30.0
577979940,30.0
577979942,30.0
577979944,30.0
577979947,30.0
577979949,30.0
577979952,30.0
577979956,30.0
577979958,30.0
577993457,20.0
577993458,20.0
577993459,30.0
577993460,30.0
577993461,30.0
577993462,30.0
577993463,30.0
577993464,30.0
577993465,30.0
577993466,30.0
577993467,30.0
577993468,30.0
577993469,30.0
577993470,30.0
577993471,30.0
577993472,30.0
577993473,30.0
577993474,30.0
577993475,30.0
577993476,30.0
577993477,30.0
577993478,30.0
577993479,30.0
577993480,30.0
577993481,30.0
577993482,30.0
577993483,30.0
577993484,30.0
577993485,30.0
577993486,30.0
577993487,25.0
577993488,25.0
577998257,30.0
577998258,30.0
577998259,30.0
577998260,30.0
577998261,20.0
577998262,20.0
577998263,20.0
577998264,20.0
577998265,20.0
577998266,30.0
577998267,30.0
577998268,30.0
578004726,30.0
578004727,30.0
578004728,30.0
578004729,30.0
578004730,30.0
578004731,30.0
578004732,30.0
578004733,30.0
578004735,30.0
578004736,30.0
578004737,25.0
578004738,20.0
578004740,20.0
578004741,20.0
578004742,20.0
578004743,20.0
578004744,20.0
578004745,20.0
578004746,20.0
578004747,20.0
578004748,20.0
578004750,20.0
578004751,20.0
578004752,20.0
578004753,20.0
578004754,20.0
578004755,20.0
578004756,20.0
578004757,20.0
578004758,20.0
578004760,20.0
578004761,20.0
578004763,20.0
578004765,20.0
578004766,20.0
578004769,20.0
578006698,30.0
578006700,30.0
578009993,40.0
578009999,30.0
578010001,40.0
578010003,40.0
578010005,40.0
578013702,30.0
578013704,30.0
578013706,30.0
578013708,30.0
578013710,30.0
578013714,30.0
578013716,30.0
578013718,30.0
578013720,30.0
578013723,30.0
578013725,30.0
578013727,30.0
578013729,30.0
578013731,30.0
578013732,30.0
578013734,30.0
578013736,30.0
578013738,30.0
578013740,30.0
578013742,30.0
578013746,30.0
578013748,30.0
578013749,30.0
578013751,30.0
578013753,30.0
578013755,30.0
578013757,30.0
578013759,30.0
578013761,30.0
578013763,30.0
578013765,30.0
578013766,30.0
578013769,30.0
578017997,30.0
578017998,30.0
578017999,30.0
578018000,30.0
578018001,30.0
578018002,30.0
578018003,30.0
578018004,30.0
578018005,30.0
578018006,30.0
578018007,30.0
578018008,30.0
578018009,30.0
578018010,30.0
578018011,30.0
578018012,30.0
578018013,30.0
578018014,30.0
578018015,30.0
578018016,30.0
578018017,30.0
578018018,30.0
578018019,30.0
578020143,30.0
578020145,30.0
578020146,30.0
578020148,30.0
578020149,30.0
578020151,30.0
578020152,30.0
578020154,30.0
578020155,30.0
578020157,30.0
578265459,40.0
578269062,30.0
578269063,30.0
578269064,30.0
578269065,30.0
578269066,30.0
578269067,30.0
578269068,30.0
578269069,30.0
578269070,30.0
578269071,30.0
578269977,30.0
578269978,30.0
578269979,30.0
578269980,30.0
578269981,30.0
578269982,30.0
578269983,30.0
578269984,30.0
578269985,30.0
578269986,30.0
578269987,30.0
578269988,30.0
578269989,30.0
578269990,30.0
578269991,30.0
578269992,30.0
578269993,30.0
578269994,30.0
578269995,30.0
578269996,30.0
578270474,20.0
578270475,20.0
578270476,20.0
578270477,30.0
578270478,30.0
578270479,30.0
578270480,30.0
578270481,20.0
578270482,30.0
578270483,30.0
578270484,20.0
578270485,20.0
578270486,20.0
578270487,20.0
578270488,30.0
578270489,30.0
578270490,30.0
578270491,30.0
578270492,30.0
578270493,30.0
578270494,30.0
578270495,30.0
578270496,30.0
578270497,30.0
578270498,30.0
578270499,30.0
578270500,30.0
578270501,30.0
578270502,30.0
578270503,30.0
578270504,30.0
578270505,30.0
578270506,30.0
578270507,30.0
578270508,30.0
578270509,30.0
578270510,30.0
578270511,30.0
578270512,30.0
578270513,30.0
578270514,30.0
578270515,30.0
578270516,30.0
578271284,30.0
578271285,30.0
578271286,30.0
578271287,30.0
578271288,30.0
578271289,20.0
578271290,20.0
578271291,20.0
578271292,20.0
578271293,20.0
578271294,30.0
578271295,30.0
578273391,30.0
578273393,40.0
578273394,40.0
578273395,40.0
578273396,30.0
578273397,30.0
578273398,30.0
578273399,30.0
578273400,30.0
578273401,30.0
578273402,30.0
578273403,30.0
578273404,30.0
578273405,30.0
578273406,30.0
578273649,30.0
578273650,30.0
578273651,30.0
578273652,30.0
578273653,30.0
578281978,30.0
578281979,30.0
578281980,30.0
578281981,30.0
578281982,30.0
578281985,30.0
578281986,30.0
578281987,30.0
578281988,40.0
578281989,30.0
578281990,30.0
578282820,30.0
578282821,30.0
578282822,30.0
578282823,20.0
578282824,20.0
578282825,30.0
578282827,30.0
578282828,30.0
578282829,30.0
578282830,30.0
578282831,30.0
578282832,30.0
578282833,30.0
578282834,30.0
578285071,30.0
578285073,30.0
578285075,30.0
578285078,30.0
578285080,30.0
578285082,30.0
578285084,30.0
578285086,30.0
578285088,30.0
578285090,30.0
578285092,30.0
578285094,30.0
578285096,30.0
578285099,30.0
578285101,30.0
578285102,30.0
578285104,30.0
578285106,30.0
578285110,30.0
578285112,30.0
578285114,30.0
578286776,30.0
578286777,30.0
578286779,30.0
578286780,30.0
578286781,30.0
578286782,30.0
578286783,30.0
578286784,30.0
578286785,30.0
578286786,30.0
578286787,30.0
578286788,30.0
578286789,30.0
578286790,30.0
578286791,30.0
578286792,30.0
578286793,20.0
578286794,20.0
578288061,30.0
578288062,30.0
578288063,30.0
578288064,30.0
578288065,30.0
578288066,30.0
578288067,30.0
578288068,30.0
578288069,30.0
578288070,30.0
578288071,20.0
578288072,20.0
578288073,30.0
578288074,30.0
578288075,30.0
578288076,30.0
578288077,30.0
578288078,30.0
578288079,30.0
578288080,30.0
578288081,20.0
578288082,20.0
578288083,30.0
578288084,30.0
578288085,30.0
578288086,30.0
578288087,30.0
578290615,30.0
578290617,30.0
578290618,30.0
578290620,30.0
578290623,30.0
578290625,30.0
578290626,30.0
578290627,30.0
578290628,30.0
578290629,30.0
578290630,30.0
578290632,30.0
578290633,30.0
578290634,30.0
578290635,30.0
578290636,30.0
578290637,30.0
578290638,30.0
578290639,30.0
578290641,30.0
578290642,30.0
578290643,30.0
578290644,30.0
578290645,30.0
578290646,30.0
578290647,30.0
578292027,30.0
578292030,30.0
578292032,30.0
578292034,20.0
578292038,30.0
578292040,30.0
578292045,30.0
578292048,30.0
578292050,30.0
578292051,30.0
578292052,30.0
578294253,30.0
578294255,30.0
578294257,30.0
578294262,30.0
578294263,30.0
578294268,30.0
578294270,30.0
578294273,30.0
578294277,30.0
578294280,30.0
578294283,30.0
578294286,30.0
578294290,30.0
578294292,30.0
578294295,30.0
578294299,30.0
578294302,30.0
578294305,30.0
578294306,30.0
578294309,30.0
578294316,30.0
578294318,30.0
578294321,30.0
578294323,30.0
578294326,30.0
578294329,30.0
578294331,30.0
578294334,30.0
578294336,30.0
578294340,30.0
578294343,30.0
578294345,30.0
578294348,30.0
578294351,30.0
578294356,30.0
578297454,30.0
578297455,30.0
578297456,30.0
578297457,30.0
578297458,30.0
578297459,30.0
578297460,20.0
578297461,20.0
578297462,30.0
578297463,30.0
578297465,30.0
578297467,30.0
578297469,30.0
578297470,30.0
578297471,30.0
578297472,30.0
578297473,30.0
578297474,30.0
578297475,30.0
578297477,30.0
578297478,30.0
578297479,30.0
578297480,30.0
578297481,30.0
578297482,30.0
578297483,30.0
578297485,40.0
578297486,40.0
578297487,40.0
578297870,30.0
578297871,30.0
578297872,30.0
578297874,30.0
578297875,30.0
578297876,30.0
578297877,30.0
578297878,30.0
578297879,30.0
578297881,30.0
578297882,30.0
578297883,30.0
578297884,30.0
578297885,30.0
578297886,30.0
578297887,30.0
578297888,30.0
578297889,30.0
578297890,30.0
578297891,30.0
578297894,30.0
578300241,30.0
578300242,25.0
578300243,30.0
578300244,30.0
578300245,25.0
578300246,30.0
578300247,30.0
578300248,30.0
578310109,30.0
578310110,30.0
578310113,30.0
578310115,30.0
578310116,30.0
578310118,30.0
578310120,30.0
578310122,30.0
578320815,30.0
578320816,30.0
578320817,30.0
578320818,30.0
578320820,30.0
578320821,30.0
578320822,30.0
578320823,30.0
578320824,30.0
578320825,30.0
578320826,30.0
578320827,30.0
578320828,30.0
578320829,30.0
578320830,30.0
578320831,30.0
578320832,30.0
578320833,30.0
578320834,30.0
578320835,30.0
578320836,30.0
578320837,30.0
578320838,30.0
578320841,30.0
578320843,30.0
578320845,30.0
578320848,30.0
578320850,30.0
578320853,25.0
578320855,30.0
578336187,30.0
578336189,30.0
578336190,30.0
578336191,30.0
578336193,30.0
578336194,30.0
578336199,40.0
578336201,30.0
578336202,30.0
578336205,30.0
578352653,30.0
578352654,30.0
578352655,30.0
578352656,30.0
578352657,30.0
578352658,30.0
578352659,30.0
578352660,30.0
578352661,30.0
578352662,30.0
578352663,30.0
578352664,30.0
578352665,30.0
578352666,30.0
578352667,30.0
578352668,30.0
578352669,30.0
578352670,30.0
578352671,30.0
578352672,30.0
578352673,30.0
578352674,30.0
578352675,30.0
578352676,30.0
578352677,30.0
578352678,30.0
578352679,30.0
578352680,30.0
578352681,30.0
578352682,30.0
578352683,30.0
578352684,30.0
578352685,30.0
578352686,30.0
578352687,30.0
578352688,30.0
578352689,30.0
578357801,30.0
578357802,30.0
578357803,30.0
578357804,30.0
578378368,30.0
578378370,30.0
578378372,25.0
578378374,30.0
578378376,30.0
578378378,30.0
578378380,30.0
578378382,30.0
578378384,30.0
578378386,30.0
578378387,30.0
578378389,30.0
578378391,30.0
578378393,30.0
578378395,30.0
578378397,30.0
578378399,30.0
578378401,30.0
578378403,30.0
578378405,30.0
578378407,30.0
578378410,30.0
578378413,30.0
578378415,30.0
578378417,30.0
578378420,30.0
578378423,30.0
578378425,30.0
578378427,30.0
578378429,30.0
578378431,30.0
578378433,30.0
578378435,30.0
578378437,30.0
578378438,30.0
578378440,30.0
578378442,30.0
578378444,30.0
578378447,30.0
578378449,30.0
578378451,30.0
578378453,30.0
578378455,30.0
578378457,30.0
578378459,30.0
578378461,30.0
578378463,30.0
578380544,30.0
578380546,30.0
578380548,30.0
578380550,30.0
578380552,30.0
578380554,30.0
578380556,40.0
578382604,30.0
578382605,30.0
578382606,30.0
578382607,30.0
578382608,30.0
578382609,30.0
578382610,30.0
578382611,30.0
578382612,30.0
578395176,30.0
578395177,30.0
578395178,30.0
578395179,30.0
578395180,30.0
578395181,30.0
578395182,30.0
578395183,30.0
578395184,30.0
578395185,30.0
578395187,30.0
578395189,30.0
578395190,30.0
578395192,30.0
578395194,30.0
578395196,30.0
578395198,30.0
578395199,30.0
578395200,30.0
578395202,30.0
578395205,30.0
578395206,30.0
578395207,30.0
578395208,30.0
578395209,30.0
578395210,30.0
578398785,30.0
578398787,24.0
578398789,24.0
578398793,24.0
578398814,30.0
578398817,30.0
578398820,30.0
578398823,24.0
578398826,25.0
578398831,30.0
578406050,30.0
578406053,30.0
578406056,30.0
578406060,30.0
578406063,30.0
578406066,30.0
578406070,30.0
578406074,30.0
578406077,30.0
578406080,30.0
578406083,30.0
578406086,30.0
578406090,30.0
578406095,30.0
578406099,30.0
578406103,30.0
578406107,30.0
578406110,30.0
578406114,30.0
578406117,30.0
578406120,30.0
578409797,30.0
578409798,30.0
578409799,30.0
578409800,30.0
578409801,30.0
578409802,30.0
578409803,30.0
578409804,30.0
578409805,30.0
578409806,30.0
578409807,30.0
578409808,30.0
578409809,30.0
578409810,30.0
578409811,30.0
578409812,30.0
578409813,30.0
578409814,30.0
578409815,30.0
578409816,30.0
578409817,30.0
578409818,30.0
578409819,30.0
578409820,30.0
578409821,30.0
578409822,30.0
578409823,30.0
578409824,30.0
578409826,30.0
578409827,30.0
578409828,30.0
578409829,30.0
578409830,30.0
578409831,30.0
578409832,30.0
578409834,30.0
578409835,30.0
578409836,30.0
578409837,30.0
578409838,30.0
578409840,30.0
578409841,30.0
578409842,30.0
578409843,30.0
578409844,30.0
578409845,30.0
578409846,30.0
578409847,30.0
578409848,25.0
578409849,30.0
578409850,30.0
578409851,30.0
578409852,30.0
578409853,30.0
578409854,30.0
578409855,30.0
578411932,24.0
578411933,24.0
578411935,20.0
578411943,24.0
578411945,20.0
578411946,30.0
578411948,24.0
578411952,30.0
578411954,30.0
578413022,20.0
578413024,30.0
578413028,30.0
578413029,30.0
578413031,30.0
578413034,30.0
578413037,25.0
578413040,25.0
578413045,30.0
578413047,25.0
578413050,30.0
578413052,30.0
578413054,25.0
578413056,30.0
578417971,30.0
578422310,30.0
578422311,30.0
578422312,30.0
578422313,30.0
578422314,30.0
578422315,30.0
578422316,30.0
578422317,30.0
578422318,30.0
578422319,30.0
578422320,30.0
578422321,30.0
578422322,30.0
578422323,30.0
578422324,30.0
578422325,30.0
578422326,30.0
578422327,30.0
578422328,30.0
578422329,30.0
578422330,30.0
578422331,30.0
578422332,30.0
578422334,30.0
578422336,30.0
578427581,40.0
578427584,40.0
578429729,30.0
578429730,30.0
578678699,30.0
578678700,30.0
578678701,24.0
578678702,16.0
578678703,30.0
578678704,30.0
578678705,30.0
578678706,30.0
578678707,24.0
578678708,24.0
578678709,24.0
578679005,30.0
578679006,30.0
578679007,30.0
578679008,30.0
578679009,30.0
578679010,30.0
578679054,20.0
578679055,20.0
578679056,20.0
578679057,20.0
578679064,30.0
578679065,30.0
578679066,30.0
578679067,30.0
578679068,30.0
578679069,30.0
578679070,30.0
578679071,30.0
578679072,30.0
578679073,30.0
578679074,30.0
578679075,30.0
578679076,30.0
578679077,30.0
578679078,30.0
578679079,30.0
578679080,60.0
578679081,60.0
578679447,30.0
578679449,25.0
578679450,30.0
578679451,30.0
578679452,30.0
578679453,30.0
578679454,30.0
578679455,25.0
578679456,30.0
578679457,30.0
578679458,25.0
578679459,25.0
578679460,25.0
578680445,30.0
578680446,30.0
578680447,30.0
578680448,30.0
578680449,30.0
578680450,30.0
578680451,25.0
578680452,25.0
578680453,30.0
578680454,30.0
578680455,30.0
578680456,30.0
578680457,30.0
578680458,30.0
578680459,30.0
578680460,30.0
578680461,30.0
578680462,30.0
578680463,30.0
578686032,25.0
578686033,25.0
578686226,30.0
578686227,25.0
578686228,25.0
578686229,30.0
578686230,30.0
578686231,30.0
578686232,30.0
578686233,30.0
578686234,30.0
578686235,30.0
578686236,30.0
578686237,30.0
578686238,30.0
578686239,30.0
578686240,30.0
578686241,30.0
578686242,30.0
578686243,30.0
578686244,30.0
578686245,30.0
578686246,30.0
578686247,30.0
578686248,30.0
578686249,30.0
578686250,30.0
578686251,30.0
578686252,30.0
578686253,30.0
578689716,30.0
578689717,30.0
578689718,30.0
578689719,30.0
578689720,30.0
578689721,30.0
578689722,30.0
578689723,30.0
578689724,30.0
578689725,30.0
578689726,30.0
578689727,30.0
578689728,30.0
578689729,30.0
578689730,30.0
578689731,30.0
578689732,30.0
578689733,30.0
578691698,30.0
578692092,30.0
578692094,30.0
578692097,30.0
578693553,30.0
578693554,30.0
578693555,30.0
578693556,30.0
578693557,30.0
578693558,30.0
578693559,30.0
578693560,30.0
578693561,30.0
578693562,30.0
578693563,30.0
578693564,30.0
578693565,30.0
578695486,20.0
578695487,20.0
578695488,20.0
578695489,20.0
578695490,20.0
578695491,20.0
578695492,20.0
578695493,20.0
578695494,20.0
578695495,20.0
578695496,20.0
578695497,20.0
578695498,20.0
578695501,30.0
578695502,30.0
578695506,40.0
578695507,25.0
578695508,30.0
578698315,20.0
578698316,30.0
578698321,30.0
578698322,30.0
578698323,20.0
578698324,30.0
578698325,20.0
578698371,36.0
578698372,36.0
578698374,45.0
578698375,45.0
578698377,36.0
578698378,36.0
578698379,30.0
578698380,30.0
578698381,30.0
578698382,30.0
578698383,30.0
578698384,30.0
578698385,30.0
578702794,24.0
578702797,24.0
578702799,24.0
578702805,30.0
578702806,30.0
578702807,30.0
578702808,30.0
578702809,30.0
578702810,24.0
578702811,24.0
578702812,30.0
578702813,20.0
578702814,20.0
578702815,20.0
578702816,30.0
578702817,30.0
578702818,30.0
578702819,30.0
578702820,24.0
578702822,30.0
578702823,30.0
578702824,30.0
578702825,30.0
578702826,30.0
578702829,30.0
578702830,30.0
578702831,30.0
578702832,30.0
578702833,30.0
578702834,30.0
578702835,30.0
578702836,30.0
578702837,30.0
578702839,30.0
578702842,30.0
578702844,30.0
578702845,30.0
578702846,30.0
578702847,30.0
578702848,30.0
578702849,30.0
578702850,30.0
578702851,30.0
578702852,30.0
578702853,30.0
578702854,30.0
578702855,30.0
578702856,30.0
578702857,30.0
578702859,30.0
578702860,30.0
578702861,30.0
578702862,30.0
578702863,30.0
578702864,30.0
578702865,30.0
578702867,30.0
578702868,30.0
578702869,30.0
578702870,30.0
578702871,30.0
578702872,30.0
578702873,30.0
578702874,30.0
578702875,30.0
578702876,30.0
578702877,30.0
578702878,30.0
578702879,30.0
578702880,30.0
578702881,30.0
578702882,30.0
578702883,30.0
578702884,30.0
578702885,30.0
578702887,20.0
578702979,30.0
578702980,30.0
578702981,30.0
578702982,30.0
578702983,30.0
578702984,30.0
578702985,30.0
578702986,30.0
578702987,30.0
578702988,30.0
578702989,30.0
578702990,30.0
578702991,30.0
578702992,30.0
578702993,30.0
578702994,30.0
578702996,30.0
578702997,30.0
578702998,30.0
578702999,30.0
578703000,30.0
578703001,30.0
578703002,30.0
578703003,30.0
578703004,30.0
578703005,30.0
578703006,30.0
578703007,30.0
578706865,30.0
578706866,30.0
578710088,30.0
578710089,30.0
578710092,30.0
578710094,30.0
578710096,30.0
578710097,30.0
578710099,30.0
578710101,30.0
578710103,30.0
578710106,30.0
578710108,30.0
578710109,30.0
578710110,30.0
578710111,30.0
578710112,30.0
578710113,30.0
578710114,30.0
578710115,30.0
578710116,30.0
578710117,30.0
578710118,30.0
578710119,30.0
578710120,30.0
578710121,30.0
578710122,30.0
578710123,30.0
578710124,30.0
578710125,30.0
578710126,30.0
578710127,30.0
578710128,30.0
578710130,25.0
578710131,30.0
578710132,30.0
578710133,30.0
578710134,30.0
578710135,30.0
578714271,45.0
578714272,36.0
578714273,36.0
578714274,36.0
578714275,45.0
578714276,45.0
578723506,30.0
578723507,30.0
578723508,30.0
578723509,30.0
578723511,30.0
578723512,30.0
578723513,30.0
578723514,30.0
578723515,30.0
578723516,30.0
578723517,30.0
578723518,30.0
578723519,30.0
578723520,30.0
578723521,30.0
578723522,30.0
578723523,30.0
578723524,30.0
578749725,30.0
578749726,30.0
578749727,30.0
578749728,30.0
578749729,30.0
578749730,30.0
578749731,30.0
578749732,30.0
578749733,30.0
578749735,30.0
578749736,30.0
578749737,30.0
578749738,30.0
578749739,30.0
578768213,30.0
578768215,30.0
578768216,30.0
578768217,30.0
578768218,30.0
578768220,30.0
578768221,30.0
578768222,30.0
578768223,30.0
578778398,30.0
578778400,30.0
578778401,30.0
578778402,30.0
578778403,30.0
578778404,30.0
578778405,30.0
578778406,30.0
578778407,30.0
578778408,30.0
578780698,30.0
579068584,30.0
579068585,30.0
579068738,30.0
579068739,30.0
579068740,30.0
579068741,30.0
579068742,20.0
579068743,20.0
579068744,20.0
579068745,30.0
579068746,30.0
579068747,30.0
579068748,30.0
579068749,30.0
579068750,30.0
579068751,30.0
579068752,30.0
579068753,30.0
579068754,30.0
579068755,30.0
579068756,30.0
579068757,20.0
579068758,30.0
579076658,30.0
579076659,30.0
579076660,30.0
579076661,30.0
579076662,30.0
579076663,30.0
579076664,30.0
579076665,30.0
579076666,30.0
579076667,30.0
579076668,30.0
579076669,30.0
579076670,30.0
579085910,30.0
579085911,30.0
579085912,30.0
579085913,30.0
579085914,30.0
579085915,30.0
579085916,30.0
579085917,30.0
579085918,30.0
579085919,30.0
579085920,30.0
579085921,30.0
579085922,30.0
579085923,30.0
579085925,30.0
579085926,30.0
579085927,30.0
579085928,30.0
579085929,30.0
579085930,30.0
579085931,30.0
579085932,30.0
579085976,30.0
579085977,30.0
579085978,30.0
579085979,30.0
579085980,30.0
579085981,30.0
579085982,30.0
579085984,30.0
579085988,30.0
579085989,30.0
579085990,30.0
579085991,30.0
579085992,30.0
579085993,30.0
579085994,30.0
579085995,30.0
579085996,30.0
579085997,30.0
579085998,30.0
579085999,30.0
579086000,30.0
579086001,30.0
579086002,30.0
579086003,30.0
579086004,30.0
579086005,30.0
579086007,30.0
579086008,30.0
579086009,25.0
579086010,30.0
579086011,30.0
579086012,30.0
579086013,30.0
579086014,30.0
579086015,30.0
579086016,30.0
579086017,30.0
579086018,30.0
579086019,30.0
579086020,30.0
579086021,30.0
579086022,30.0
579086023,30.0
579086025,30.0
579086026,25.0
579093245,30.0
579093246,30.0
579093247,30.0
579093248,30.0
579093249,30.0
579093250,30.0
579093251,30.0
579093252,30.0
579093253,30.0
579093254,30.0
579093255,30.0
579093256,30.0
579093257,30.0
579101556,30.0
579101557,30.0
579101558,30.0
579101559,30.0
579101560,30.0
579101561,30.0
579101562,30.0
579101563,30.0
579101564,30.0
579101565,30.0
579101566,30.0
579101567,30.0
579101568,30.0
579101569,30.0
579127283,30.0
579127284,30.0
579127285,30.0
579127286,30.0
579127287,30.0
579127288,30.0
579127289,30.0
579127290,30.0
579127291,30.0
579127292,30.0
579127293,30.0
579127294,30.0
579127295,30.0
579127296,30.0
579127297,30.0
579127298,30.0
579127299,30.0
579127300,30.0
579127301,30.0
579127302,30.0
579127303,30.0
579127304,30.0
579127305,30.0
579127306,30.0
579127307,30.0
579127308,30.0
579127309,30.0
579127310,30.0
579127311,30.0
579127312,30.0
579127313,30.0
579127314,30.0
579127315,30.0
579127316,30.0
579127317,30.0
579141017,30.0
579141018,30.0
579141019,30.0
579141020,30.0
579141021,30.0
579141022,30.0
579141023,30.0
579141024,30.0
579141025,30.0
579141026,30.0
579141027,30.0
579141028,30.0
579141029,30.0
579141030,30.0
579141031,30.0
579141032,30.0
579141033,30.0
579176543,30.0
579176544,30.0
579176545,30.0
579176546,30.0
579176547,30.0
579176548,30.0
579176549,30.0
579176550,30.0
579176551,30.0
579176552,30.0
579176553,30.0
579176554,30.0
579176555,30.0
579176556,30.0
579176557,30.0
579176558,30.0
579176559,30.0
579176560,30.0
579176562,30.0
579176563,30.0
579176564,30.0
579176565,30.0
579176566,30.0
579176567,30.0
579176568,30.0
579176569,30.0
579176570,30.0
579176571,30.0
579176572,30.0
579176573,30.0
579176574,30.0
579176575,30.0
579176576,30.0
579176577,30.0
579176578,30.0
579176579,30.0
579176580,30.0
579176581,30.0
579176582,30.0
579176583,30.0
579176584,30.0
579176586,30.0
579176587,30.0
579176588,30.0
579176589,30.0
579176590,30.0
579177964,30.0
579177966,30.0
579177968,30.0
579177969,30.0
579177970,30.0
579177971,30.0
579177972,30.0
579177973,30.0
579177974,30.0
579177975,30.0
579177976,30.0
579177977,30.0
579177978,30.0
579177979,30.0
579177980,30.0
579177981,30.0
579177982,30.0
579177983,30.0
579177984,30.0
579177985,30.0
579177986,30.0
579177987,30.0
579177988,30.0
579177989,30.0
579177990,30.0
579190185,30.0
579190186,30.0
579190187,30.0
579190188,30.0
579190189,30.0
579190191,30.0
579190192,30.0
579190193,30.0
579190194,30.0
579190195,30.0
579190196,30.0
579190197,30.0
579190198,30.0
579190199,30.0
579190200,30.0
579190201,30.0
579190202,30.0
579190203,30.0
579190204,30.0
579190205,30.0
579190207,30.0
579190208,30.0
579190209,30.0
579190210,30.0
579190211,30.0
579190213,30.0
579190214,30.0
579190215,30.0
579190216,30.0
579190217,30.0
579190218,30.0
579190219,30.0
579190220,30.0
579190221,30.0
579191676,30.0
579316449,30.0
579316451,30.0
579316452,30.0
579316454,30.0
579316457,30.0
579316459,30.0
579316461,30.0
579316463,30.0
579316465,30.0
579316466,30.0
579317334,30.0
579317335,30.0
579319600,30.0
579320849,30.0
579320850,30.0
579324688,30.0
579324689,30.0
579324691,30.0
579324693,30.0
579325485,30.0
579371411,30.0
579371413,30.0
579371414,30.0
579371415,30.0
579371416,30.0
579371417,30.0
579371418,30.0
579376729,30.0
579376730,30.0
579376731,30.0
579376732,45.0
579376733,30.0
579376734,30.0
579376735,20.0
579376736,20.0
579376737,20.0
579376738,20.0
579376739,20.0
579376740,20.0
579376741,20.0
579376742,20.0
579376743,20.0
579376744,20.0
579379264,30.0
579379265,30.0
579379266,45.0
579379267,20.0
579379268,30.0
579379269,30.0
579379270,30.0
579379271,30.0
579379272,20.0
579379273,30.0
579379274,20.0
579379277,20.0
579379278,20.0
579379279,30.0
579379281,30.0
579379282,30.0
579379283,30.0
579379284,30.0
579379285,30.0
579379286,30.0
579379287,20.0
579382973,30.0
579382974,20.0
579382975,30.0
579382976,20.0
579382977,20.0
579382978,20.0
579382979,20.0
579382980,30.0
579383981,20.0
579383982,20.0
579385604,30.0
579385606,50.0
579385608,40.0
579385609,25.0
579385610,30.0
579385611,30.0
579385612,30.0
579385613,30.0
579385615,20.0
579385616,20.0
579385618,20.0
579385619,20.0
579385620,30.0
579385623,20.0
579385624,20.0
579385626,20.0
579385627,20.0
579387390,30.0
579387391,20.0
579387392,20.0
579387393,20.0
579387394,20.0
579387395,20.0
579387396,20.0
579387397,20.0
579387398,20.0
579387399,20.0
579387400,20.0
579387401,20.0
579387402,20.0
579387403,30.0
579387404,20.0
579387405,30.0
579387406,30.0
579387407,30.0
579387408,30.0
579388323,30.0
579388325,20.0
579388328,20.0
579388330,30.0
579388332,20.0
579388335,20.0
579389918,30.0
579389919,30.0
579389922,30.0
579389923,30.0
579389924,30.0
579389925,30.0
579389926,30.0
579389927,30.0
579389929,40.0
579389930,30.0
579389931,30.0
579389932,30.0
579389933,30.0
579389934,20.0
579390154,20.0
579423881,30.0
579423882,30.0
579423883,30.0
579423884,30.0
579423885,30.0
579424568,25.0
579426030,30.0
579426031,30.0
579426032,30.0
579426033,30.0
579426034,30.0
579426035,30.0
579426036,30.0
579426037,30.0
579426038,30.0
579426039,30.0
579426040,30.0
579426041,30.0
579426042,30.0
579426043,30.0
579426044,30.0
579426045,30.0
579426046,30.0
579426047,30.0
579426048,30.0
579426049,30.0
579426050,30.0
579426051,30.0
579426052,30.0
579426053,30.0
579426054,30.0
579427099,30.0
579427100,30.0
579427101,30.0
579427102,30.0
579427103,30.0
579427104,30.0
579427105,30.0
579427106,30.0
579427107,30.0
579427108,30.0
579427109,30.0
579427110,30.0
579427111,30.0
579427112,30.0
579427113,30.0
579433341,30.0
579433342,30.0
579433343,30.0
579433344,30.0
579433345,30.0
579433346,30.0
579433347,30.0
579433348,30.0
579433349,30.0
579433350,30.0
579433351,30.0
579433352,30.0
579433353,30.0
579437714,30.0
579437715,30.0
579437716,30.0
579437717,30.0
579437718,30.0
579437719,30.0
579437720,30.0
579437721,30.0
579437774,30.0
579437775,30.0
579437776,30.0
579437777,30.0
579437778,30.0
579437779,30.0
579437780,30.0
579437781,30.0
579437782,30.0
579437783,30.0
579437784,30.0
579437785,30.0
579437786,30.0
579437787,30.0
579437788,30.0
579437789,30.0
579437790,30.0
579437791,30.0
579437792,30.0
579437793,30.0
579437794,30.0
579437795,30.0
579437796,30.0
579437797,30.0
579437798,30.0
579437799,30.0
579437800,30.0
579437801,30.0
579437802,30.0
579437803,30.0
579437804,30.0
579437805,30.0
579437806,30.0
579437807,30.0
579437808,30.0
579437809,30.0
579437810,30.0
579437811,30.0
579437812,30.0
579437813,30.0
579437814,30.0
579438110,30.0
579438111,30.0
579438112,30.0
579438113,25.0
579438114,25.0
579438115,25.0
579438116,30.0
579438117,30.0
579438118,30.0
579438416,30.0
579438417,30.0
579440668,30.0
579440669,24.0
579440671,30.0
579440673,30.0
579440674,25.0
579440675,30.0
579440676,30.0
579440677,30.0
579440678,30.0
579440680,30.0
579440682,30.0
579440683,30.0
579440684,30.0
579442300,30.0
579442301,30.0
579442302,30.0
579442303,30.0
579442304,30.0
579442305,30.0
579442307,30.0
579442308,30.0
579442309,30.0
579442310,30.0
579442311,30.0
579442312,30.0
579442313,30.0
579442314,30.0
579442315,30.0
579442316,30.0
579442317,30.0
579442318,30.0
579442319,30.0
579442320,30.0
579442321,30.0
579442322,30.0
579442323,30.0
579442324,30.0
579442325,30.0
579444456,30.0
579444458,30.0
579444460,30.0
579444461,30.0
579444463,30.0
579444465,30.0
579444467,30.0
579444469,30.0
579444471,30.0
579444473,30.0
579444475,30.0
579444477,30.0
579444479,30.0
579444481,30.0
579444483,30.0
579444485,30.0
579444487,30.0
579444488,30.0
579447867,30.0
579447868,30.0
579447869,30.0
579447870,30.0
579447871,30.0
579447872,30.0
579447873,30.0
579447874,30.0
579447875,30.0
579447876,30.0
579447877,30.0
579447878,30.0
579447879,30.0
579447880,30.0
579447881,30.0
579447882,30.0
579447883,30.0
579447884,30.0
579447885,30.0
579447886,30.0
579447887,25.0
579447888,30.0
579447889,30.0
579447890,24.0
579447891,30.0
579447892,30.0
579447893,25.0
579447894,25.0
579447895,30.0
579447896,30.0
579448624,30.0
579448625,30.0
579448626,30.0
579448627,30.0
579448628,30.0
579448629,30.0
579448630,30.0
579448631,30.0
579448632,30.0
579450171,30.0
579450172,24.0
579450173,30.0
579450174,30.0
579450175,30.0
579450176,24.0
579450177,30.0
579450178,30.0
579450179,30.0
579450180,30.0
579450181,30.0
579450182,30.0
579450183,30.0
579450184,30.0
579450185,30.0
579450186,30.0
579450187,30.0
579450188,30.0
579450189,30.0
579450190,30.0
579450191,30.0
579450192,30.0
579450193,24.0
579450194,30.0
579451080,30.0
579451081,30.0
579451082,30.0
579451083,30.0
579451084,30.0
579451085,30.0
579451086,30.0
579451087,30.0
579451088,30.0
579451089,30.0
579451090,30.0
579451092,30.0
579451093,30.0
579451094,30.0
579451095,30.0
579451096,30.0
579451097,30.0
579451098,30.0
579451099,30.0
579451100,30.0
579451101,30.0
579451102,30.0
579451103,30.0
579451104,30.0
579451105,30.0
579452811,30.0
579452812,25.0
579452813,20.0
579452814,30.0
579452815,25.0
579452816,25.0
579452818,30.0
579452819,30.0
579452820,30.0
579452821,30.0
579452822,30.0
579452824,30.0
579452825,30.0
579452826,30.0
579452827,30.0
579452828,30.0
579452829,30.0
579452830,30.0
579452831,30.0
579452832,30.0
579453341,30.0
579453342,30.0
579453343,30.0
579453344,30.0
579453345,30.0
579453346,30.0
579453347,30.0
579453348,30.0
579453445,30.0
579453446,30.0
579453447,30.0
579453488,25.0
579453491,25.0
579453493,25.0
579453495,30.0
579454288,30.0
579454289,30.0
579454290,30.0
579454291,30.0
579454292,30.0
579454293,30.0
579454294,30.0
579454295,30.0
579454296,30.0
579454297,30.0
579454298,30.0
579454299,30.0
579458530,25.0
579458531,20.0
579458532,20.0
579458533,20.0
579458534,25.0
579459068,30.0
579459069,30.0
579459070,30.0
579459071,30.0
579459072,30.0
579459073,30.0
579459074,30.0
579459075,30.0
579459076,30.0
579459078,30.0
579459080,30.0
579459082,30.0
579459084,30.0
579459086,30.0
579460091,20.0
579460092,20.0
579460093,30.0
579460509,30.0
579460510,30.0
579460511,30.0
579460512,30.0
579460513,30.0
579460515,30.0
579460517,30.0
579460519,30.0
579460521,30.0
579460523,30.0
579460524,30.0
579460526,30.0
579460528,30.0
579460529,30.0
579460530,30.0
579460531,30.0
579460532,30.0
579460534,30.0
579460535,30.0
579462111,30.0
579462112,30.0
579462113,30.0
579462114,30.0
579462115,30.0
579462116,30.0
579462117,30.0
579462118,30.0
579462119,30.0
579462120,30.0
579462166,30.0
579462167,30.0
579462168,30.0
579462169,30.0
579462170,30.0
579462171,30.0
579462172,30.0
579462173,30.0
579462174,30.0
579462176,30.0
579462177,30.0
579462178,30.0
579462179,25.0
579462181,30.0
579462182,30.0
579462183,30.0
579462184,30.0
579462185,30.0
579462186,30.0
579462187,30.0
579462188,30.0
579462189,30.0
579462190,30.0
579462191,30.0
579462192,30.0
579462193,30.0
579462194,30.0
579462195,30.0
579462196,30.0
579462197,30.0
579462198,30.0
579462199,30.0
579462200,30.0
579462201,30.0
579462202,30.0
579462203,30.0
579462204,30.0
579462205,30.0
579462206,30.0
579462207,30.0
579462208,30.0
579462209,30.0
579462210,30.0
579462211,25.0
579489040,30.0
579489041,30.0
579489042,30.0
579489043,30.0
579489044,30.0
579489045,30.0
579489046,30.0
579489047,30.0
579489048,25.0
579489049,25.0
579489050,20.0
579489051,25.0
579489052,30.0
579489053,30.0
579489054,30.0
579493587,20.0
579493588,30.0
579493589,30.0
579493590,30.0
579493591,30.0
579493592,30.0
579493593,30.0
579493594,20.0
579493595,30.0
579493596,30.0
579493597,30.0
579493598,30.0
579493599,30.0
579496719,30.0
579496720,20.0
579496721,20.0
579496723,30.0
579496724,30.0
579496725,20.0
579496726,20.0
579496728,20.0
579496729,20.0
579496730,20.0
579496731,20.0
579496732,20.0
579496733,20.0
579496734,20.0
579496735,20.0
579497543,30.0
579497544,30.0
579497545,30.0
579497546,30.0
579497547,30.0
579497548,30.0
579497549,30.0
579497550,30.0
579497551,30.0
579497552,30.0
579497553,30.0
579497554,30.0
579497555,30.0
579497556,30.0
579497557,30.0
579497558,30.0
579497559,30.0
579497560,30.0
579497561,30.0
579497562,30.0
579497563,30.0
579497564,30.0
579497565,30.0
579497566,30.0
579499383,30.0
579499385,30.0
579499387,30.0
579499390,30.0
579499394,30.0
579499398,30.0
579499401,30.0
579632118,30.0
579632119,30.0
579632120,30.0
579632121,30.0
579637094,30.0
579637095,30.0
579637096,30.0
579637097,40.0
579637098,30.0
579637100,30.0
579637101,30.0
579637102,30.0
579637103,45.0
579637104,45.0
579637107,30.0
579637108,30.0
579638084,20.0
579638086,30.0
579638087,30.0
580276724,25.0
580276725,25.0
580279608,20.0
580279609,20.0
580279610,20.0
580281330,30.0
580281331,30.0
580281332,30.0
580281354,45.0
580281355,30.0
580281356,30.0
580281357,30.0
580281358,30.0
580285047,30.0
580285048,30.0
580285049,30.0
580285050,25.0
580285053,30.0
580285054,30.0
580285055,30.0
580285056,30.0
580285058,30.0
580285059,30.0
580285060,30.0
580285061,30.0
580285062,30.0
580285063,30.0
580285064,30.0
580285065,30.0
580285066,30.0
580285067,30.0
580285068,30.0
580285069,30.0
580285070,30.0
580285071,30.0
580285072,30.0
580285073,30.0
580285074,30.0
580285075,30.0
580285076,30.0
580285077,30.0
580285078,30.0
580285080,30.0
580285081,30.0
580285082,30.0
580285083,30.0
580285084,30.0
580285085,30.0
580285086,30.0
580285087,30.0
580285088,30.0
580285089,30.0
580285090,30.0
580285091,30.0
580285092,30.0
580285093,30.0
580285094,30.0
580285095,30.0
580285096,30.0
580285098,30.0
580285099,30.0
580285100,30.0
580285101,30.0
580285102,30.0
580285103,30.0
580285104,30.0
580285105,30.0
580285106,30.0
580285107,25.0
580285109,30.0
580285110,30.0
580285111,30.0
580285724,30.0
580285725,30.0
580294599,30.0
580294600,30.0
580294601,30.0
580294602,30.0
580294610,25.0
580294625,20.0
580294641,20.0
580294660,30.0
580294662,30.0
580294663,30.0
580294665,30.0
580294667,30.0
580294669,30.0
580294670,30.0
580294672,30.0
580294673,30.0
580294675,30.0
580294676,30.0
580294677,30.0
580294678,30.0
580294679,30.0
580294680,30.0
580294681,30.0
580294682,30.0
580294683,30.0
580294684,30.0
580294685,30.0
580294686,30.0
580294687,30.0
580294688,30.0
580294689,30.0
580294690,30.0
580294691,30.0
580294692,30.0
580294693,30.0
580294694,30.0
580294695,30.0
580294696,30.0
580294697,30.0
580294698,30.0
580294699,30.0
580294700,30.0
580294701,30.0
580294702,30.0
580294703,30.0
580294704,30.0
580294705,30.0
580294706,30.0
580294707,30.0
580294709,30.0
580294710,30.0
580294711,30.0
580294712,30.0
580294713,30.0
580294714,30.0
580294715,30.0
580294716,30.0
580294717,30.0
580294718,30.0
580294719,30.0
580294720,30.0
580294721,30.0
580294723,30.0
580294725,30.0
580294726,30.0
580297412,30.0
580297413,30.0
580297414,30.0
580297415,30.0
580297534,30.0
580297535,30.0
580297536,30.0
580297537,30.0
580297538,30.0
580297539,30.0
580297540,30.0
580297541,30.0
580297542,30.0
580297543,30.0
580297544,30.0
580297545,30.0
580300552,30.0
580300553,30.0
580300554,25.0
580300555,25.0
580300556,25.0
580300557,25.0
580300558,25.0
580300559,30.0
580300561,30.0
580300562,30.0
580300563,30.0
580300567,32.0
580300568,30.0
580300569,30.0
580300570,30.0
580300572,30.0
580300573,30.0
580300575,30.0
580300576,30.0
580300577,30.0
580300579,30.0
580300580,30.0
580300583,30.0
580300584,30.0
580300585,30.0
580300586,30.0
580300587,30.0
580300588,30.0
580300589,30.0
580300590,30.0
580300592,30.0
580300594,30.0
580300595,30.0
580300596,30.0
580300597,30.0
580300598,30.0
580300599,30.0
580301588,30.0
580301590,30.0
580301592,30.0
580301594,30.0
580301596,30.0
580301598,30.0
580301599,30.0
580301602,30.0
580301615,30.0
580301617,30.0
580301620,30.0
580301621,30.0
580301624,30.0
580301626,30.0
580301628,20.0
580301630,20.0
580301633,30.0
580301635,30.0
580301637,30.0
580301639,20.0
580301642,20.0
580301644,20.0
580301646,30.0
580301648,30.0
580302831,25.0
580302832,25.0
580302833,25.0
580302834,25.0
580304298,30.0
580304299,30.0
580304300,30.0
580304301,30.0
580307644,30.0
580307645,30.0
580307646,30.0
580307647,30.0
580307648,30.0
580307649,30.0
580307650,30.0
580307651,30.0
580307652,30.0
580307654,30.0
580307804,30.0
580307805,30.0
580307806,30.0
580307807,30.0
580307808,30.0
580307809,30.0
580307810,30.0
580307811,20.0
580307812,30.0
580307813,30.0
580307814,30.0
580307815,30.0
580307816,30.0
580307817,30.0
580307818,30.0
580307819,30.0
580307820,30.0
580307821,30.0
580311558,20.0
580311559,20.0
580311560,30.0
580311561,20.0
580311562,30.0
580311563,30.0
580311564,30.0
580311566,30.0
580311567,30.0
580311569,30.0
580311570,30.0
580311571,30.0
580311572,30.0
580311573,30.0
580311574,30.0
580311575,30.0
580311576,30.0
580317703,30.0
580317704,30.0
580317705,30.0
580317706,30.0
580317707,30.0
580317708,30.0
580317709,30.0
580317710,30.0
580317712,30.0
580317713,30.0
580317714,30.0
580317715,30.0
580317716,30.0
580317717,30.0
580317718,30.0
580317719,30.0
580317720,30.0
580317721,30.0
580317722,30.0
580317723,30.0
580317724,30.0
580317725,30.0
580317726,30.0
580318244,30.0
580318245,30.0
580318246,30.0
580318247,30.0
580318248,30.0
580318249,30.0
580318250,30.0
580318251,30.0
580318253,30.0
580318254,20.0
580318255,30.0
580318256,30.0
580318257,30.0
580318258,30.0
580318259,30.0
580318260,30.0
580318261,30.0
580318262,30.0
580318263,30.0
580318264,30.0
580318265,30.0
580318266,30.0
580318267,30.0
580318268,30.0
580318269,30.0
580318270,30.0
580318271,30.0
580318272,30.0
580318273,30.0
580318274,30.0
580318275,30.0
580318276,30.0
580318277,30.0
580318278,30.0
580318279,30.0
580318280,30.0
580318281,30.0
580318282,30.0
580318283,30.0
580318284,30.0
580318285,30.0
580318286,30.0
580318287,30.0
580318288,30.0
580318289,30.0
580318290,30.0
580318291,30.0
580318292,30.0
580318293,30.0
580318294,30.0
580318295,30.0
580318296,30.0
580318297,30.0
580318298,30.0
580318299,30.0
580318300,30.0
580318301,30.0
580318302,30.0
580318303,30.0
580318304,30.0
580318305,30.0
580318306,30.0
580318307,30.0
580318308,30.0
580318309,30.0
580318310,30.0
580318311,30.0
580318312,30.0
580318313,30.0
580330275,20.0
580330277,30.0
580330279,40.0
580330282,40.0
580330284,20.0
580330286,20.0
580330289,20.0
580330291,20.0
580330293,20.0
580330295,20.0
580330297,20.0
580330299,20.0
580330301,20.0
580333692,25.0
580333693,30.0
580333694,30.0
580333695,30.0
580333696,30.0
580333697,30.0
580333698,30.0
580333699,30.0
580336449,30.0
580336450,30.0
580336451,30.0
580336452,30.0
580357740,30.0
580357743,30.0
580357746,30.0
580357748,30.0
580357751,30.0
580357754,30.0
580357757,30.0
580357759,30.0
580357762,30.0
580357764,30.0
580357767,30.0
580357770,30.0
580357773,30.0
580357775,30.0
580357777,30.0
580357779,30.0
580357781,30.0
580357783,30.0
580357785,30.0
580357787,30.0
580357789,30.0
580357791,30.0
580357793,30.0
580357795,30.0
580357797,30.0
580357799,30.0
580357801,30.0
580357803,30.0
580357804,30.0
580357806,30.0
580357808,30.0
580357810,30.0
580357812,30.0
580357814,30.0
580357816,30.0
580357818,25.0
580357821,30.0
580357823,30.0
580357825,30.0
580357827,30.0
580357828,30.0
580357830,30.0
580357832,30.0
580357833,30.0
580357837,30.0
580357838,30.0
580357840,30.0
580357842,30.0
580357844,20.0
580357845,20.0
580357847,20.0
580357853,20.0
580357859,20.0
580357860,30.0
580357863,30.0
580357865,30.0
580357867,30.0
580357869,30.0
580357871,30.0
580357873,30.0
580357875,30.0
580357877,30.0
580357879,30.0
580357881,30.0
580357883,30.0
580357885,30.0
580357888,30.0
580357890,30.0
580359086,30.0
580359087,30.0
580359088,30.0
580359089,30.0
580359090,30.0
580359091,30.0
580359092,30.0
580360003,30.0
580360004,30.0
580360005,30.0
580360023,30.0
580360024,30.0
580360025,30.0
580360026,30.0
580360027,30.0
580360028,30.0
580360029,30.0
580360030,30.0
580360031,30.0
580364140,30.0
580364141,30.0
580364142,20.0
580364143,30.0
580364144,30.0
580364145,30.0
580364146,30.0
580364147,30.0
580364148,30.0
580364149,30.0
580364150,30.0
580364151,30.0
580369029,30.0
580369030,25.0
580369031,30.0
580369032,25.0
580369033,30.0
580369034,30.0
580371481,30.0
580371484,30.0
580371486,30.0
580371487,30.0
580371488,30.0
580371489,30.0
580371490,30.0
580371491,30.0
580371492,30.0
580371493,30.0
580371495,30.0
580371496,30.0
580371497,30.0
580371498,30.0
580371499,30.0
580371500,30.0
580373485,30.0
580373486,30.0
580373487,30.0
580373488,30.0
580373489,30.0
580373490,30.0
580373492,30.0
580373493,30.0
580373494,30.0
580373495,30.0
580373496,30.0
580373497,30.0
580373498,30.0
580373499,30.0
580373500,30.0
580373501,30.0
580373502,30.0
580373503,30.0
580373504,30.0
580373505,30.0
580373506,30.0
580373507,30.0
580373508,30.0
580373509,30.0
580373510,30.0
580373511,30.0
580373512,30.0
580373513,30.0
580373514,30.0
580373515,30.0
580373516,30.0
580373517,30.0
580373518,30.0
580373519,30.0
580373520,30.0
580373521,30.0
580373522,30.0
580373523,30.0
580373524,30.0
580373525,30.0
580373526,30.0
580373527,30.0
580373528,30.0
580373529,30.0
580373530,30.0
580373532,30.0
580373534,30.0
580375918,20.0
580377997,30.0
580379093,30.0
580382612,30.0
580382613,30.0
580382614,30.0
580382615,30.0
580382616,30.0
580382617,30.0
580382618,25.0
580382619,30.0
580382620,30.0
580382621,30.0
580382622,30.0
580382623,30.0
580382624,30.0
580382625,30.0
580382626,30.0
580382628,30.0
580382629,30.0
580382630,30.0
580382631,30.0
580382632,30.0
580382633,30.0
580382634,30.0
580382635,30.0
580382636,25.0
580382637,30.0
580382638,30.0
580382639,30.0
580382640,20.0
580382641,20.0
580382643,20.0
580382645,20.0
580382646,20.0
580382648,20.0
580382649,20.0
580382650,20.0
580382651,20.0
580382652,20.0
580382654,30.0
580382655,30.0
580382656,30.0
580382657,30.0
580382739,30.0
580382740,30.0
580382741,30.0
580382742,30.0
580382743,30.0
580382744,25.0
580382745,25.0
580382746,30.0
580382747,20.0
580382748,25.0
580382749,30.0
580382750,30.0
580382751,30.0
580382752,30.0
580382753,30.0
580382754,30.0
580382755,30.0
580382756,30.0
580382757,30.0
580382758,30.0
580382759,30.0
580382760,30.0
580382761,30.0
580382762,30.0
580382763,30.0
580382764,30.0
580382765,30.0
580382766,30.0
580385752,30.0
580385753,30.0
580385756,20.0
580385762,30.0
580385764,30.0
580385766,30.0
580385768,30.0
580385769,30.0
580671711,30.0
580671712,30.0
580671713,30.0
580671714,30.0
580671715,30.0
580671716,30.0
580671717,30.0
580671718,30.0
580671720,30.0
580673114,30.0
580673465,30.0
580673467,30.0
580673468,30.0
580673469,30.0
580676490,30.0
580676491,30.0
580676492,30.0
580676493,30.0
580676494,30.0
580676495,30.0
580676496,30.0
580676497,30.0
580677504,30.0
580677505,30.0
580677506,30.0
580677507,30.0
580677508,30.0
580677509,30.0
580677510,30.0
580678468,30.0
580678469,30.0
580678470,30.0
580678471,30.0
580678472,30.0
580678473,30.0
580678474,30.0
580678717,30.0
580678718,30.0
580678719,30.0
580678720,30.0
580678721,30.0
580678722,30.0
580678723,30.0
580678724,30.0
580678725,30.0
580678726,30.0
580678727,30.0
580678728,30.0
580678729,30.0
580678730,30.0
580678731,30.0
580678732,30.0
580678733,30.0
580678734,30.0
580678735,30.0
580678736,30.0
580678737,30.0
580678738,30.0
580678739,30.0
580678740,30.0
580684478,30.0
580684479,30.0
580684480,30.0
580684481,30.0
580684482,30.0
580684483,30.0
580684484,30.0
580684485,30.0
580684486,30.0
580684487,30.0
580684488,30.0
580684489,30.0
580684490,30.0
580684491,30.0
580684493,30.0
580684494,30.0
580684495,30.0
580684496,30.0
580684497,30.0
580684499,25.0
580684500,25.0
580684501,25.0
580684502,30.0
580684503,30.0
580684504,30.0
580684505,30.0
580687590,30.0
580687591,30.0
580687592,30.0
580687593,30.0
580687594,30.0
580687595,30.0
580687596,30.0
580687597,30.0
580687598,30.0
580687599,30.0
580687600,30.0
580687601,30.0
580687602,30.0
580687603,30.0
580687604,30.0
580687605,30.0
580687606,30.0
580687607,20.0
580687608,20.0
580687609,30.0
580687610,30.0
580687611,30.0
580689184,30.0
580689185,30.0
580689187,30.0
580689188,30.0
580689189,30.0
580689190,30.0
580689191,30.0
580689192,30.0
580689193,30.0
580689194,30.0
580689195,30.0
580689196,30.0
580689197,30.0
580689198,30.0
580689199,30.0
580689200,30.0
580689201,30.0
580689202,30.0
580689203,30.0
580689204,30.0
580689205,30.0
580689206,30.0
580689207,30.0
580689208,30.0
580689209,30.0
580689210,30.0
580689211,30.0
580689212,30.0
580689213,30.0
580689214,30.0
580689216,30.0
580689218,30.0
580689220,30.0
580689221,30.0
580689223,30.0
580689225,30.0
580689227,30.0
580689229,30.0
580689231,30.0
580689233,30.0
580689243,30.0
580689245,30.0
580689247,30.0
580689249,30.0
580689251,30.0
580689253,30.0
580689255,30.0
580689256,30.0
580689257,30.0
580689258,30.0
580689259,30.0
580689260,30.0
580689261,30.0
580689262,30.0
580689263,30.0
580690894,30.0
580690895,30.0
580690896,30.0
580690897,30.0
580690898,30.0
580690899,30.0
580690900,30.0
580690901,30.0
580690902,30.0
580694234,30.0
580694235,30.0
580694236,30.0
580694237,20.0
580695325,30.0
580695326,30.0
580695327,30.0
580695328,30.0
580695329,30.0
580695330,30.0
580695331,30.0
580695332,30.0
580695333,30.0
580695334,30.0
580695335,30.0
580695336,30.0
580695337,30.0
580695338,30.0
580695339,30.0
580695340,30.0
580695341,30.0
580695342,30.0
580695343,30.0
580695344,30.0
580695345,30.0
580695346,30.0
580695347,30.0
580695348,30.0
580695349,30.0
580695350,30.0
580695351,30.0
580695352,30.0
580695815,30.0
580695816,30.0
580695817,30.0
580697147,25.0
580697148,25.0
580697149,30.0
580697150,30.0
580697151,30.0
580697152,30.0
580697153,30.0
580697154,30.0
580697155,30.0
580697156,30.0
580697157,30.0
580697158,30.0
580697159,30.0
580697160,30.0
580697161,30.0
580697162,30.0
580697163,30.0
580697164,30.0
580697165,30.0
580697166,30.0
580697167,30.0
580697168,30.0
580697169,30.0
580697170,30.0
580699801,30.0
580699802,30.0
580699803,30.0
580699804,30.0
580699805,30.0
580699806,30.0
580699807,30.0
580699808,30.0
580699809,30.0
580699810,30.0
580699811,30.0
580699812,30.0
580699813,30.0
580699814,30.0
580699815,30.0
580699816,30.0
580699817,30.0
580699818,30.0
580700269,30.0
580705428,30.0
580705967,30.0
580705968,30.0
580705969,30.0
580705970,30.0
580705971,30.0
580705972,30.0
580705973,30.0
580705974,30.0
580705975,20.0
580705976,20.0
580705977,30.0
580705978,30.0
580705979,30.0
580705980,30.0
580705981,30.0
580705982,30.0
580705984,30.0
580705986,30.0
580705987,30.0
580705988,30.0
580705990,30.0
580705991,30.0
580705993,30.0
580705994,20.0
580705995,30.0
580705997,30.0
580705998,30.0
580705999,30.0
580706000,30.0
580706001,30.0
580706002,30.0
580706004,30.0
580706006,30.0
580706008,30.0
580706009,30.0
580706011,30.0
580706012,30.0
580706014,30.0
580706016,30.0
580706017,30.0
580706019,30.0
580706021,30.0
580706023,30.0
580706024,30.0
580706025,30.0
580706026,30.0
580706027,30.0
580706028,30.0
580706029,30.0
580706030,30.0
580706031,30.0
580706032,30.0
580706033,30.0
580706034,30.0
580715073,30.0
580715075,30.0
580715077,30.0
580715079,30.0
580715080,30.0
580715083,30.0
580720020,30.0
580720021,30.0
580720022,30.0
580720023,30.0
580720025,30.0
580720026,30.0
580720027,30.0
580720029,30.0
580720031,30.0
580720032,30.0
580720033,30.0
580721359,30.0
580721360,30.0
580721361,30.0
580721362,30.0
580721363,30.0
580721364,30.0
580721365,30.0
580721366,30.0
580721367,30.0
580721368,30.0
580721369,30.0
580721370,30.0
580721371,30.0
580721372,30.0
580721373,30.0
580721374,30.0
580721375,30.0
580721376,30.0
580721377,30.0
580721378,30.0
580721379,30.0
580721380,30.0
580721381,30.0
580721382,30.0
580721383,30.0
580721384,30.0
580721385,30.0
580733874,30.0
580733875,30.0
580733876,30.0
580733877,30.0
580733878,30.0
580733879,30.0
580733880,30.0
580733881,30.0
580733882,30.0
580733883,30.0
580733884,30.0
580733886,30.0
580733887,30.0
580733888,30.0
580733889,30.0
580733890,30.0
580733891,30.0
580733892,30.0
580733893,30.0
580733894,30.0
580733895,30.0
580733896,30.0
580733897,30.0
580733898,30.0
580733899,30.0
580733900,30.0
580733902,30.0
580733903,30.0
580733904,30.0
580733905,30.0
580733906,30.0
580733907,30.0
580733908,30.0
580733909,30.0
580738215,30.0
580738216,30.0
580738217,30.0
580738218,30.0
580738219,30.0
580738220,30.0
580738221,30.0
580738222,30.0
580738223,25.0
580738224,30.0
580738225,30.0
580738226,25.0
580738227,30.0
580738228,25.0
580738229,30.0
580738230,30.0
580738231,30.0
580742548,30.0
580742550,30.0
580742552,30.0
580742554,30.0
580742556,30.0
580742557,30.0
580742559,30.0
580745368,30.0
580745369,30.0
580745370,30.0
580745372,30.0
580745373,30.0
580745374,30.0
580748614,30.0
580748615,30.0
580748616,30.0
580748617,30.0
580748618,30.0
580748619,30.0
580748620,30.0
580748621,30.0
580748622,30.0
580748623,30.0
580748624,30.0
580748625,30.0
580748626,30.0
580748627,30.0
580748628,30.0
580748629,30.0
580748630,30.0
580748631,30.0
580761058,30.0
580765080,20.0
580765081,20.0
580765082,20.0
580765083,20.0
580765084,20.0
580765085,20.0
580765086,20.0
580765087,20.0
580774987,30.0
580774988,30.0
580774989,30.0
580774990,30.0
580774991,30.0
580774992,30.0
580774993,30.0
580774994,30.0
580774995,30.0
580774996,30.0
580774997,30.0
580774998,30.0
580775036,30.0
580775037,30.0
580775038,20.0
580775039,20.0
580775040,20.0
580775041,20.0
580775043,20.0
580775044,20.0
580775045,30.0
580775046,30.0
580775047,30.0
580775048,20.0
580775049,30.0
580775050,30.0
580775051,30.0
580775052,30.0
580775053,30.0
580775054,30.0
580775056,30.0
580775057,30.0
580775058,30.0
580775059,30.0
580775060,30.0
580775061,30.0
580775485,30.0
580775488,30.0
580775490,30.0
580775491,30.0
580775493,30.0
580775495,30.0
580775496,30.0
580775498,30.0
580775499,30.0
580775502,20.0
580775504,20.0
580775505,20.0
580777907,20.0
580777908,30.0
580777909,20.0
580777910,20.0
580777911,20.0
580777912,20.0
580777913,20.0
580777914,20.0
580777915,30.0
580777916,30.0
580777917,30.0
580777918,30.0
580777919,30.0
580777920,30.0
580785472,30.0
580785473,30.0
580785474,30.0
580785475,30.0
580785476,30.0
580785477,30.0
580785478,30.0
580785479,30.0
580785480,30.0
580785481,30.0
580785482,30.0
580785483,30.0
580785484,30.0
580785485,30.0
580785486,30.0
580785488,30.0
580785489,30.0
580785491,30.0
580785493,30.0
580785495,30.0
580785498,20.0
580785499,30.0
580785501,30.0
580785502,30.0
580785504,20.0
580787368,30.0
580787369,20.0
580787370,20.0
580787371,20.0
580787372,20.0
580787373,30.0
580787374,30.0
580787375,30.0
580787376,30.0
580787377,30.0
580787378,30.0
580787379,30.0
580787380,30.0
580787381,30.0
580787382,30.0
580787383,30.0
580787384,40.0
580787385,40.0
580787386,30.0
580787387,40.0
580787388,40.0
580791071,30.0
580791072,30.0
580791073,30.0
581028408,30.0
581038504,30.0
581038505,30.0
581038506,30.0
581038507,30.0
581038508,30.0
581038509,30.0
581038510,30.0
581038511,30.0
581038512,30.0
581038513,30.0
581038514,30.0
581038515,30.0
581038516,30.0
581038517,30.0
581038518,30.0
581038519,30.0
581038520,30.0
581038521,30.0
581038522,30.0
581038523,30.0
581038524,30.0
581038525,30.0
581038526,30.0
581038527,30.0
581038528,30.0
581038529,30.0
581038530,30.0
581038531,30.0
581038532,30.0
581038533,30.0
581038534,30.0
581038535,30.0
581038536,30.0
581038537,30.0
581038538,30.0
581038539,30.0
581038540,30.0
581038541,30.0
581038542,30.0
581038543,30.0
581038544,30.0
581038545,30.0
581038546,30.0
581039451,30.0
581039452,30.0
581039453,30.0
581039454,30.0
581039455,30.0
581039456,30.0
581039457,30.0
581039458,30.0
581039459,30.0
581039460,30.0
581039461,30.0
581039462,30.0
581039463,30.0
581039464,30.0
581041473,30.0
581041474,30.0
581041476,30.0
581041477,30.0
581041478,30.0
581041479,25.0
581041480,30.0
581041481,30.0
581041482,30.0
581041483,30.0
581041484,30.0
581041485,30.0
581041486,30.0
581041487,30.0
581041488,30.0
581041489,30.0
581041490,30.0
581041491,30.0
581041492,30.0
581041493,30.0
581041494,30.0
581041496,30.0
581041497,30.0
581041499,30.0
581041500,30.0
581041501,30.0
581041502,30.0
581041503,30.0
581041504,30.0
581041505,30.0
581041506,30.0
581041507,30.0
581041509,30.0
581041510,30.0
581041511,30.0
581046623,30.0
581046624,30.0
581046625,30.0
581046626,30.0
581046627,30.0
581046628,30.0
581052905,30.0
581052908,30.0
581052909,30.0
581052910,30.0
581052911,30.0
581052912,30.0
581052913,30.0
581052914,30.0
581052915,30.0
581052916,30.0
581052917,30.0
581052918,30.0
581052919,30.0
581052920,30.0
581057653,30.0
581057654,20.0
581057655,20.0
581058903,30.0
581058904,30.0
581058905,30.0
581058906,30.0
581058907,30.0
581058908,30.0
581058909,30.0
581058910,30.0
581058911,30.0
581058912,30.0
581058913,30.0
581058914,30.0
581058915,30.0
581058916,30.0
581058917,30.0
581058918,30.0
581067503,30.0
581067504,30.0
581067505,30.0
581067506,30.0
581067507,30.0
581067508,30.0
581067509,30.0
581070753,30.0
581070755,30.0
581070756,30.0
581070758,30.0
581070760,30.0
581070762,30.0
581070764,30.0
581070766,30.0
581094179,30.0
581094180,30.0
581094181,30.0
581094182,30.0
581094183,30.0
581097890,30.0
581097891,30.0
581097892,30.0
581097893,30.0
581097894,30.0
581097895,30.0
581097896,30.0
581097897,30.0
581102601,30.0
581102602,30.0
581102603,30.0
581102604,30.0
581102605,30.0
581102606,30.0
581102607,30.0
581102608,30.0
581102609,30.0
581102610,30.0
581102611,30.0
581107511,30.0
581107512,30.0
581107513,30.0
581107514,30.0
581107516,30.0
581107517,30.0
581107518,30.0
581107519,30.0
581107520,30.0
581107521,30.0
581107522,30.0
581107523,30.0
581107524,30.0
581107525,30.0
581107526,30.0
581107527,30.0
581107528,30.0
581107530,25.0
581107531,30.0
581107532,30.0
581107533,30.0
581116963,30.0
581116964,30.0
581116966,30.0
581116967,30.0
581116968,30.0
581116969,30.0
581116970,30.0
581116971,30.0
581116972,30.0
581116973,30.0
581116974,30.0
581116975,30.0
581116976,30.0
581116977,30.0
581116978,30.0
581116979,30.0
581116980,30.0
581116981,30.0
581116982,30.0
581116984,30.0
581116986,30.0
581120456,30.0
581120458,30.0
581120460,30.0
581120462,30.0
581121336,30.0
581121338,30.0
581121340,30.0
581121342,30.0
581121344,30.0
581121346,30.0
581121349,30.0
581121352,30.0
581121356,20.0
581121359,20.0
581121362,30.0
581121389,30.0
581121392,30.0
581121395,30.0
581121397,20.0
581121399,20.0
581121401,30.0
581121403,30.0
581121405,30.0
581122764,30.0
581122765,30.0
581122767,30.0
581122768,30.0
581122769,30.0
581122770,30.0
581122771,30.0
581147671,30.0
581147672,30.0
581147673,30.0
581147674,30.0
581147675,30.0
581147676,30.0
581147677,30.0
581147678,30.0
581147679,30.0
581147680,30.0
581151622,30.0
581151623,30.0
581151624,30.0
581151625,30.0
581151626,30.0
581151627,30.0
581151628,30.0
581151629,30.0
581151630,30.0
581151632,30.0
581151633,30.0
581158354,30.0
581158355,30.0
581158357,30.0
581158359,30.0
581158361,30.0
581158363,30.0
581158367,30.0
581158368,30.0
581158369,30.0
581158370,30.0
581158371,30.0
581158372,30.0
581158373,30.0
581158374,30.0
581158375,30.0
581158376,30.0
581158377,30.0
581162203,30.0
581162204,30.0
581162205,30.0
581162206,30.0
581162207,30.0
581162208,30.0
581162209,30.0
581162210,30.0
581162211,30.0
581162212,30.0
581162486,30.0
581162487,30.0
581162488,30.0
581162489,30.0
581162490,30.0
581162491,30.0
581164149,30.0
581164151,30.0
581164153,30.0
581164155,30.0
581164157,30.0
581164159,30.0
581164161,30.0
581164163,30.0
581164164,30.0
581164166,30.0
581164168,30.0
581164170,30.0
581164172,30.0
581164174,30.0
581164176,30.0
581167069,30.0
581167070,30.0
581167071,30.0
581167072,20.0
581167073,20.0
581167074,20.0
581167075,30.0
581167076,30.0
581167077,30.0
581167078,30.0
581167079,30.0
581167080,30.0
581167081,30.0
581167082,30.0
581167083,30.0
581167084,30.0
581167085,30.0
581167086,30.0
581167087,30.0
581167088,30.0
581167089,30.0
581167090,30.0
581167091,30.0
581167092,30.0
581167093,30.0
581167581,30.0
581167584,30.0
581176332,30.0
581176360,30.0
581176363,30.0
581176365,30.0
581176368,30.0
581178464,30.0
581178466,30.0
581178468,30.0
581420225,30.0
581420226,30.0
581420227,30.0
581420228,30.0
581420229,30.0
581420230,30.0
581420231,30.0
581420232,30.0
581420233,30.0
581420234,30.0
581420235,30.0
581420236,30.0
581423128,20.0
581423129,30.0
581423130,30.0
581423131,30.0
581423132,30.0
581423133,30.0
581423134,30.0
581423135,30.0
581423136,30.0
581423137,30.0
581423138,30.0
581428269,30.0
581428270,30.0
581428271,30.0
581428272,30.0
581428273,30.0
581428274,30.0
581428275,30.0
581429485,30.0
581429486,30.0
581429489,30.0
581429490,30.0
581430381,30.0
581430382,30.0
581430383,30.0
581431475,30.0
581431476,30.0
581431477,20.0
581431478,20.0
581431479,20.0
581435663,30.0
581435664,30.0
581435665,30.0
581435666,30.0
581435669,30.0
581435670,30.0
581435672,30.0
581435673,30.0
581435674,30.0
581435675,30.0
581435676,30.0
581435677,30.0
581435678,30.0
581435679,30.0
581435680,30.0
581435681,30.0
581435682,30.0
581435683,30.0
581435686,30.0
581435687,30.0
581435688,30.0
581435690,30.0
581436917,25.0
581436918,25.0
581436919,25.0
581438626,30.0
581438627,25.0
581438628,30.0
581438629,30.0
581438630,25.0
581438631,30.0
581438632,30.0
581439124,30.0
581439126,30.0
581439128,30.0
581439131,30.0
581439133,30.0
581439135,30.0
581439137,30.0
581439139,30.0
581439141,30.0
581439144,30.0
581439146,30.0
581439147,30.0
581439149,30.0
581439764,30.0
581439765,30.0
581439766,30.0
581439767,30.0
581439768,30.0
581439769,30.0
581439770,30.0
581439771,30.0
581441239,30.0
581441240,30.0
581441242,30.0
581441244,30.0
581441247,30.0
581441249,30.0
581441275,30.0
581441276,30.0
581441277,30.0
581441278,30.0
581441279,30.0
581441280,30.0
581441281,30.0
581441282,30.0
581441283,30.0
581441284,30.0
581441285,30.0
581441286,30.0
581441287,30.0
581441288,30.0
581441289,30.0
581442679,30.0
581442681,20.0
581442682,30.0
581444517,30.0
581444518,25.0
581444519,25.0
581444520,30.0
581444521,30.0
581444942,30.0
581444943,30.0
581444944,30.0
581444945,30.0
581444946,30.0
581444947,30.0
581444948,30.0
581444949,30.0
581444950,30.0
581445799,30.0
581445800,30.0
581445801,30.0
581445802,30.0
581445803,30.0
581450393,30.0
581450394,30.0
581450395,30.0
581450396,30.0
581450397,30.0
581450398,30.0
581450399,30.0
581450400,30.0
581450401,30.0
581450402,30.0
581451106,30.0
581451107,30.0
581451109,30.0
581451111,30.0
581451113,30.0
581451115,30.0
581451116,30.0
581451119,30.0
581451121,30.0
581451123,30.0
581451124,30.0
581451126,30.0
581451128,30.0
581451133,30.0
581451136,30.0
581451138,30.0
581451140,30.0
581451142,30.0
581451143,30.0
581451146,30.0
581451148,30.0
581451150,30.0
581451152,30.0
581451155,30.0
581451157,30.0
581451159,30.0
581451161,30.0
581451162,30.0
581451164,30.0
581451167,30.0
581451169,30.0
581451171,30.0
581451173,30.0
581451175,30.0
581451176,30.0
581451178,30.0
581451180,30.0
581451182,30.0
581451184,30.0
581451186,30.0
581451187,30.0
581451189,30.0
581451191,30.0
581451193,30.0
581451195,30.0
581451198,30.0
581451201,30.0
581451202,30.0
581451204,30.0
581451206,30.0
581451208,30.0
581451210,30.0
581451212,30.0
581451214,30.0
581451216,30.0
581451218,30.0
581451221,30.0
581451223,30.0
581451224,30.0
581451225,30.0
581451226,30.0
581451227,30.0
581451228,30.0
581451229,30.0
581451230,30.0
581451231,30.0
581451232,30.0
581451233,30.0
581451234,30.0
581451235,30.0
581451236,30.0
581451237,30.0
581451238,30.0
581451239,30.0
581451240,30.0
581451241,30.0
581451242,30.0
581451243,30.0
581451244,30.0
581451245,30.0
581451246,30.0
581451247,30.0
581451248,30.0
581451249,30.0
581451250,30.0
581451251,30.0
581451252,30.0
581451254,24.0
581451255,24.0
581451256,24.0
581451257,24.0
581451258,24.0
581451259,24.0
581451260,24.0
581451261,30.0
581451262,24.0
581451263,30.0
581451264,24.0
581458834,30.0
581458835,30.0
581458836,30.0
581458837,30.0
581458838,30.0
581458839,30.0
581458840,30.0
581458841,30.0
581459443,30.0
581459447,30.0
581459450,30.0
581459453,20.0
581459457,20.0
581459460,30.0
581459464,30.0
581459468,30.0
581459473,30.0
581459475,30.0
581459478,30.0
581459481,30.0
581459483,30.0
581461748,30.0
581461749,30.0
581461750,30.0
581461751,30.0
581461752,30.0
581461753,30.0
581461754,30.0
581461755,30.0
581461756,30.0
581462943,30.0
581462944,30.0
581462945,30.0
581462946,30.0
581462947,30.0
581462948,30.0
581462949,30.0
581462950,30.0
581462951,30.0
581462952,30.0
581462954,30.0
581462994,30.0
581462995,30.0
581462996,30.0
581462997,30.0
581465890,30.0
581465891,30.0
581465892,30.0
581465893,30.0
581465895,30.0
581465897,30.0
581465899,30.0
581465900,30.0
581466169,30.0
581466170,30.0
581466172,30.0
581466173,30.0
581466175,30.0
581472972,30.0
581472976,30.0
581472980,30.0
581472983,30.0
581472986,30.0
581472988,30.0
581472991,30.0
581472994,30.0
581472995,30.0
581472998,30.0
581473001,30.0
581473003,40.0
581473008,40.0
581473012,40.0
581473016,40.0
581473019,30.0
581476894,30.0
581476895,30.0
581476896,30.0
581476897,30.0
581476898,30.0
581476899,30.0
581476900,30.0
581476901,30.0
581476902,30.0
581476903,30.0
581476904,30.0
581476905,30.0
581476906,30.0
581476907,30.0
581476908,30.0
581476909,30.0
581476910,30.0
581476911,30.0
581476912,25.0
581476913,30.0
581476914,30.0
581476916,30.0
581476918,30.0
581476920,30.0
581476922,30.0
581476924,30.0
581476926,30.0
581476928,30.0
581476930,30.0
581476931,30.0
581476932,30.0
581476933,30.0
581476934,30.0
581476935,30.0
581476936,30.0
581476937,30.0
581476938,30.0
581476939,30.0
581476940,30.0
581476941,30.0
581476942,30.0
581476943,30.0
581476944,30.0
581476945,30.0
581476946,30.0
581476947,30.0
581476948,30.0
581476949,30.0
581476950,30.0
581476951,30.0
581476952,30.0
581476953,30.0
581476954,30.0
581476955,30.0
581494483,30.0
581494484,30.0
581494485,30.0
581494486,30.0
581494487,30.0
581494488,30.0
581494489,30.0
581494490,30.0
581494491,30.0
581494492,30.0
581494493,30.0
581494494,30.0
581494496,30.0
581494497,30.0
581495561,30.0
581496366,30.0
581496367,30.0
581496499,30.0
581496502,30.0
581496503,30.0
581496505,30.0
581496507,30.0
581499010,30.0
581499011,30.0
581499013,20.0
581499014,30.0
581499015,30.0
581499016,30.0
581499017,30.0
581502278,30.0
581502281,30.0
581502282,30.0
581502284,30.0
581502286,30.0
581502291,30.0
581502293,30.0
581509855,30.0
581509856,30.0
581509857,30.0
581509858,30.0
581509859,30.0
581509860,30.0
581513860,24.0
581513861,20.0
581513865,24.0
581513866,24.0
581513868,20.0
581513869,30.0
581513870,30.0
581513871,20.0
581513872,24.0
581513874,20.0
581513875,20.0
581515491,30.0
581515492,30.0
581515493,30.0
581517374,30.0
581517376,20.0
581517582,30.0
581517583,30.0
581517584,30.0
581517585,30.0
581517586,30.0
581517587,30.0
581517588,30.0
581517589,30.0
581517590,30.0
581517591,30.0
581517592,30.0
581517593,30.0
581518317,30.0
581518410,40.0
581518411,40.0
581727279,30.0
581727280,40.0
581727281,40.0
581727282,50.0
581727283,50.0
581727991,30.0
581727992,30.0
581728838,30.0
581729074,30.0
581729075,30.0
581729077,20.0
581730243,30.0
581730245,30.0
581730246,30.0
581730248,30.0
581730249,30.0
581730312,30.0
581730313,30.0
581732093,30.0
581732094,30.0
581732097,25.0
581732098,30.0
581732099,30.0
581732100,30.0
581732101,40.0
581732102,30.0
581732103,30.0
581732104,30.0
581732105,30.0
581732106,30.0
581732107,30.0
581738747,30.0
581738748,30.0
581738749,30.0
581738750,30.0
581738751,30.0
581739540,30.0
581739541,30.0
581739542,30.0
581739543,30.0
581739544,30.0
581739545,30.0
581739546,30.0
581739547,30.0
581739578,30.0
581739580,30.0
581739581,30.0
581739582,30.0
581740775,30.0
581740776,25.0
581740777,30.0
581740778,30.0
581740779,30.0
581740781,30.0
581740782,25.0
581740783,30.0
581740784,30.0
581740785,30.0
581740786,30.0
581740787,30.0
581740788,30.0
581740789,30.0
581740790,30.0
581740791,30.0
581740792,30.0
581740793,30.0
581740794,30.0
581748506,30.0
581748509,30.0
581748512,30.0
581748515,30.0
581748524,30.0
581748530,30.0
581748533,30.0
581748537,30.0
581748539,30.0
581748542,30.0
581748544,30.0
581748788,30.0
581748789,30.0
581748790,30.0
581748791,30.0
581748792,30.0
581748793,30.0
581748794,30.0
581748795,30.0
581751000,30.0
581751002,30.0
581751004,30.0
581751007,30.0
581751010,30.0
581751012,30.0
581751014,30.0
581751015,30.0
581751017,30.0
581751028,30.0
581753236,30.0
581753237,30.0
581753238,30.0
581753239,30.0
581753240,30.0
581753241,30.0
581753242,30.0
581753243,30.0
581753244,30.0
581753245,30.0
581753246,30.0
581756066,30.0
581756067,30.0
581756069,30.0
581756070,30.0
581756071,30.0
581756072,40.0
581756073,40.0
581756075,20.0
581756077,30.0
581756189,30.0
581756190,30.0
581756191,30.0
581756192,30.0
581756193,30.0
581756194,30.0
581756197,30.0
581756198,30.0
581756199,30.0
581756200,30.0
581756202,30.0
581756203,30.0
581756204,30.0
581756205,30.0
581756207,30.0
581756208,30.0
581756209,30.0
581756210,30.0
581756421,30.0
581762467,30.0
581762468,30.0
581762469,30.0
581762470,30.0
581762471,30.0
581762472,30.0
581762473,30.0
581762474,30.0
581762813,30.0
581762814,30.0
581762815,30.0
581762816,30.0
581762817,30.0
581762818,30.0
581762819,30.0
581762820,45.0
581762821,45.0
581762822,45.0
581762823,45.0
581762824,30.0
581762825,30.0
581762826,30.0
581762827,30.0
581762828,30.0
581762829,30.0
581762830,30.0
581762831,30.0
581762832,30.0
581762833,30.0
581762834,30.0
581762835,30.0
581762836,30.0
581762837,30.0
581762838,30.0
581762839,30.0
581762840,30.0
581762841,30.0
581764616,30.0
581770216,30.0
581770217,30.0
581770218,30.0
581770219,30.0
581770220,30.0
581770221,30.0
581770222,30.0
581770225,30.0
581770226,30.0
581770227,30.0
581770230,30.0
581770231,30.0
581770232,30.0
581771946,30.0
581771948,30.0
581771950,30.0
581771952,30.0
581771954,30.0
581771955,30.0
581771957,30.0
581782256,30.0
581782257,30.0
581782258,30.0
581782259,30.0
581782260,30.0
581782261,30.0
581782262,30.0
581782263,30.0
581782264,30.0
581782265,30.0
581782266,30.0
581782267,30.0
581782268,30.0
581782269,30.0
581782270,30.0
581783126,30.0
581783127,30.0
581783128,30.0
581783129,30.0
581783130,30.0
581783131,25.0
581783132,25.0
581783183,30.0
581783184,30.0
581783185,30.0
581783186,30.0
581783187,30.0
581783188,30.0
581783189,30.0
581783190,30.0
581783191,30.0
581783192,30.0
581783193,30.0
581783194,30.0
581783195,30.0
581783196,30.0
581783197,30.0
581783198,30.0
581783199,30.0
581783200,30.0
581783201,30.0
581783202,30.0
581783203,30.0
581783204,30.0
581783205,30.0
581783206,30.0
581783207,30.0
581783208,30.0
581783209,30.0
581783210,30.0
581783211,30.0
581783212,30.0
581783213,30.0
581783214,30.0
581785656,30.0
581785657,30.0
581785658,30.0
581785659,30.0
581785660,30.0
581785661,30.0
581785662,30.0
581785663,30.0
581785664,30.0
581785665,30.0
581785666,30.0
581785975,30.0
581785977,30.0
581785981,30.0
581785984,30.0
581786047,20.0
581786048,20.0
581786049,20.0
581786050,20.0
581786051,20.0
581786052,20.0
581786053,20.0
581786054,20.0
581786055,30.0
581786056,30.0
581786057,30.0
581786058,30.0
581786059,30.0
581786060,30.0
581786061,30.0
581786063,30.0
581786064,30.0
581786065,30.0
581786133,20.0
581790781,30.0
581790783,30.0
581790785,30.0
581790787,30.0
581790790,30.0
581790792,30.0
581790793,30.0
581790797,30.0
581791556,30.0
581791558,30.0
581791561,30.0
581791564,30.0
581791566,30.0
581791569,30.0
581791571,30.0
581791573,30.0
581791575,30.0
581794111,30.0
581794113,30.0
581794114,30.0
581794115,30.0
581794116,30.0
581794117,30.0
581794118,30.0
581794119,30.0
581794120,30.0
581794121,30.0
581794122,30.0
581797144,30.0
581797146,30.0
581799392,30.0
581799393,30.0
581799399,30.0
581799400,30.0
581799401,30.0
581799402,30.0
581799403,30.0
581799404,30.0
581799405,30.0
581799406,30.0
581799407,30.0
581799408,25.0
581799409,30.0
581799410,30.0
581799411,30.0
581799412,30.0
581799413,30.0
581799414,30.0
581799416,30.0
581799417,30.0
581800815,30.0
581800816,30.0
581800817,30.0
581800818,30.0
581800819,30.0
581800820,30.0
581800821,30.0
581800822,30.0
581800823,30.0
581800824,30.0
581800825,30.0
581800826,30.0
581800827,30.0
581800828,30.0
581824299,30.0
581824300,30.0
581824302,30.0
581824304,30.0
581824306,30.0
581824308,30.0
581824310,30.0
581825545,30.0
581825551,30.0
581825552,30.0
581825555,30.0
581825558,30.0
581825560,30.0
581825563,25.0
581825565,30.0
581825568,30.0
581825571,30.0
581825574,30.0
581826951,30.0
581826952,30.0
581826954,30.0
581826956,30.0
581826957,30.0
581826960,30.0
581826962,30.0
581826964,30.0
581826966,20.0
581826968,30.0
581826969,30.0
581826971,30.0
581826973,30.0
581826974,30.0
581826975,30.0
581836211,30.0
581836212,30.0
581836213,30.0
581836216,30.0
581836218,30.0
581840476,30.0
581840477,30.0
581840478,30.0
581840479,30.0
581840480,30.0
581840481,20.0
581840482,20.0
581840483,20.0
581840484,30.0
581840485,30.0
581840486,30.0
581840742,25.0
581840743,25.0
581840744,25.0
581840745,30.0
581840746,30.0
581840747,30.0
581844014,30.0
581844015,30.0
581844016,30.0
581844017,30.0
581844844,30.0
581844846,30.0
581844848,30.0
581844850,30.0
581844852,30.0
581844854,30.0
581844856,30.0
581844858,30.0
581847003,20.0
581847315,30.0
581847316,30.0
581847317,30.0
581847318,30.0
581847319,30.0
581847320,30.0
581847321,30.0
581847322,30.0
581847323,30.0
581847324,30.0
581847325,30.0
581847326,30.0
581847329,30.0
581847330,30.0
581847332,30.0
581847335,30.0
581847337,30.0
581847339,30.0
581849078,30.0
581849079,30.0
581849080,30.0
581849081,30.0
581851030,30.0
581851031,30.0
581851032,20.0
581851033,30.0
582051265,30.0
582051266,30.0
582051267,40.0
582051268,25.0
582051269,25.0
582051270,25.0
582338507,30.0
582338509,30.0
582338520,30.0
582338522,30.0
582338524,30.0
582338527,30.0
582338529,30.0
582338532,30.0
582338534,30.0
582338536,30.0
582338538,30.0
582338540,30.0
582338542,30.0
582338544,30.0
582338546,30.0
582715865,20.0
582715866,20.0
582715867,20.0
582715868,30.0
582715869,30.0
582715870,30.0
582717037,30.0
582717038,30.0
582717039,30.0
582717040,30.0
582717041,30.0
582717042,30.0
582717043,30.0
582717044,30.0
582717045,30.0
582717150,30.0
582717151,30.0
582717152,30.0
582717153,30.0
582717154,30.0
582717155,30.0
582717156,30.0
582717747,30.0
582717748,30.0
582717749,30.0
582718273,30.0
582718274,30.0
582718275,20.0
582718276,20.0
582718277,30.0
582718278,20.0
582718279,20.0
582719263,30.0
582719264,30.0
582719265,30.0
582719266,30.0
582719267,30.0
582719268,30.0
582719269,30.0
582719270,30.0
582719271,30.0
582719272,30.0
582719273,30.0
582719274,30.0
582719275,30.0
582719276,30.0
582719277,30.0
582719278,30.0
582719279,30.0
582719280,30.0
582719281,30.0
582719282,30.0
582719283,30.0
582719284,30.0
582719285,30.0
582719286,30.0
582719287,30.0
582719826,30.0
582732488,30.0
582732489,30.0
582732490,30.0
582732491,30.0
582732492,30.0
582732493,30.0
582732494,30.0
582732495,30.0
582732496,30.0
582732497,30.0
582732498,30.0
582732499,30.0
582732501,30.0
582732502,30.0
582732503,30.0
582732504,30.0
582732505,30.0
582732506,30.0
582732507,30.0
582732508,30.0
582734007,30.0
582734008,30.0
582734009,30.0
582734010,30.0
582734011,30.0
582734012,30.0
582734013,30.0
582734014,30.0
582734015,30.0
582734016,30.0
582734017,30.0
582736696,30.0
582736697,30.0
582736698,30.0
582736699,30.0
582736701,30.0
582736702,30.0
582736703,30.0
582736705,30.0
582736706,30.0
582736707,30.0
582736708,30.0
582736709,30.0
582736710,30.0
582736711,30.0
582736712,30.0
582736713,30.0
582737422,30.0
582737423,30.0
582737424,30.0
582739666,30.0
582739668,30.0
582739671,25.0
582753923,30.0
582756828,30.0
582756829,30.0
582756830,30.0
582756831,30.0
582756832,30.0
582756833,30.0
582756835,30.0
582756837,30.0
582756838,30.0
582756840,30.0
582756841,30.0
582756842,30.0
582756843,30.0
582756844,30.0
582756845,30.0
582759559,30.0
582759560,30.0
582759561,30.0
582759562,30.0
582759563,30.0
582759564,30.0
582759565,30.0
582759566,30.0
582759567,20.0
582759569,30.0
582759570,30.0
582759571,30.0
582759572,30.0
582759573,30.0
582759574,30.0
582759575,30.0
582759576,20.0
582759577,30.0
582759578,30.0
582759579,30.0
582759580,30.0
582759581,30.0
582759582,30.0
582759583,30.0
582759584,30.0
582759585,30.0
582759586,30.0
582759587,30.0
582759588,20.0
582759589,20.0
582759590,20.0
582759591,30.0
582759592,30.0
582759593,30.0
582759594,30.0
582759595,30.0
582759596,30.0
582759597,30.0
582759598,30.0
582759599,30.0
582759600,50.0
582759601,50.0
582759602,30.0
582759603,30.0
582759604,30.0
582759605,30.0
582759606,30.0
582759607,30.0
582759608,30.0
582759609,30.0
582760130,25.0
582760131,30.0
582760132,30.0
582760133,30.0
582760134,30.0
582760135,30.0
582760136,30.0
582761440,30.0
582762801,30.0
582776601,30.0
582776602,30.0
582776603,30.0
582776604,30.0
582779813,30.0
582785952,30.0
582785953,30.0
582785954,30.0
582785955,30.0
582789932,30.0
582789934,30.0
582789936,30.0
582789938,30.0
582789940,30.0
582789942,30.0
582789943,30.0
582789945,30.0
582789946,30.0
582789948,30.0
582789949,30.0
582789950,30.0
582789952,30.0
582789954,30.0
582789956,30.0
582792419,30.0
582792420,30.0
582792421,30.0
582792422,30.0
582792423,30.0
582792424,30.0
582792425,30.0
582792426,30.0
582792427,30.0
582792428,30.0
582792429,30.0
582792430,30.0
582792431,30.0
582792432,30.0
582792433,30.0
582792434,30.0
582792435,30.0
582792436,30.0
582792437,30.0
582792438,30.0
582792439,30.0
582792440,30.0
582792441,30.0
582792442,30.0
582792443,30.0
582792444,30.0
582792445,30.0
582792446,30.0
582792447,30.0
582792448,30.0
582794669,30.0
582794670,30.0
582799577,25.0
582807250,30.0
582807253,30.0
582807254,20.0
582807256,20.0
582807258,20.0
582807260,20.0
582807261,20.0
582807263,20.0
582807266,20.0
582807269,20.0
582807271,20.0
582807273,30.0
582807275,30.0
582807277,20.0
582807281,30.0
582807283,30.0
582807285,30.0
582807287,30.0
582807289,30.0
582807291,30.0
582807292,30.0
582807293,20.0
582807294,20.0
582807295,30.0
582807296,30.0
582807297,30.0
582807298,30.0
582807299,30.0
582807300,30.0
582813167,30.0
582813170,30.0
582813171,30.0
582813172,30.0
582813173,30.0
582813174,30.0
582814274,30.0
582814277,30.0
582814279,30.0
582814281,30.0
582814284,30.0
582814286,30.0
582814288,30.0
582814290,30.0
582814291,30.0
582814294,30.0
582819498,30.0
582834288,30.0
582834289,30.0
582834290,30.0
582834291,30.0
582834292,30.0
582834293,30.0
582834294,30.0
582834295,30.0
582834296,30.0
582834297,30.0
582834298,30.0
582834299,30.0
582834300,30.0
582834301,30.0
582834302,30.0
582834303,30.0
582834304,30.0
582834312,30.0
582834313,30.0
582834314,30.0
582834315,30.0
582834316,30.0
582834317,30.0
582834318,30.0
582834319,30.0
582834320,30.0
582834321,30.0
582834322,30.0
582834323,30.0
582834324,30.0
582834325,30.0
582834326,30.0
582834327,30.0
582834328,30.0
582834329,30.0
582834330,30.0
582834331,30.0
582834332,30.0
582834334,30.0
582834335,30.0
582834336,30.0
582834337,30.0
582834338,30.0
582834339,30.0
582834340,30.0
582834341,30.0
582834342,30.0
582834343,30.0
582840071,30.0
582840072,30.0
582840073,30.0
582840074,30.0
582842852,25.0
582842853,25.0
582842854,30.0
582886431,30.0
582886432,30.0
582886433,30.0
582886434,20.0
583064812,30.0
583064813,30.0
583064814,30.0
583064815,30.0
583064816,30.0
583064817,30.0
583064818,30.0
583064819,30.0
583064820,30.0
583064821,30.0
583064822,30.0
583064823,30.0
583064824,30.0
583064825,30.0
583066610,30.0
583066611,30.0
583066612,30.0
583066613,30.0
583066614,30.0
583066615,30.0
583066617,30.0
583066618,30.0
583069118,30.0
583069119,30.0
583069120,30.0
583069121,30.0
583069122,30.0
583069123,30.0
583069124,30.0
583069125,30.0
583069126,30.0
583069127,30.0
583069128,30.0
583069129,30.0
583069130,30.0
583069131,30.0
583069132,30.0
583069133,30.0
583069134,30.0
583069135,30.0
583069136,30.0
583074953,30.0
583074954,30.0
583074955,30.0
583074956,30.0
583076015,30.0
583076016,30.0
583076017,30.0
583076018,30.0
583076019,30.0
583076020,30.0
583076021,30.0
583076022,30.0
583076023,30.0
583090586,50.0
583090589,50.0
583090591,50.0
583090594,50.0
583090597,30.0
583090599,50.0
583090600,50.0
583090601,50.0
583090602,30.0
583090603,30.0
583090604,30.0
583090605,30.0
583090606,30.0
583090607,30.0
583090608,30.0
583090609,30.0
583090610,30.0
583090611,30.0
583090612,30.0
583090613,30.0
583090614,30.0
583090615,30.0
583090616,30.0
583101116,30.0
583101117,30.0
583101118,30.0
583101121,30.0
583101122,30.0
583101123,30.0
583101124,30.0
583101125,30.0
583101126,30.0
583101128,50.0
583101129,30.0
583101130,30.0
583101131,30.0
583101132,30.0
583101134,30.0
583101136,30.0
583101138,30.0
583101139,30.0
583101141,30.0
583101142,30.0
583101143,30.0
583101144,30.0
583101145,30.0
583101146,30.0
583101148,30.0
583101149,30.0
583101151,30.0
583101153,30.0
583101154,30.0
583101687,30.0
583101688,30.0
583101980,30.0
583101981,30.0
583105624,25.0
583105625,30.0
583105629,40.0
583105630,30.0
583105632,30.0
583105635,30.0
583105638,40.0
583111148,20.0
583111149,30.0
583111150,30.0
583111151,30.0
583111152,30.0
583111153,30.0
583111154,30.0
583111155,30.0
583111156,30.0
583111157,30.0
583111158,30.0
583111159,30.0
583111160,30.0
583111161,30.0
583111162,30.0
583111163,50.0
583111165,50.0
583111167,50.0
583111168,50.0
583111169,30.0
583111170,30.0
583111171,30.0
583111172,30.0
583111173,30.0
583111174,30.0
583111175,20.0
583111176,20.0
583111177,20.0
583111179,20.0
583111181,20.0
583111182,20.0
583111183,20.0
583111184,30.0
583111186,30.0
583111242,25.0
583111243,30.0
583111244,30.0
583111245,30.0
583112758,30.0
583112759,30.0
583112760,30.0
583117272,30.0
583117273,30.0
583117274,30.0
583118071,30.0
583118074,30.0
583119346,50.0
583119347,50.0
583119348,50.0
583119349,50.0
583139432,30.0
583141241,30.0
583141242,30.0
583141243,30.0
583145536,30.0
583145537,30.0
583145538,30.0
583145539,45.0
583145541,45.0
583148190,30.0
583152615,30.0
583158651,30.0
583158652,30.0
583158653,30.0
583158654,30.0
583158655,30.0
583158656,30.0
583384066,24.0
583384067,30.0
583384068,30.0
583384069,30.0
583384070,30.0
583384071,30.0
583384072,24.0
583386826,30.0
583386827,30.0
583386828,30.0
583386829,45.0
583386830,45.0
583386832,30.0
583386833,30.0
583386834,30.0
583386835,30.0
583386836,30.0
583386837,30.0
583386838,30.0
583386841,30.0
583386842,30.0
583386843,30.0
583386844,30.0
583386845,45.0
583386846,30.0
583387737,30.0
583387738,25.0
583387739,30.0
583387740,25.0
583387741,25.0
583387742,30.0
583387743,30.0
583387745,25.0
583387746,25.0
583387747,30.0
583387748,25.0
583387749,30.0
583387750,30.0
583387751,30.0
583387752,25.0
583387753,25.0
583387754,30.0
583387755,40.0
583387756,40.0
583387757,40.0
583387758,40.0
583387759,25.0
583387760,40.0
583391242,30.0
583391243,30.0
583391244,50.0
583392307,30.0
583392308,30.0
583392309,30.0
583392310,30.0
583392311,30.0
583392312,30.0
583392313,30.0
583392314,30.0
583392315,30.0
583392316,30.0
583392317,30.0
583392318,30.0
583392319,30.0
583392320,30.0
583393446,25.0
583393447,25.0
583393448,25.0
583393449,25.0
583393450,30.0
583393451,25.0
583393452,25.0
583393453,25.0
583393745,30.0
583393746,30.0
583393748,30.0
583393749,30.0
583393751,30.0
583395811,30.0
583395812,30.0
583395813,30.0
583395814,30.0
583396287,30.0
583396288,30.0
583396290,30.0
583396291,30.0
583396292,30.0
583396293,30.0
583396294,30.0
583396295,30.0
583396296,30.0
583396297,30.0
583396298,30.0
583396299,30.0
583396300,30.0
583396301,30.0
583396302,30.0
583396303,30.0
583396304,30.0
583396305,30.0
583396306,30.0
583396912,30.0
583397997,30.0
583397998,30.0
583397999,30.0
583398000,30.0
583398001,30.0
583398002,30.0
583398003,30.0
583398004,30.0
583398005,30.0
583398006,30.0
583398007,30.0
583398008,30.0
583398009,30.0
583398010,30.0
583398011,30.0
583398012,30.0
583398013,30.0
583398014,30.0
583400818,30.0
583400819,30.0
583400820,30.0
583400821,30.0
583400822,30.0
583400823,30.0
583400825,16.0
583400827,16.0
583400828,25.0
583400833,30.0
583400834,30.0
583400835,30.0
583400836,30.0
583400837,30.0
583400838,20.0
583400839,20.0
583400840,30.0
583400842,30.0
583400843,30.0
583400845,30.0
583400846,30.0
583400847,30.0
583400848,30.0
583400849,30.0
583400850,30.0
583400851,30.0
583401896,30.0
583401898,50.0
583401901,50.0
583401904,30.0
583401905,30.0
583401906,30.0
583401907,30.0
583401908,30.0
583401909,20.0
583401910,20.0
583401911,20.0
583401912,20.0
583401913,20.0
583401914,30.0
583401915,30.0
583401916,30.0
583401917,30.0
583401918,30.0
583401919,30.0
583402885,30.0
583402886,30.0
583402887,30.0
583405212,30.0
583405214,30.0
583405216,30.0
583405218,30.0
583405219,30.0
583405221,30.0
583405222,30.0
583405223,30.0
583405224,30.0
583405226,30.0
583405228,30.0
583405230,30.0
583405231,30.0
583405233,30.0
583405235,30.0
583405237,30.0
583405239,30.0
583405241,30.0
583405242,30.0
583405244,30.0
583405246,30.0
583405248,30.0
583405249,30.0
583405251,30.0
583405253,30.0
583405255,30.0
583408994,30.0
583408995,30.0
583408996,30.0
583412570,30.0
583413233,30.0
583416890,20.0
583416891,30.0
583416892,30.0
583416893,30.0
583416894,30.0
583416895,30.0
583416896,30.0
583416897,20.0
583416898,30.0
583417794,30.0
583417795,30.0
583417796,30.0
583417797,30.0
583417798,30.0
583417799,30.0
583417800,30.0
583417801,30.0
583417802,30.0
583417803,30.0
583417804,30.0
583417805,30.0
583417806,30.0
583422430,30.0
583422431,30.0
583422433,30.0
583422434,30.0
583422963,30.0
583422964,20.0
583422968,20.0
583422970,24.0
583422972,20.0
583422974,20.0
583423755,30.0
583423756,30.0
583423757,30.0
583423758,30.0
583423759,30.0
583423760,30.0
583423761,30.0
583423762,30.0
583423763,30.0
583424338,30.0
583424339,30.0
583424340,30.0
583424341,30.0
583425663,20.0
583425664,30.0
583425665,30.0
583432747,30.0
583432748,30.0
583432749,30.0
583432750,30.0
583432751,30.0
583434584,25.0
583434585,30.0
583434586,30.0
583434587,30.0
583434588,30.0
583434589,25.0
583434590,30.0
583434591,30.0
583434592,30.0
583434593,30.0
583434594,30.0
583434595,30.0
583434596,30.0
583434597,30.0
583434598,30.0
583434599,30.0
583434600,30.0
583435191,20.0
583439478,30.0
583439479,30.0
583439480,30.0
583439481,30.0
583439482,30.0
583441501,30.0
583441502,30.0
583441503,30.0
583441504,30.0
583441505,30.0
583441506,30.0
583441507,30.0
583441508,30.0
583441509,30.0
583441510,30.0
583441511,30.0
583441512,30.0
583441513,30.0
583441514,30.0
583441515,30.0
583441516,30.0
583441517,30.0
583441518,30.0
583441519,30.0
583441520,30.0
583441522,30.0
583441524,30.0
583441526,30.0
583441528,30.0
583441529,30.0
583441531,30.0
583444110,30.0
583444111,30.0
583444112,30.0
583444113,30.0
583444114,30.0
583446896,20.0
583449147,30.0
583449148,30.0
583449149,30.0
583449150,30.0
583451659,30.0
583451660,30.0
583451661,30.0
583451662,30.0
583451663,30.0
583451665,30.0
583451666,30.0
583451667,30.0
583451668,30.0
583451669,30.0
583451670,30.0
583451671,30.0
583451672,30.0
583451673,30.0
583451674,30.0
583451675,30.0
583451676,30.0
583451677,24.0
583451679,30.0
583451680,30.0
583451681,30.0
583451682,30.0
583451683,30.0
583451684,30.0
583451685,30.0
583451686,30.0
583451687,30.0
583451688,30.0
583451689,30.0
583451690,30.0
583451691,30.0
583451693,30.0
583451694,30.0
583527641,40.0
583527644,30.0
583527646,30.0
583527647,25.0
583527660,30.0
583527663,30.0
583527664,40.0
583527665,25.0
583603251,30.0
583604658,24.0
583604659,20.0
583604660,20.0
583604661,24.0
583604662,24.0
583604663,24.0
583604664,24.0
583604985,30.0
583604986,25.0
583604987,30.0
583605326,30.0
583605327,30.0
583605328,30.0
583605329,30.0
583605330,30.0
583609506,30.0
583609507,30.0
583609508,30.0
583609859,30.0
583609860,45.0
583609861,45.0
583610979,20.0
583610983,24.0
583610985,24.0
583610991,24.0
583610992,24.0
583610993,24.0
583610995,24.0
583610996,24.0
583610997,24.0
583610998,24.0
583610999,24.0
583612313,30.0
583612315,30.0
583612317,30.0
583612319,30.0
583612322,30.0
583612388,24.0
583612389,24.0
583612390,24.0
583613253,30.0
583613254,30.0
583613255,30.0
583613256,30.0
583613257,30.0
583613258,30.0
583613259,30.0
583613260,30.0
583613261,30.0
583613262,30.0
583613263,30.0
583614502,30.0
583614503,30.0
583614504,30.0
583614505,30.0
583614506,30.0
583614507,30.0
583614508,30.0
583614509,30.0
583614510,30.0
583614511,30.0
583614512,30.0
583614513,30.0
583616732,30.0
583616733,30.0
583616734,30.0
583616735,30.0
583616736,30.0
583616737,30.0
583617246,30.0
583617247,30.0
583617248,30.0
583617249,30.0
583617250,30.0
583617252,30.0
583617253,30.0
583617254,30.0
583619384,30.0
583619385,30.0
583619386,30.0
583619387,30.0
583619388,30.0
583619389,30.0
583619390,30.0
583619391,30.0
583619392,30.0
583619393,30.0
583619394,30.0
583619395,30.0
583619396,30.0
583619397,30.0
583619398,30.0
583619399,30.0
583619400,30.0
583619401,30.0
583619402,30.0
583619403,30.0
583619694,30.0
583619695,30.0
583620953,30.0
583620954,30.0
583620955,30.0
583620956,30.0
583620958,30.0
583620960,30.0
583620961,30.0
583620962,30.0
583620963,30.0
583620964,30.0
583620965,30.0
583620966,30.0
583620967,30.0
583620968,30.0
583620969,30.0
583620970,30.0
583620971,30.0
583620972,30.0
583620973,30.0
583620974,30.0
583620975,30.0
583620976,30.0
583620977,30.0
583620978,30.0
583620979,30.0
583620980,30.0
583620981,30.0
583620982,30.0
583620983,30.0
583620984,30.0
583620985,30.0
583621047,30.0
583621048,30.0
583621049,30.0
583621050,30.0
583621051,30.0
583621052,30.0
583621053,30.0
583621054,30.0
583621055,30.0
583621056,30.0
583621690,30.0
583621691,30.0
583622316,30.0
583622317,30.0
583623024,30.0
583623025,30.0
583623026,30.0
583623374,30.0
583623375,30.0
583623376,30.0
583623377,30.0
583623378,30.0
583623379,30.0
583623380,30.0
583623381,30.0
583623382,30.0
583623383,30.0
583625508,30.0
583625509,30.0
583625510,30.0
583625511,30.0
583625513,30.0
583625515,30.0
583627482,30.0
583627483,30.0
583627484,30.0
583627485,30.0
583627486,30.0
583627487,30.0
583627488,30.0
583627489,30.0
583627490,30.0
583627491,30.0
583627492,30.0
583627493,30.0
583627494,30.0
583627495,30.0
583627516,30.0
583627517,30.0
583627518,30.0
583627519,30.0
583627520,30.0
583627521,30.0
583628847,30.0
583628849,30.0
583628850,30.0
583628851,30.0
583628852,30.0
583628853,30.0
583628854,30.0
583632263,30.0
583632265,30.0
583632267,30.0
583632268,30.0
583632271,30.0
583632273,30.0
583632275,30.0
583632277,30.0
583632278,30.0
583632280,30.0
583632282,30.0
583632284,30.0
583637676,30.0
583637677,30.0
583637679,30.0
583637680,30.0
583637681,30.0
583637682,30.0
583637683,30.0
583637684,30.0
583637685,30.0
583637686,30.0
583637687,30.0
583637688,30.0
583637689,30.0
583637690,30.0
583638992,30.0
583638993,30.0
583638994,30.0
583638995,30.0
583638996,30.0
583638997,30.0
583638998,30.0
583638999,30.0
583639000,30.0
583639001,30.0
583639003,30.0
583639004,30.0
583639005,30.0
583639007,30.0
583639009,30.0
583639010,30.0
583639011,30.0
583639012,30.0
583639013,30.0
583650353,25.0
583650354,30.0
583650355,30.0
583650356,30.0
583650357,30.0
583650358,30.0
583650359,30.0
583650360,30.0
583650361,30.0
583650362,30.0
583650363,30.0
583650366,30.0
583650367,30.0
583650368,30.0
583650369,30.0
583650370,30.0
583650371,30.0
583650372,30.0
583650373,30.0
583650374,30.0
583650375,30.0
583650376,30.0
583650377,30.0
583650378,30.0
583650379,30.0
583650380,30.0
583650381,30.0
583650382,30.0
583650383,30.0
583650384,30.0
583650385,30.0
583650386,30.0
583650387,30.0
583650388,30.0
583650389,30.0
583650390,30.0
583650391,30.0
583650392,30.0
583650393,30.0
583650394,30.0
583650395,30.0
583650396,30.0
583650397,30.0
583653027,30.0
583653028,30.0
583653029,30.0
583653571,30.0
583653574,30.0
583653577,30.0
583653579,30.0
583653582,30.0
583653585,30.0
583653586,30.0
583655158,30.0
583655160,25.0
583655161,25.0
583655162,25.0
583655164,30.0
583655165,25.0
583655381,30.0
583655382,30.0
583655383,30.0
583658700,30.0
583658701,30.0
583658702,30.0
583659020,30.0
583659021,30.0
583660296,30.0
583660297,30.0
583660298,30.0
583663364,30.0
583663369,30.0
583663370,30.0
583663372,30.0
583663376,30.0
583663377,30.0
583663378,30.0
583663381,30.0
583831482,30.0
583831484,30.0
583831485,30.0
583831486,30.0
583831488,30.0
583831489,30.0
583831491,30.0
583831493,30.0
583831495,30.0
583831497,30.0
583831499,30.0
583831500,30.0
583831502,30.0
583831505,30.0
583831507,30.0
583831509,30.0
583831511,30.0
583831513,30.0
583831515,30.0
583831517,30.0
583831519,30.0
583831522,30.0
583831524,30.0
583831526,30.0
583831528,30.0
583831539,30.0
583831540,30.0
583831543,30.0
583831544,30.0
583831545,30.0
583831546,30.0
583839117,30.0
583839118,30.0
583839119,30.0
583839120,30.0
583839121,30.0
583839122,30.0
583839124,30.0
583839125,30.0
583839126,30.0
583839127,30.0
583839128,30.0
583839129,30.0
583839130,30.0
583839147,30.0
583839148,30.0
583839150,30.0
583839151,30.0
583839152,30.0
583839153,30.0
583839154,30.0
583839155,30.0
583839156,30.0
583841944,30.0
583841945,30.0
583841946,30.0
583841947,30.0
583841948,30.0
583841949,30.0
583841950,30.0
583841951,30.0
583841952,30.0
583841953,30.0
583841954,30.0
583841955,30.0
583841956,30.0
583841957,30.0
583841958,30.0
583841959,30.0
583841960,30.0
583842617,30.0
583842618,30.0
583842619,30.0
583842620,30.0
583842621,30.0
583842622,30.0
583842623,30.0
583842625,30.0
583842626,30.0
583842627,30.0
583842628,30.0
583842629,30.0
583842630,30.0
583842631,30.0
583842632,30.0
583842633,30.0
583842634,30.0
583843311,30.0
583843312,30.0
583843313,30.0
583843314,30.0
583843315,30.0
583843316,30.0
583843317,30.0
583843318,30.0
583843319,30.0
583843321,30.0
583843322,30.0
583843323,30.0
583843324,30.0
583843325,30.0
583843326,30.0
583843327,30.0
583843328,30.0
583843329,30.0
583843330,30.0
583843331,30.0
583843332,30.0
583843333,30.0
583843334,30.0
583843335,30.0
583843336,30.0
583843337,30.0
583843338,30.0
583843822,30.0
583843823,30.0
583843824,20.0
583843825,20.0
583843826,20.0
583843827,20.0
583843828,30.0
583846172,30.0
583846173,30.0
583846174,30.0
583846175,30.0
583846176,30.0
583846177,30.0
583846178,30.0
583846180,30.0
583846181,30.0
583846184,30.0
583846187,30.0
583846188,30.0
583846190,30.0
583846192,30.0
583846193,30.0
583846194,30.0
583846195,30.0
583846196,30.0
583846197,30.0
583846198,30.0
583846199,30.0
583846200,30.0
583846201,30.0
583846202,30.0
583847662,30.0
583847663,30.0
583847664,30.0
583847665,30.0
583847667,30.0
583847668,30.0
583847669,30.0
583847670,30.0
583847671,30.0
583847672,30.0
583847673,30.0
583847674,30.0
583847675,30.0
583847676,30.0
583847677,30.0
583847678,30.0
583847679,30.0
583847680,30.0
583847681,30.0
583847682,30.0
583847683,30.0
583847684,30.0
583847686,30.0
583847687,30.0
583847688,30.0
583847690,30.0
583847691,30.0
583847692,30.0
583847693,50.0
583847694,50.0
583847695,50.0
583847696,50.0
583847697,30.0
583847698,50.0
583847730,30.0
583847731,30.0
583847732,30.0
583848657,30.0
583849894,30.0
583849895,30.0
583849896,30.0
583849897,30.0
583849898,30.0
583849899,30.0
583849900,30.0
583849901,30.0
583849902,30.0
583849903,30.0
583849904,30.0
583849905,30.0
583849906,30.0
583849907,30.0
583849908,30.0
583849909,30.0
583849910,30.0
583849911,30.0
583849912,30.0
583849913,30.0
583849914,30.0
583849915,30.0
583849916,30.0
583849917,30.0
583849918,30.0
583851802,30.0
583851803,30.0
583851804,30.0
583851805,30.0
583851806,30.0
583852282,30.0
583853479,30.0
583853480,30.0
583853481,30.0
583853482,30.0
583853483,30.0
583853485,30.0
583853486,30.0
583853487,30.0
583853488,20.0
583853489,20.0
583853490,20.0
583853491,20.0
583853493,30.0
583853494,30.0
583853495,30.0
583853496,30.0
583853497,20.0
583853498,20.0
583853499,30.0
583853501,30.0
583853502,30.0
583853503,30.0
583853504,30.0
583853505,30.0
583853506,30.0
583853507,30.0
583853508,30.0
583853509,30.0
583861544,30.0
583861545,30.0
583861546,30.0
583861547,30.0
583861548,30.0
583861550,30.0
583861551,30.0
583861552,30.0
583861553,30.0
583861554,30.0
583861555,30.0
583861556,30.0
583861557,30.0
583861558,30.0
583861559,30.0
583861560,30.0
583861561,30.0
583861562,30.0
583861563,30.0
583861564,30.0
583861565,30.0
583862124,30.0
583862125,30.0
583862126,30.0
583862127,30.0
583862364,30.0
583862365,30.0
583862366,30.0
583862382,30.0
583862384,30.0
583865165,30.0
583865167,30.0
583865170,30.0
583865172,30.0
583865174,30.0
583865176,30.0
583865178,30.0
583865179,30.0
583865181,30.0
583865183,30.0
583865185,30.0
583865187,30.0
583865189,30.0
583865191,30.0
583865193,30.0
583865195,30.0
583865197,30.0
583865199,30.0
583865201,30.0
583865203,30.0
583865205,30.0
583865207,30.0
583865208,30.0
583865210,30.0
583865212,30.0
583865215,30.0
583865216,30.0
583865218,30.0
583865245,30.0
583865248,30.0
583865249,30.0
583865251,30.0
583865254,30.0
583865257,30.0
583865259,30.0
583865262,30.0
583865265,30.0
583865268,30.0
583865271,30.0
583865275,30.0
583865278,30.0
583865280,30.0
583865283,30.0
583865286,30.0
583865288,30.0
583865291,30.0
583865293,30.0
583868541,30.0
583868542,30.0
583868543,30.0
583868544,30.0
583870414,30.0
583870415,30.0
583870416,30.0
583870417,30.0
583870418,30.0
583870420,30.0
583870421,30.0
583870422,30.0
583870423,30.0
583870424,30.0
583870425,30.0
583870426,30.0
583870427,30.0
583870428,30.0
583870429,30.0
583870430,30.0
583870431,20.0
583870432,30.0
583870433,30.0
583870434,30.0
583870436,30.0
583870440,30.0
583870442,30.0
583870443,30.0
583870444,30.0
583870445,30.0
583870455,20.0
583870456,20.0
583870457,20.0
583870458,20.0
583870459,30.0
583870460,30.0
583870501,25.0
583870533,30.0
583870534,30.0
583870535,30.0
583870536,30.0
583870537,30.0
583870538,30.0
583870539,30.0
583870540,30.0
583870541,30.0
583870542,30.0
583870543,30.0
583870544,30.0
583870545,30.0
583870546,30.0
583872517,30.0
583872518,30.0
583872519,30.0
583872520,30.0
583872521,30.0
583872522,30.0
583872523,30.0
583872524,30.0
583872525,30.0
583872526,30.0
583872527,30.0
583872528,30.0
583875044,30.0
583875045,30.0
583875865,30.0
583875866,30.0
583875867,30.0
583875868,30.0
583875869,30.0
583875870,30.0
583875871,30.0
583875872,30.0
583875874,25.0
583875875,30.0
583875876,30.0
583876234,30.0
583876235,30.0
583876236,30.0
583876238,30.0
583876239,30.0
583876240,30.0
583876241,30.0
583876242,30.0
583876243,30.0
583876374,30.0
583876375,30.0
583876376,30.0
583876380,30.0
583876381,30.0
583876383,30.0
583876384,30.0
583876385,30.0
583876386,30.0
583876387,30.0
583876388,30.0
583883136,30.0
583887837,30.0
583887838,30.0
583887839,30.0
583887840,30.0
583887842,30.0
583887844,30.0
583887846,30.0
583887848,30.0
583887850,30.0
583887855,30.0
583890388,30.0
583890389,30.0
583890390,30.0
583890391,30.0
583890392,30.0
583890393,30.0
583890394,30.0
583890395,30.0
583890396,30.0
583890397,30.0
583890398,30.0
583890399,30.0
583890400,30.0
583890401,30.0
583890402,30.0
583890403,30.0
583890404,30.0
583890405,30.0
583890406,30.0
583890407,30.0
583890408,30.0
583896659,30.0
583896660,30.0
583896662,30.0
583896663,45.0
583896665,30.0
583896666,30.0
583896668,30.0
583896669,30.0
583896670,30.0
583896672,30.0
583896673,30.0
583896674,30.0
583896675,30.0
583896676,30.0
583896677,30.0
583896678,30.0
583896679,30.0
583896680,30.0
583896681,30.0
583896682,30.0
583896936,20.0
583896937,20.0
583896938,30.0
583896940,30.0
583896942,30.0
583896944,30.0
583896945,30.0
583896947,30.0
583896950,30.0
583896952,30.0
583896954,30.0
583896956,30.0
583896957,30.0
583902156,30.0
583902157,30.0
583902158,30.0
583902159,30.0
583902160,30.0
583902161,30.0
583902162,30.0
583902163,30.0
583902164,30.0
583902165,30.0
583902166,30.0
583902167,30.0
583902168,30.0
583902169,30.0
583902170,30.0
583902171,30.0
583902172,30.0
583902173,30.0
583902174,30.0
583902175,30.0
583902176,30.0
583902177,20.0
583902178,30.0
583902179,30.0
583902180,45.0
583902181,45.0
583904304,30.0
583904305,30.0
583904306,30.0
584034270,30.0
584034271,30.0
584225155,20.0
584227976,30.0
584227977,30.0
584227978,30.0
584227979,25.0
584490540,30.0
584490541,30.0
584490542,30.0
584490543,30.0
584490544,30.0
584490545,30.0
584490546,30.0
584490547,30.0
584490548,30.0
584490549,30.0
584490550,30.0
584492842,30.0
584492843,30.0
584492844,30.0
584492845,30.0
584492846,30.0
584492847,30.0
584492848,30.0
584492849,30.0
584492850,30.0
584492966,30.0
584492968,30.0
584492969,30.0
584492971,30.0
584492973,30.0
584492975,30.0
584492976,30.0
584492978,30.0
584492980,30.0
584492982,30.0
584492984,30.0
584492985,30.0
584492987,30.0
584492989,30.0
584492991,30.0
584492992,30.0
584492994,30.0
584492996,30.0
584492997,30.0
584492999,30.0
584493001,30.0
584493003,30.0
584493004,30.0
584493005,30.0
584493007,30.0
584493009,30.0
584493011,30.0
584493013,30.0
584493015,30.0
584493017,30.0
584493019,30.0
584493020,30.0
584493022,30.0
584493024,30.0
584493026,30.0
584493028,30.0
584493642,25.0
584499215,30.0
584499216,30.0
584499217,30.0
584499218,30.0
584499219,30.0
584499220,30.0
584499221,30.0
584499222,30.0
584499223,30.0
584499224,30.0
584502758,30.0
584502760,30.0
584502761,30.0
584502762,30.0
584502763,30.0
584502764,30.0
584502765,30.0
584502766,30.0
584502767,30.0
584502768,30.0
584502769,30.0
584502770,30.0
584502771,30.0
584502772,30.0
584502773,30.0
584502774,30.0
584502775,30.0
584502776,30.0
584502777,30.0
584502778,30.0
584502779,30.0
584502780,30.0
584502781,30.0
584502782,30.0
584502783,30.0
584502784,30.0
584502785,30.0
584502786,30.0
584502787,30.0
584503935,30.0
584503936,30.0
584503937,30.0
584503938,30.0
584503939,30.0
584503940,30.0
584503941,30.0
584503942,30.0
584504306,30.0
584504307,40.0
584504309,30.0
584504310,30.0
584504311,30.0
584504312,30.0
584504313,30.0
584504314,30.0
584504315,30.0
584504316,30.0
584513515,30.0
584513516,30.0
584513517,30.0
584513518,30.0
584513519,30.0
584513520,30.0
584513521,30.0
584513522,25.0
584513523,30.0
584513524,30.0
584513525,30.0
584513526,30.0
584513527,30.0
584513528,30.0
584513529,30.0
584513530,30.0
584513531,30.0
584513532,30.0
584513533,30.0
584513534,30.0
584513535,30.0
584513536,30.0
584513537,30.0
584513538,30.0
584513539,30.0
584513540,30.0
584513541,30.0
584513542,30.0
584513543,30.0
584513544,30.0
584513545,30.0
584513546,30.0
584513547,30.0
584514275,20.0
584514276,30.0
584514277,30.0
584514278,30.0
584514279,30.0
584514280,30.0
584514281,30.0
584514283,30.0
584514284,30.0
584514285,30.0
584514286,30.0
584514287,30.0
584514288,30.0
584514289,30.0
584514290,30.0
584514291,30.0
584520019,30.0
584520021,30.0
584520023,30.0
584520025,30.0
584520027,30.0
584520030,30.0
584520035,30.0
584520040,30.0
584520475,30.0
584520476,30.0
584520477,30.0
584520478,30.0
584520479,30.0
584520480,30.0
584522606,30.0
584522607,30.0
584522608,30.0
584522609,30.0
584522610,30.0
584522611,30.0
584522612,30.0
584522613,30.0
584522614,30.0
584522615,30.0
584522616,30.0
584522617,30.0
584522618,30.0
584522619,30.0
584522620,30.0
584525069,30.0
584525070,30.0
584525071,30.0
584525072,30.0
584525073,30.0
584525074,25.0
584525075,30.0
584525076,30.0
584526076,30.0
584526078,30.0
584526079,30.0
584526081,30.0
584526084,30.0
584526086,30.0
584526087,30.0
584526088,30.0
584526089,30.0
584526101,30.0
584526102,30.0
584526103,30.0
584526104,30.0
584526105,30.0
584526106,30.0
584526107,30.0
584526108,30.0
584526109,30.0
584526110,30.0
584526111,30.0
584526112,30.0
584526113,30.0
584526114,30.0
584526115,30.0
584526116,30.0
584526118,30.0
584526119,30.0
584526658,30.0
584526659,30.0
584526660,30.0
584526661,30.0
584526662,30.0
584526663,30.0
584526664,30.0
584526665,30.0
584526666,30.0
584526667,30.0
584526668,30.0
584526669,30.0
584526670,30.0
584526671,30.0
584526976,30.0
584526977,30.0
584526978,30.0
584530693,30.0
584530694,30.0
584530695,30.0
584530696,30.0
584530697,30.0
584530698,30.0
584530699,30.0
584530700,30.0
584530702,30.0
584530703,30.0
584530705,30.0
584530706,30.0
584530707,30.0
584530708,30.0
584530709,30.0
584530710,30.0
584532351,30.0
584532352,30.0
584532353,30.0
584532354,30.0
584532355,30.0
584532356,30.0
584532357,30.0
584533977,30.0
584533978,30.0
584533979,30.0
584533980,30.0
584533981,30.0
584533982,20.0
584533983,20.0
584533984,30.0
584533985,20.0
584533986,30.0
584533987,30.0
584533988,30.0
584533989,30.0
584533990,30.0
584533991,30.0
584533992,30.0
584551437,30.0
584551438,30.0
584551441,30.0
584551444,30.0
584551447,30.0
584551450,30.0
584551453,30.0
584551457,30.0
584551460,30.0
584551464,30.0
584558906,30.0
584558907,30.0
584558908,30.0
584558910,30.0
584558911,30.0
584558912,30.0
584558913,30.0
584558914,30.0
584560023,30.0
584560024,30.0
584560025,30.0
584560026,30.0
584560027,30.0
584560028,30.0
584560029,30.0
584560030,20.0
584560031,20.0
584560032,20.0
584560033,20.0
584560034,20.0
584560035,20.0
584560036,20.0
584560037,20.0
584560038,20.0
584560039,20.0
584560040,20.0
584560041,20.0
584560042,20.0
584560043,20.0
584560044,20.0
584560045,20.0
584560046,30.0
584560047,30.0
584560048,30.0
584560049,30.0
584560050,30.0
584560051,30.0
584560052,30.0
584560053,30.0
584560054,30.0
584562420,30.0
584563119,30.0
584563120,30.0
584563121,30.0
584563122,30.0
584563123,25.0
584563124,25.0
584563126,20.0
584563127,24.0
584563128,25.0
584563129,20.0
584568503,30.0
584568504,30.0
584568505,30.0
584568506,30.0
584568507,30.0
584568508,30.0
584568509,30.0
584568510,30.0
584568511,30.0
584568512,30.0
584568609,30.0
584568610,30.0
584568611,30.0
584568612,30.0
584568613,30.0
584568614,30.0
584568615,30.0
584568616,30.0
584568617,30.0
584568618,30.0
584568619,30.0
584568620,30.0
584568621,30.0
584568622,30.0
584571876,30.0
584571877,30.0
584571878,30.0
584571879,30.0
584571880,30.0
584571881,30.0
584571882,30.0
584571883,30.0
584571884,20.0
584571885,20.0
584571889,30.0
584571891,30.0
584571892,30.0
584571895,30.0
584571897,20.0
584579231,30.0
584579232,25.0
584579233,30.0
584579234,30.0
584579235,25.0
584579236,30.0
584579237,30.0
584579238,30.0
584579239,30.0
584579240,30.0
584579241,30.0
584579242,30.0
584579243,30.0
584579244,30.0
584579245,30.0
584579246,30.0
584579247,30.0
584579248,30.0
584583919,30.0
584583920,30.0
584583921,30.0
584583922,30.0
584583923,30.0
584583924,30.0
584583925,30.0
584583926,30.0
584583927,30.0
584585845,20.0
584585850,20.0
584585853,20.0
584585856,20.0
584585858,20.0
584585860,20.0
584585863,20.0
584585864,20.0
584585865,20.0
584585867,20.0
584585868,20.0
584585870,20.0
584585871,20.0
584585873,20.0
584585874,20.0
584585875,20.0
584585877,30.0
584585878,30.0
584590596,30.0
584590597,30.0
584590598,30.0
584590599,30.0
584590600,30.0
584590601,30.0
584590602,30.0
584590603,30.0
584590604,30.0
584590605,30.0
584800278,30.0
584800279,30.0
584800280,30.0
584800281,30.0
584800282,30.0
584800283,30.0
584800284,30.0
584800285,30.0
584800286,30.0
584800287,24.0
584800288,30.0
584800289,24.0
584800849,30.0
584800850,30.0
584800851,30.0
584800852,30.0
584800853,30.0
584800854,30.0
584800855,30.0
584800856,30.0
584800857,30.0
584800858,30.0
584800859,30.0
584802819,20.0
584802820,20.0
584802821,20.0
584802822,20.0
584802823,20.0
584802824,20.0
584802825,20.0
584802826,20.0
584802827,20.0
584802828,20.0
584802829,20.0
584802830,20.0
584802831,20.0
584802832,20.0
584802833,20.0
584802834,20.0
584802835,20.0
584802836,20.0
584802837,20.0
584802838,20.0
584802839,30.0
584802840,30.0
584802842,20.0
584802844,20.0
584802845,20.0
584802847,20.0
584802929,30.0
584802930,30.0
584802931,30.0
584802932,30.0
584802933,30.0
584802934,30.0
584802935,30.0
584802936,30.0
584802937,30.0
584802938,30.0
584802939,30.0
584802940,30.0
584803439,30.0
584803440,30.0
584803441,30.0
584803442,30.0
584803443,30.0
584803444,30.0
584803445,30.0
584803446,30.0
584803447,30.0
584807919,25.0
584807920,30.0
584807921,30.0
584809020,30.0
584809021,30.0
584809022,30.0
584809023,30.0
584809024,30.0
584809025,30.0
584809026,30.0
584809041,30.0
584809042,30.0
584809043,30.0
584809044,30.0
584809045,30.0
584809046,30.0
584809047,30.0
584809048,30.0
584809049,30.0
584810540,30.0
584810541,30.0
584810542,30.0
584810543,30.0
584810544,30.0
584810545,30.0
584810546,30.0
584810547,30.0
584810548,30.0
584810549,30.0
584810550,30.0
584810551,30.0
584810552,30.0
584810553,30.0
584810554,30.0
584810555,30.0
584810556,30.0
584810557,30.0
584811185,30.0
584811186,30.0
584811187,30.0
584811188,30.0
584811189,30.0
584811609,20.0
584811610,20.0
584811611,30.0
584811612,20.0
584811613,20.0
584811614,20.0
584811615,30.0
584811616,20.0
584811617,20.0
584811618,20.0
584811840,30.0
584811841,30.0
584811842,30.0
584811843,30.0
584811844,30.0
584811845,30.0
584811846,30.0
584811847,30.0
584811848,30.0
584811849,20.0
584811850,20.0
584811851,20.0
584813184,30.0
584813185,30.0
584813186,30.0
584813188,30.0
584813190,30.0
584813191,30.0
584813192,30.0
584813193,30.0
584814054,30.0
584814055,30.0
584814056,30.0
584814057,30.0
584814058,30.0
584814059,30.0
584814060,30.0
584814061,30.0
584814062,30.0
584814063,30.0
584814064,30.0
584814065,30.0
584814592,20.0
584814593,20.0
584814594,20.0
584814595,20.0
584814596,20.0
584814597,30.0
584814598,30.0
584814599,30.0
584814600,30.0
584814601,20.0
584814602,30.0
584814603,30.0
584814604,30.0
584814605,30.0
584814606,30.0
584814607,30.0
584816130,30.0
584816131,30.0
584816132,20.0
584816133,30.0
584816134,30.0
584816135,30.0
584816136,20.0
584816137,20.0
584816193,20.0
584816194,20.0
584816195,20.0
584816196,30.0
584816197,30.0
584816198,30.0
584816199,20.0
584816200,20.0
584816201,20.0
584816202,20.0
584816203,20.0
584816204,20.0
584816205,20.0
584816206,20.0
584816207,30.0
584816241,30.0
584816242,30.0
584816243,30.0
584816244,30.0
584816245,30.0
584816246,30.0
584816247,30.0
584816248,30.0
584816249,30.0
584816250,30.0
584816251,30.0
584816291,30.0
584816292,30.0
584816293,30.0
584816295,30.0
584816296,30.0
584816297,30.0
584816298,30.0
584816299,30.0
584816300,30.0
584816951,30.0
584816952,30.0
584816953,30.0
584816954,30.0
584818818,30.0
584818819,30.0
584818820,30.0
584818822,30.0
584819761,30.0
584819762,30.0
584819763,30.0
584819764,30.0
584819765,30.0
584819766,30.0
584819767,30.0
584819768,30.0
584819769,30.0
584819770,30.0
584819771,30.0
584820761,30.0
584820762,30.0
584820763,30.0
584820764,30.0
584820765,30.0
584820766,30.0
584820767,30.0
584820812,30.0
584820813,30.0
584820814,30.0
584820815,30.0
584820816,25.0
584820817,30.0
584820818,30.0
584820819,30.0
584820820,30.0
584820821,30.0
584820822,30.0
584820823,30.0
584823500,30.0
584823906,20.0
584823907,30.0
584823908,30.0
584823909,30.0
584823910,30.0
584823947,30.0
584823948,30.0
584823949,30.0
584823950,30.0
584823951,30.0
584823952,30.0
584823953,30.0
584823954,30.0
584823955,30.0
584823956,30.0
584823957,30.0
584823958,30.0
584823959,30.0
584823960,30.0
584824050,30.0
584824051,30.0
584824052,30.0
584824053,30.0
584828119,30.0
584828120,30.0
584828121,30.0
584828122,30.0
584828123,30.0
584829723,20.0
584829724,20.0
584829725,20.0
584829726,20.0
584829727,20.0
584829728,20.0
584829729,20.0
584829730,30.0
584829731,30.0
584829732,30.0
584829733,30.0
584829734,30.0
584829735,30.0
584829736,30.0
584829737,30.0
584829738,30.0
584829739,30.0
584831221,30.0
584831222,30.0
584831223,30.0
584831224,30.0
584831225,30.0
584831649,20.0
584831650,20.0
584831651,20.0
584831652,20.0
584831653,20.0
584831654,20.0
584831655,20.0
584831656,20.0
584831657,20.0
584831658,20.0
584831659,20.0
584831660,20.0
584831661,20.0
584831662,20.0
584831663,20.0
584831664,20.0
584831665,30.0
584831666,20.0
584831667,30.0
584831668,30.0
584833596,30.0
584833597,30.0
584833598,30.0
584833599,30.0
584833600,30.0
584833601,30.0
584833602,30.0
584833603,30.0
584833604,30.0
584833605,30.0
584833606,30.0
584833607,30.0
584833608,30.0
584833609,30.0
584833610,30.0
584834475,20.0
584834476,20.0
584834477,20.0
584834478,20.0
584834479,20.0
584834480,20.0
584834481,20.0
584834482,30.0
584834483,20.0
584834484,20.0
584834485,20.0
584834486,20.0
584834487,20.0
584834488,20.0
584834489,20.0
584834490,20.0
584834492,20.0
584834493,20.0
584834494,20.0
584834495,20.0
584834496,20.0
584834497,20.0
584834498,20.0
584834774,30.0
584834775,30.0
584834776,30.0
584834777,30.0
584836144,30.0
584836146,20.0
584836147,20.0
584836148,20.0
584836149,25.0
584836150,30.0
584836151,30.0
584836152,30.0
584836153,30.0
584836154,20.0
584836155,20.0
584836156,20.0
584836157,30.0
584836158,30.0
584836159,30.0
584836160,20.0
584836161,20.0
584836162,20.0
584836163,20.0
584836164,20.0
584838341,30.0
584838342,30.0
584838343,30.0
584838344,30.0
584838345,30.0
584838346,30.0
584838347,30.0
584838348,30.0
584838349,30.0
584838350,30.0
584838352,30.0
584838353,30.0
584838355,30.0
584838356,30.0
584838357,30.0
584839469,20.0
584839470,20.0
584839471,20.0
584839472,20.0
584839473,30.0
584839474,30.0
584839475,20.0
584839476,20.0
584839477,20.0
584839478,20.0
584839479,20.0
584839480,20.0
584839481,20.0
584839482,20.0
584839483,20.0
584839484,20.0
584839485,20.0
584839486,20.0
584839487,20.0
584839488,20.0
584839547,30.0
584849355,30.0
584849357,30.0
584849358,30.0
584849360,30.0
584849361,30.0
584850599,30.0
584850601,30.0
584850603,30.0
584850605,30.0
584850607,30.0
584850609,30.0
584850611,30.0
584850613,30.0
584850615,30.0
584852245,30.0
584852246,30.0
584852247,30.0
584852248,30.0
584852249,30.0
584852250,30.0
584853165,30.0
584853166,30.0
584853167,30.0
584853168,30.0
584853169,30.0
584853170,30.0
584853171,30.0
584853172,30.0
584853173,30.0
584853174,30.0
584857003,30.0
584857004,30.0
584857005,20.0
584857006,30.0
584857629,20.0
584857630,50.0
584857631,20.0
584857632,20.0
584857633,20.0
584857634,30.0
584857635,30.0
584857636,30.0
584857637,30.0
584857638,30.0
584857639,30.0
584857640,30.0
584857641,30.0
584857642,30.0
584858031,30.0
584858032,30.0
584858033,30.0
584858034,30.0
584858035,30.0
584858036,30.0
584858037,30.0
584858038,30.0
584858039,30.0
584858442,30.0
584858443,30.0
584858444,30.0
584858445,30.0
584858446,30.0
584858447,30.0
584858448,30.0
584858449,30.0
584858450,30.0
584859723,30.0
584859724,30.0
584859725,30.0
584859726,24.0
584859728,30.0
584859729,30.0
584859730,30.0
584859731,30.0
584859732,30.0
584859733,30.0
584860279,30.0
584860280,30.0
584860281,30.0
584860282,30.0
584860283,30.0
584860284,30.0
584860285,30.0
584860287,30.0
584861525,30.0
585000877,30.0
585000878,30.0
585002758,30.0
585004037,30.0
585004040,30.0
585004042,30.0
585005946,30.0
585005947,30.0
585005948,30.0
585007632,30.0
585007633,30.0
585007634,30.0
585007635,30.0
585007636,30.0
585007637,30.0
585007638,30.0
585007976,30.0
585007978,30.0
585007980,30.0
585007981,30.0
585007983,30.0
585007985,30.0
585007987,30.0
585008064,30.0
585008065,30.0
585008066,30.0
585008067,30.0
585008068,25.0
585008069,25.0
585008070,25.0
585008071,30.0
585008072,30.0
585008073,30.0
585008074,30.0
585009722,30.0
585009723,30.0
585009724,30.0
585009725,30.0
585009726,30.0
585009727,30.0
585009728,30.0
585009729,30.0
585009730,30.0
585009731,30.0
585009732,20.0
585009733,20.0
585009734,20.0
585009735,30.0
585009736,20.0
585009737,30.0
585009738,30.0
585009739,30.0
585009740,30.0
585009741,30.0
585009742,30.0
585009743,30.0
585009744,20.0
585009745,20.0
585009746,30.0
585010263,30.0
585010264,30.0
585010265,30.0
585010266,30.0
585010267,30.0
585010268,30.0
585015861,30.0
585015863,30.0
585016417,30.0
585016418,30.0
585016419,30.0
585016420,30.0
585016421,30.0
585016422,30.0
585016423,30.0
585016424,30.0
585016425,30.0
585016426,30.0
585016555,30.0
585016556,30.0
585016557,30.0
585016558,30.0
585016559,30.0
585016560,30.0
585016561,30.0
585016562,30.0
585016563,30.0
585016564,25.0
585017272,30.0
585017273,30.0
585017274,30.0
585017275,30.0
585017277,30.0
585017278,30.0
585017525,30.0
585017526,30.0
585017527,30.0
585017528,30.0
585017529,30.0
585017530,30.0
585017531,30.0
585017532,30.0
585017533,30.0
585017534,30.0
585017535,30.0
585017658,30.0
585017659,30.0
585017660,30.0
585017661,30.0
585017662,30.0
585017663,30.0
585017665,30.0
585017666,30.0
585017667,30.0
585018192,30.0
585018193,30.0
585018194,30.0
585018195,30.0
585018196,30.0
585018197,30.0
585018198,30.0
585018199,30.0
585018200,30.0
585018201,24.0
585018202,24.0
585018203,24.0
585018204,30.0
585018205,30.0
585018649,30.0
585018650,30.0
585018651,30.0
585018652,30.0
585018653,30.0
585018654,30.0
585018655,30.0
585018656,30.0
585018657,30.0
585018658,30.0
585019002,30.0
585019005,30.0
585019007,30.0
585019009,30.0
585019011,30.0
585019013,30.0
585019016,30.0
585019019,30.0
585019020,30.0
585019023,30.0
585019024,30.0
585020628,30.0
585020629,30.0
585020630,30.0
585020631,30.0
585020633,30.0
585021006,30.0
585021007,30.0
585022859,30.0
585022860,30.0
585022861,30.0
585022862,30.0
585022863,30.0
585022864,30.0
585022865,30.0
585022866,30.0
585023681,30.0
585023682,30.0
585023683,30.0
585023684,30.0
585023685,20.0
585023686,16.0
585023687,20.0
585023688,20.0
585023689,30.0
585025105,30.0
585025106,30.0
585025107,30.0
585025108,30.0
585025109,30.0
585025110,30.0
585025111,30.0
585025113,30.0
585025115,30.0
585025118,30.0
585025120,30.0
585025124,30.0
585025129,30.0
585025131,30.0
585025133,30.0
585025137,30.0
585025140,30.0
585025141,30.0
585025142,30.0
585025143,30.0
585025549,20.0
585025550,30.0
585025551,30.0
585025552,30.0
585026631,30.0
585026634,30.0
585026635,30.0
585026636,30.0
585026637,30.0
585027235,30.0
585027236,30.0
585027237,30.0
585027238,30.0
585027239,30.0
585027240,30.0
585027241,30.0
585027242,30.0
585027243,30.0
585027244,30.0
585027245,30.0
585027246,30.0
585027247,30.0
585029701,30.0
585029703,30.0
585029705,30.0
585029706,30.0
585029708,30.0
585029709,30.0
585029711,30.0
585029713,30.0
585030391,30.0
585030392,30.0
585030393,30.0
585030394,30.0
585030395,30.0
585030396,30.0
585030397,30.0
585030398,30.0
585030399,30.0
585030400,30.0
585030401,30.0
585030402,30.0
585030403,30.0
585030404,30.0
585030405,30.0
585030406,30.0
585030407,30.0
585030408,30.0
585030409,30.0
585030978,30.0
585030979,30.0
585030980,30.0
585031251,30.0
585031252,30.0
585031253,30.0
585035940,30.0
585035941,30.0
585035942,30.0
585035944,30.0
585035946,30.0
585035947,30.0
585035948,30.0
585035949,20.0
585035950,20.0
585035951,30.0
585035952,30.0
585035979,20.0
585035980,30.0
585035981,30.0
585035982,30.0
585035983,30.0
585035984,30.0
585035985,30.0
585035986,30.0
585035987,30.0
585035988,30.0
585035989,30.0
585038560,30.0
585038561,30.0
585038562,30.0
585038563,30.0
585038564,30.0
585038565,30.0
585038566,30.0
585038568,30.0
585038569,30.0
585040266,30.0
585040267,30.0
585040268,30.0
585040595,30.0
585040596,30.0
585040597,30.0
585040599,30.0
585040600,30.0
585040604,30.0
585040605,30.0
585040606,30.0
585040798,30.0
585040799,30.0
585040800,30.0
585040801,30.0
585040802,30.0
585040803,30.0
585040804,30.0
585040805,30.0
585040806,30.0
585040807,30.0
585041938,20.0
585041939,30.0
585041940,30.0
585041941,30.0
585041942,30.0
585041943,30.0
585041944,30.0
585041945,30.0
585041946,30.0
585041947,30.0
585041948,30.0
585041949,30.0
585041950,30.0
585041951,30.0
585043272,30.0
585043273,30.0
585043275,30.0
585043276,30.0
585045783,30.0
585045784,30.0
585045786,30.0
585045787,30.0
585045788,30.0
585045789,30.0
585045790,20.0
585047296,30.0
585047297,30.0
585047299,30.0
585047300,20.0
585047301,20.0
585047302,30.0
585047303,30.0
585047304,30.0
585047305,30.0
585047306,30.0
585047307,30.0
585047308,20.0
585047313,30.0
585047314,30.0
585047316,30.0
585047320,30.0
585047324,30.0
585047325,30.0
585047331,30.0
585047333,30.0
585047335,30.0
585047340,30.0
585047341,30.0
585047343,30.0
585047985,20.0
585047986,30.0
585047987,30.0
585047988,30.0
585047989,30.0
585050708,30.0
585050709,30.0
585050710,30.0
585050711,30.0
585050712,30.0
585050713,30.0
585050715,30.0
585050717,30.0
585050718,30.0
585050720,30.0
585050721,30.0
585051349,30.0
585051350,30.0
585051351,30.0
585051352,30.0
585051353,30.0
585051354,30.0
585051355,30.0
585051356,30.0
585051357,30.0
585051358,30.0
585051359,30.0
585051462,30.0
585051463,20.0
585051464,30.0
585051465,30.0
585051466,30.0
585051467,30.0
585051468,30.0
585052226,30.0
585052227,20.0
585069201,30.0
585069202,30.0
585069203,30.0
585069204,30.0
585072866,25.0
585072868,25.0
585073042,30.0
585073044,30.0
585073045,30.0
585073206,30.0
585073209,30.0
585073213,30.0
585073216,30.0
585073220,30.0
585074057,30.0
585074060,30.0
585074062,20.0
585074065,20.0
585074067,20.0
585074069,30.0
585074071,30.0
585074073,30.0
585074074,30.0
585074075,30.0
585074076,30.0
585074389,30.0
585074390,30.0
585074391,30.0
585074392,30.0
585074393,30.0
585074394,30.0
585074395,30.0
585074396,30.0
585074397,30.0
585074398,30.0
585074914,30.0
585074915,30.0
585077542,30.0
585077543,30.0
585077546,30.0
585078536,30.0
585078537,30.0
585078538,30.0
585081157,20.0
585081158,20.0
585081159,20.0
585081160,30.0
585081161,30.0
585081162,30.0
585081164,30.0
585081165,30.0
585081167,20.0
585081169,20.0
585081172,20.0
585081174,20.0
585081177,20.0
585081181,20.0
585081183,30.0
585081760,30.0
585081761,30.0
585081762,30.0
585081763,30.0
585081764,30.0
585081765,30.0
585081766,30.0
585081767,30.0
585081768,30.0
585081769,30.0
585081770,30.0
585081771,30.0
585081772,30.0
585081773,30.0
585081774,30.0
585081776,30.0
585081777,30.0
585081778,30.0
585081779,30.0
585081780,30.0
585081781,30.0
585081782,30.0
585081783,30.0
585083135,30.0
585083136,30.0
585083137,30.0
585083138,30.0
585083139,30.0
585083140,30.0
585083141,30.0
585083142,30.0
585083143,30.0
585083144,30.0
585083691,30.0
585083692,30.0
585083693,30.0
585083694,30.0
585083695,30.0
585083696,30.0
585083697,30.0
585083698,30.0
585084453,30.0
585084455,20.0
585084457,30.0
585084459,30.0
585084461,30.0
585084463,30.0
585084953,30.0
585084954,30.0
585084955,30.0
585084956,30.0
585086696,30.0
585086712,30.0
585086717,30.0
585086722,30.0
585086726,30.0
585086735,30.0
585086742,30.0
585086745,30.0
585086747,30.0
585086748,30.0
585086751,30.0
585086755,30.0
585086758,30.0
585086760,30.0
585264563,30.0
585264564,30.0
585264565,30.0
585264908,30.0
585264910,30.0
585265168,30.0
585265169,30.0
585265170,30.0
585265171,30.0
585265172,30.0
585265173,30.0
585265174,30.0
585265175,30.0
585265176,30.0
585265177,30.0
585265178,30.0
585265179,30.0
585265180,30.0
585265181,30.0
585265392,30.0
585265393,30.0
585265394,30.0
585265395,30.0
585265396,30.0
585265397,30.0
585265398,30.0
585265399,30.0
585265400,30.0
585265401,30.0
585265402,30.0
585265403,30.0
585265404,30.0
585265405,30.0
585265406,30.0
585265407,30.0
585265408,30.0
585265409,30.0
585265410,30.0
585265411,30.0
585265412,30.0
585265413,30.0
585265902,30.0
585265903,30.0
585265904,30.0
585265905,30.0
585265906,30.0
585265907,30.0
585265908,30.0
585265909,30.0
585267319,30.0
585267320,30.0
585267321,30.0
585267322,30.0
585267323,30.0
585267324,30.0
585267325,30.0
585267326,30.0
585267327,30.0
585267328,30.0
585267329,30.0
585267330,30.0
585267331,30.0
585267332,30.0
585267931,30.0
585267932,30.0
585267933,30.0
585267934,30.0
585267935,30.0
585267936,30.0
585267937,30.0
585267938,30.0
585267939,30.0
585267940,30.0
585268296,30.0
585268297,30.0
585268298,30.0
585268299,30.0
585268300,30.0
585268301,30.0
585268302,30.0
585268303,30.0
585268304,30.0
585268312,30.0
585268313,30.0
585268314,30.0
585268315,30.0
585268316,30.0
585268317,30.0
585268318,30.0
585268319,30.0
585268320,30.0
585268321,30.0
585268322,30.0
585268323,30.0
585274331,20.0
585274332,30.0
585274333,30.0
585274334,30.0
585274335,30.0
585274336,30.0
585274337,30.0
585274338,30.0
585274339,30.0
585274340,30.0
585274341,30.0
585274342,30.0
585279995,30.0
585279996,30.0
585279997,30.0
585279998,30.0
585279999,30.0
585280000,30.0
585280001,30.0
585280002,30.0
585280003,30.0
585280004,30.0
585280005,30.0
585280006,30.0
585280007,30.0
585280008,30.0
585280009,30.0
585280010,30.0
585280011,30.0
585280012,30.0
585280013,30.0
585280014,30.0
585280015,30.0
585280016,30.0
585280017,30.0
585280018,30.0
585280019,30.0
585280020,30.0
585280021,30.0
585280022,30.0
585280234,24.0
585280237,30.0
585280239,30.0
585280241,30.0
585280243,30.0
585280245,30.0
585280247,30.0
585280249,30.0
585280250,30.0
585280252,30.0
585280253,30.0
585280255,30.0
585280257,30.0
585280258,30.0
585280360,30.0
585280361,30.0
585280363,30.0
585280365,30.0
585280367,30.0
585280370,30.0
585280372,30.0
585280374,30.0
585280376,30.0
585280378,30.0
585280380,30.0
585280382,30.0
585280383,30.0
585280386,30.0
585280388,30.0
585280390,30.0
585280392,30.0
585280394,30.0
585282800,30.0
585283613,30.0
585283614,30.0
585283615,30.0
585283616,30.0
585283617,30.0
585283618,30.0
585283619,20.0
585283620,20.0
585283621,20.0
585283622,30.0
585283623,30.0
585283624,30.0
585283625,30.0
585284456,30.0
585284457,30.0
585284458,30.0
585284459,30.0
585284460,30.0
585284461,30.0
585284462,30.0
585284463,30.0
585284464,30.0
585284465,30.0
585284466,30.0
585284467,30.0
585284468,30.0
585284469,30.0
585284470,30.0
585284471,30.0
585284472,30.0
585284473,30.0
585284474,30.0
585284475,30.0
585284476,30.0
585284477,30.0
585284478,30.0
585284479,30.0
585284480,30.0
585284481,30.0
585284482,30.0
585284483,30.0
585284484,30.0
585284485,30.0
585284486,30.0
585284534,30.0
585284535,30.0
585284536,30.0
585284537,30.0
585284538,30.0
585284539,30.0
585284540,30.0
585284541,30.0
585284542,30.0
585284543,30.0
585284544,30.0
585284545,30.0
585284546,30.0
585284547,30.0
585285310,30.0
585285311,30.0
585285312,30.0
585285313,30.0
585289059,30.0
585289060,40.0
585289062,40.0
585289063,30.0
585289064,40.0
585289065,30.0
585289066,30.0
585289070,20.0
585289072,30.0
585289073,24.0
585289074,40.0
585289653,30.0
585289654,30.0
585291841,30.0
585291842,30.0
585291843,30.0
585291844,30.0
585291845,30.0
585291846,30.0
585291847,30.0
585291848,30.0
585291849,25.0
585291850,25.0
585291851,30.0
585291852,30.0
585291892,30.0
585291894,30.0
585291895,30.0
585291896,30.0
585291897,30.0
585291898,30.0
585291899,30.0
585291900,30.0
585291901,30.0
585291902,30.0
585291903,30.0
585291904,30.0
585291905,30.0
585291906,30.0
585291907,30.0
585291908,30.0
585291909,30.0
585291910,30.0
585291911,30.0
585291912,30.0
585291913,30.0
585291914,30.0
585291915,30.0
585291916,30.0
585291917,30.0
585291918,30.0
585291919,30.0
585291920,30.0
585295193,30.0
585295194,30.0
585295195,30.0
585295196,30.0
585295198,30.0
585295199,30.0
585295586,30.0
585295587,30.0
585295588,30.0
585295589,30.0
585295590,30.0
585295591,30.0
585295592,30.0
585295593,30.0
585295594,30.0
585295595,30.0
585295596,30.0
585295597,30.0
585295598,30.0
585295599,30.0
585295600,30.0
585295602,30.0
585295604,30.0
585295606,30.0
585295608,30.0
585297331,30.0
585297333,30.0
585297334,30.0
585297335,30.0
585297336,30.0
585297337,30.0
585297338,30.0
585297339,30.0
585297340,30.0
585298173,30.0
585298174,30.0
585298175,30.0
585298176,30.0
585298177,30.0
585298178,30.0
585298179,30.0
585298180,30.0
585298181,30.0
585298182,30.0
585298183,30.0
585298212,30.0
585298216,20.0
585298217,20.0
585298218,20.0
585298219,30.0
585298220,30.0
585298224,30.0
585298225,30.0
585298226,30.0
585298227,30.0
585298228,30.0
585298229,30.0
585298231,30.0
585299058,30.0
585299059,30.0
585299060,30.0
585300791,30.0
585300792,30.0
585300793,30.0
585300794,30.0
585300795,30.0
585300796,30.0
585300797,30.0
585300798,30.0
585300799,30.0
585300824,30.0
585300825,30.0
585300827,30.0
585300828,30.0
585300830,30.0
585300831,30.0
585300833,30.0
585300835,30.0
585300836,30.0
585300838,30.0
585300839,30.0
585300975,30.0
585300976,30.0
585300977,30.0
585300978,30.0
585300979,30.0
585300980,30.0
585300981,30.0
585300982,30.0
585300983,30.0
585300984,30.0
585300985,30.0
585300986,30.0
585300987,30.0
585300988,30.0
585300989,30.0
585300990,30.0
585300991,30.0
585300992,30.0
585300993,30.0
585300994,30.0
585300995,30.0
585301144,30.0
585301146,30.0
585301148,30.0
585301150,30.0
585301152,30.0
585301154,30.0
585301155,30.0
585301157,30.0
585301159,30.0
585301161,30.0
585301163,30.0
585301165,30.0
585301166,30.0
585301168,30.0
585301170,30.0
585301172,30.0
585301174,30.0
585301176,30.0
585301178,30.0
585301180,30.0
585301182,30.0
585301184,30.0
585301186,30.0
585301188,30.0
585303993,30.0
585303994,30.0
585303995,30.0
585303996,30.0
585303997,30.0
585303998,30.0
585303999,30.0
585304000,30.0
585304001,30.0
585304002,30.0
585304003,30.0
585304004,30.0
585304005,30.0
585304006,30.0
585304007,30.0
585304008,30.0
585306791,30.0
585306792,30.0
585306793,30.0
585306794,30.0
585306795,30.0
585306796,30.0
585306797,30.0
585306798,30.0
585306799,30.0
585306800,30.0
585306801,30.0
585306802,30.0
585306803,30.0
585306804,30.0
585306805,30.0
585306806,30.0
585306807,30.0
585306808,30.0
585306809,30.0
585306810,30.0
585306811,30.0
585306812,30.0
585306813,30.0
585306814,30.0
585306815,30.0
585306816,30.0
585306817,30.0
585306818,30.0
585306819,30.0
585306820,30.0
585306821,30.0
585306822,30.0
585306823,30.0
585306824,30.0
585306825,30.0
585306826,30.0
585306827,30.0
585306828,30.0
585306829,30.0
585306830,30.0
585306831,30.0
585306832,30.0
585306833,30.0
585306834,30.0
585306835,30.0
585306836,30.0
585306837,30.0
585306838,30.0
585306839,30.0
585306840,30.0
585306841,30.0
585306842,30.0
585306843,30.0
585306844,30.0
585307465,20.0
585307466,20.0
585307467,20.0
585307468,20.0
585307469,20.0
585307470,20.0
585307471,20.0
585307472,20.0
585307473,20.0
585307475,20.0
585307476,20.0
585307477,20.0
585307478,20.0
585307479,20.0
585307480,20.0
585307481,20.0
585307482,20.0
585307483,20.0
585307484,20.0
585307485,20.0
585307486,20.0
585307487,20.0
585307488,20.0
585307489,20.0
585307490,30.0
585307491,30.0
585307732,30.0
585307733,30.0
585307734,30.0
585307735,30.0
585307736,30.0
585307737,30.0
585307738,30.0
585307739,30.0
585307740,30.0
585307741,30.0
585307742,30.0
585307743,30.0
585308806,30.0
585308807,30.0
585308808,30.0
585308809,30.0
585308810,30.0
585308811,30.0
585308812,30.0
585308813,30.0
585308814,30.0
585308815,30.0
585308816,30.0
585308817,30.0
585308818,30.0
585308819,30.0
585308820,30.0
585308821,30.0
585308822,30.0
585308823,30.0
585308824,30.0
585308825,30.0
585308826,30.0
585308827,30.0
585308828,30.0
585310343,30.0
585310466,30.0
585310467,30.0
585310468,30.0
585310469,30.0
585310470,30.0
585310471,30.0
585310472,30.0
585310473,30.0
585310474,30.0
585310475,30.0
585310476,30.0
585310477,30.0
585310478,30.0
585310479,30.0
585310480,30.0
585310481,30.0
585310482,30.0
585310483,30.0
585310484,30.0
585310485,30.0
585310486,30.0
585310487,30.0
585310488,30.0
585310490,20.0
585311359,30.0
585311360,30.0
585311361,30.0
585311362,30.0
585311363,30.0
585311364,30.0
585311365,30.0
585311366,30.0
585311367,30.0
585311854,30.0
585311856,30.0
585311858,30.0
585311859,30.0
585311862,30.0
585311864,30.0
585311865,30.0
585311867,30.0
585314840,30.0
585319929,20.0
585319931,30.0
585319933,30.0
585319935,30.0
585319937,30.0
585319939,30.0
585319941,30.0
585319943,30.0
585320046,30.0
585320048,30.0
585320050,20.0
585320051,20.0
585320053,20.0
585320054,20.0
585320056,20.0
585320059,30.0
585320175,30.0
585320176,30.0
585320177,30.0
585320178,30.0
585320179,30.0
585320180,30.0
585320181,30.0
585320183,30.0
585320184,30.0
585320185,30.0
585320186,30.0
585320187,30.0
585321050,20.0
585321051,20.0
585321052,20.0
585321053,20.0
585321054,20.0
585321055,20.0
585321056,20.0
585321057,20.0
585321058,20.0
585321059,30.0
585321060,20.0
585321062,20.0
585321064,20.0
585321065,20.0
585321067,20.0
585321069,20.0
585321071,20.0
585321072,20.0
585321074,20.0
585321076,20.0
585321077,20.0
585321078,20.0
585321079,20.0
585321080,20.0
585321081,20.0
585321082,20.0
585321083,20.0
585321084,30.0
585321085,30.0
585321086,30.0
585321087,30.0
585321088,30.0
585321089,30.0
585324024,30.0
585324025,30.0
585324026,30.0
585324027,30.0
585324028,30.0
585324029,30.0
585324030,30.0
585324031,30.0
585324032,30.0
585324033,30.0
585324034,30.0
585324035,30.0
585324036,30.0
585324037,30.0
585324038,30.0
585324507,30.0
585324508,30.0
585324509,30.0
585324510,30.0
585324511,30.0
585324512,30.0
585324513,30.0
585324514,30.0
585324515,30.0
585324516,30.0
585324517,30.0
585324518,30.0
585324519,20.0
585324520,30.0
585324684,30.0
585340868,30.0
585340869,30.0
585343633,25.0
585343636,30.0
585343638,25.0
585343640,25.0
585343647,30.0
585343649,30.0
585343651,30.0
585343653,30.0
585345073,20.0
585345074,20.0
585345075,20.0
585345076,30.0
585345077,30.0
585345078,30.0
585345079,30.0
585345080,30.0
585345081,30.0
585345082,30.0
585349282,30.0
585349284,30.0
585349286,30.0
585349289,30.0
585349291,25.0
585349294,30.0
585349588,30.0
585349590,30.0
585349592,30.0
585349593,30.0
585349595,30.0
585349597,30.0
585349599,30.0
585349601,30.0
585349604,30.0
585349605,30.0
585349608,30.0
585349612,30.0
585349614,30.0
585349617,25.0
585349620,30.0
585349622,30.0
585349624,30.0
585349625,30.0
585349627,30.0
585350540,30.0
585350541,30.0
585350542,20.0
585350543,20.0
585350544,20.0
585350545,30.0
585350546,30.0
585350547,30.0
585350548,30.0
585350549,30.0
585350550,30.0
585350551,30.0
585350552,30.0
585350553,30.0
585350554,30.0
585350555,30.0
585350556,20.0
585350557,20.0
585350558,20.0
585350559,20.0
585350560,20.0
585350561,20.0
585350562,20.0
585350563,20.0
585350564,20.0
585350565,20.0
585350566,20.0
585350567,20.0
585350568,20.0
585350569,20.0
585351057,30.0
585351073,30.0
585351074,30.0
585351779,30.0
585351782,30.0
585351787,30.0
585353879,30.0
585353880,30.0
585353881,30.0
585353882,30.0
585353883,30.0
585353884,30.0
585353885,30.0
585353886,30.0
585353887,30.0
585353888,30.0
585353889,30.0
585356174,30.0
585356175,30.0
585360838,30.0
585360839,30.0
585360841,30.0
585360844,20.0
585360846,30.0
585360853,30.0
585360855,30.0
585360857,30.0
585360859,30.0
585360861,30.0
585360864,30.0
585360866,30.0
585360870,30.0
585360875,30.0
585360880,30.0
585362170,30.0
585362172,30.0
585362174,30.0
585362177,30.0
585362179,30.0
585362751,30.0
585362919,30.0
585362921,30.0
585362923,30.0
585362925,30.0
585362927,30.0
585362929,30.0
585362931,30.0
585362933,30.0
585362935,30.0
585362937,30.0
585362939,30.0
585364795,30.0
585364796,30.0
585364797,30.0
585364798,30.0
585364799,30.0
585364800,30.0
585364801,30.0
585373685,30.0
585380270,30.0
585380272,30.0
585538219,20.0
585538220,20.0
585538221,20.0
585538222,20.0
585538223,20.0
585538224,20.0
585538225,20.0
585538226,20.0
585538227,20.0
585538228,20.0
585538229,20.0
585538230,20.0
585538231,20.0
585538232,20.0
585538233,20.0
585538234,20.0
585538235,20.0
585538236,20.0
585538237,20.0
585538238,20.0
585538239,20.0
585538240,20.0
585538241,20.0
585538242,20.0
585538243,20.0
585538244,20.0
585538245,30.0
585538246,20.0
585538247,20.0
585538248,30.0
585538387,30.0
585538388,30.0
585538389,30.0
585538390,30.0
585538391,30.0
585539673,30.0
585539674,30.0
585539675,30.0
585539676,30.0
585539677,30.0
585539678,30.0
585539679,30.0
585539680,30.0
585539800,30.0
585539801,30.0
585539802,30.0
585539803,30.0
585539804,30.0
585539805,30.0
585539806,30.0
585539807,30.0
585539808,30.0
585540442,16.0
585540443,20.0
585540444,20.0
585540445,16.0
585540446,20.0
585540448,16.0
585540451,25.0
585540453,20.0
585544255,30.0
585544256,20.0
585544257,20.0
585544258,20.0
585544259,20.0
585544260,20.0
585544261,30.0
585544262,30.0
585544263,30.0
585544264,30.0
585544265,30.0
585544266,30.0
585544267,30.0
585544268,30.0
585544269,30.0
585544332,30.0
585544333,30.0
585544334,30.0
585544986,25.0
585544987,25.0
585544988,30.0
585544989,30.0
585544990,30.0
585544991,40.0
585544992,40.0
585544994,40.0
585544995,40.0
585545029,30.0
585545030,25.0
585545031,25.0
585545032,24.0
585545033,30.0
585545034,24.0
585545035,24.0
585545933,30.0
585545934,30.0
585545936,30.0
585545939,30.0
585545940,30.0
585545942,30.0
585545945,30.0
585545946,20.0
585545948,20.0
585545950,20.0
585545951,30.0
585545953,20.0
585545955,20.0
585545957,20.0
585545959,20.0
585545960,30.0
585545962,30.0
585545964,30.0
585546071,30.0
585546073,25.0
585546074,30.0
585546076,30.0
585546078,30.0
585546080,30.0
585546082,20.0
585546084,20.0
585546086,20.0
585546087,20.0
585546089,20.0
585546090,20.0
585546092,20.0
585546094,20.0
585546095,20.0
585546097,20.0
585546099,20.0
585546101,20.0
585546103,20.0
585546105,20.0
585546107,20.0
585546108,20.0
585546111,20.0
585546113,20.0
585546115,20.0
585546117,20.0
585546119,30.0
585546121,20.0
585546123,20.0
585546125,20.0
585546127,20.0
585546129,30.0
585546130,30.0
585546132,30.0
585546133,25.0
585546135,30.0
585546137,30.0
585546396,30.0
585546397,25.0
585546398,30.0
585546399,30.0
585546400,30.0
585546401,30.0
585546402,30.0
585546403,30.0
585547710,30.0
585547711,30.0
585547712,30.0
585547713,30.0
585547714,30.0
585547715,30.0
585547716,30.0
585547717,30.0
585547718,30.0
585547719,30.0
585547721,30.0
585547723,30.0
585547724,30.0
585547725,30.0
585547726,30.0
585547727,30.0
585547728,30.0
585547729,30.0
585547730,30.0
585547731,20.0
585548454,30.0
585548455,30.0
585548456,30.0
585548457,30.0
585548458,30.0
585548459,30.0
585548460,30.0
585548461,30.0
585548462,30.0
585548463,25.0
585548464,30.0
585548465,30.0
585548466,30.0
585548467,30.0
585548468,30.0
585548469,30.0
585548470,30.0
585548471,30.0
585548472,30.0
585548473,30.0
585548474,30.0
585550212,50.0
585550213,50.0
585550214,50.0
585550215,50.0
585552697,30.0
585552698,30.0
585552700,30.0
585552701,30.0
585552702,30.0
585552704,30.0
585552706,30.0
585552707,30.0
585552709,30.0
585552710,30.0
585552712,30.0
585552713,30.0
585552715,30.0
585552717,30.0
585552827,20.0
585552829,20.0
585552830,20.0
585552831,20.0
585552832,20.0
585552833,20.0
585552834,20.0
585552835,20.0
585552836,20.0
585552837,20.0
585552839,30.0
585552841,30.0
585553432,30.0
585553433,30.0
585553434,30.0
585553436,30.0
585553437,30.0
585553438,30.0
585553440,30.0
585553441,30.0
585553442,30.0
585553443,30.0
585553444,30.0
585553445,30.0
585553446,30.0
585553447,30.0
585553449,30.0
585553450,30.0
585553451,30.0
585553452,30.0
585553453,30.0
585553454,30.0
585553455,30.0
585553456,30.0
585553457,30.0
585553458,30.0
585553645,30.0
585553646,30.0
585553647,30.0
585553648,30.0
585553649,30.0
585553650,30.0
585553651,30.0
585553652,30.0
585553653,30.0
585553654,30.0
585553802,30.0
585554765,30.0
585554766,30.0
585554767,30.0
585554768,24.0
585554769,24.0
585554770,30.0
585557995,30.0
585557996,30.0
585557997,30.0
585557998,20.0
585557999,20.0
585558187,30.0
585558188,30.0
585558189,30.0
585558190,20.0
585558191,30.0
585558192,20.0
585558193,20.0
585558194,20.0
585558195,30.0
585558196,30.0
585558197,30.0
585558198,30.0
585558200,30.0
585558201,30.0
585558203,30.0
585559648,45.0
585559756,30.0
585559757,30.0
585559758,30.0
585559759,30.0
585559760,30.0
585559761,30.0
585559762,30.0
585559763,30.0
585559764,30.0
585559765,30.0
585559766,30.0
585559767,30.0
585559768,30.0
585559769,30.0
585559770,30.0
585559771,30.0
585559772,30.0
585559773,30.0
585562124,30.0
585562125,30.0
585562126,30.0
585562127,30.0
585562128,30.0
585562129,30.0
585562130,30.0
585562131,30.0
585562132,30.0
585562133,30.0
585562134,20.0
585562135,20.0
585562136,20.0
585562137,30.0
585562138,30.0
585562139,30.0
585562140,30.0
585562141,30.0
585562142,30.0
585562143,30.0
585570910,30.0
585571987,30.0
585571988,30.0
585571989,30.0
585571990,30.0
585571991,30.0
585571992,30.0
585571993,30.0
585571994,30.0
585571996,30.0
585571997,30.0
585571998,30.0
585571999,30.0
585572000,30.0
585572001,30.0
585572002,30.0
585572003,30.0
585572004,30.0
585572005,30.0
585572356,30.0
585573748,30.0
585573749,20.0
585573750,20.0
585573751,30.0
585573752,30.0
585573753,30.0
585573754,30.0
585574115,20.0
585574116,20.0
585574117,20.0
585574118,20.0
585574123,30.0
585574128,30.0
585574129,30.0
585574131,30.0
585574292,30.0
585574293,30.0
585574294,20.0
585574295,20.0
585574296,20.0
585574297,20.0
585574298,20.0
585574299,20.0
585574300,30.0
585574301,30.0
585574302,20.0
585574303,20.0
585574304,20.0
585574305,20.0
585574306,20.0
585574307,20.0
585574308,20.0
585574309,30.0
585574310,20.0
585574311,30.0
585577789,50.0
585577790,50.0
585577792,50.0
585577793,50.0
585578399,30.0
585578401,30.0
585578402,30.0
585578403,30.0
585578404,30.0
585578405,30.0
585578406,30.0
585578407,30.0
585578408,30.0
585578409,30.0
585578411,30.0
585578412,30.0
585578413,30.0
585578414,30.0
585579832,20.0
585579834,30.0
585579836,30.0
585579838,30.0
585579839,30.0
585579841,30.0
585601938,20.0
585601939,20.0
585601940,30.0
585602383,20.0
585602384,30.0
585602385,30.0
585602386,30.0
585602387,30.0
585602388,30.0
585602389,20.0
585602390,20.0
585602391,20.0
585602392,20.0
585602393,20.0
585602394,20.0
585602395,20.0
585602396,20.0
585602397,20.0
585602398,20.0
585602399,20.0
585602400,20.0
585602401,20.0
585602402,20.0
585602403,20.0
585602404,20.0
585604429,30.0
585604430,30.0
585604433,30.0
585604435,25.0
585604442,25.0
585604446,25.0
585604449,25.0
585604452,30.0
585604455,30.0
585604459,25.0
585604461,30.0
585604463,25.0
585604466,30.0
585604467,30.0
585604469,30.0
585604471,30.0
585604473,30.0
585606547,30.0
585606548,30.0
585606549,30.0
585606550,20.0
585606552,20.0
585606555,20.0
585606557,20.0
585606559,20.0
585607173,30.0
585607174,30.0
585607175,30.0
585607176,30.0
585609690,30.0
585609691,30.0
585609692,30.0
585609693,30.0
585609694,30.0
585609695,30.0
585609696,20.0
585610467,30.0
585610468,25.0
585610469,30.0
585610470,25.0
585610472,30.0
585610473,30.0
585610474,30.0
585610475,30.0
585610476,20.0
585610477,20.0
585610478,20.0
585610479,20.0
585610480,20.0
585610482,30.0
585610483,30.0
585610484,30.0
585610485,30.0
585610491,30.0
585610492,30.0
585611224,30.0
585611225,30.0
585611226,30.0
585614955,30.0
586140501,30.0
586140502,30.0
586140503,30.0
586140504,30.0
586140505,30.0
586142635,20.0
586142636,30.0
586142637,30.0
586142638,30.0
586142639,30.0
586142640,30.0
586142642,30.0
586142643,30.0
586142644,30.0
586142645,30.0
586142646,30.0
586143352,30.0
586143354,30.0
586143356,30.0
586143357,30.0
586143359,30.0
586143360,30.0
586143362,30.0
586143364,30.0
586143365,30.0
586143367,30.0
586143368,30.0
586143370,30.0
586143371,30.0
586143373,30.0
586143375,30.0
586143376,30.0
586143378,30.0
586143379,30.0
586143381,24.0
586144733,30.0
586144734,30.0
586144735,30.0
586144736,30.0
586144737,30.0
586144738,30.0
586144739,30.0
586144740,30.0
586144741,30.0
586144742,30.0
586144743,30.0
586144744,30.0
586144745,30.0
586144746,30.0
586144747,30.0
586144748,30.0
586144749,30.0
586144750,30.0
586144751,30.0
586148503,30.0
586148504,30.0
586148505,30.0
586148506,30.0
586148507,30.0
586148508,30.0
586148509,30.0
586148510,30.0
586148511,30.0
586148512,30.0
586148513,30.0
586149699,30.0
586149700,30.0
586149701,30.0
586149702,30.0
586149703,30.0
586149704,30.0
586149705,30.0
586150293,30.0
586150294,30.0
586150295,30.0
586150296,30.0
586150297,30.0
586150298,30.0
586150299,30.0
586150300,20.0
586150301,20.0
586150302,20.0
586150303,30.0
586150304,30.0
586150305,30.0
586150306,30.0
586150307,30.0
586150308,20.0
586150309,20.0
586150310,20.0
586150311,30.0
586150314,30.0
586150315,30.0
586150316,30.0
586150317,30.0
586150780,30.0
586150781,30.0
586150782,30.0
586150783,30.0
586150784,30.0
586150785,30.0
586150786,30.0
586150787,30.0
586150788,30.0
586150789,30.0
586150790,30.0
586150791,30.0
586150792,30.0
586150793,30.0
586150794,30.0
586150795,30.0
586151286,30.0
586151287,30.0
586151288,30.0
586151289,30.0
586151290,30.0
586151291,30.0
586151292,30.0
586152012,20.0
586152013,20.0
586152014,20.0
586152015,20.0
586152016,20.0
586152017,20.0
586152018,20.0
586152019,20.0
586152020,20.0
586152021,20.0
586152023,30.0
586152026,20.0
586152027,20.0
586152028,20.0
586152029,20.0
586152030,20.0
586152031,20.0
586152032,20.0
586152033,20.0
586152034,20.0
586152035,30.0
586152036,30.0
586152037,20.0
586152038,20.0
586152039,20.0
586152040,20.0
586152041,20.0
586152042,30.0
586152043,30.0
586152612,30.0
586152613,45.0
586152614,30.0
586152615,30.0
586152616,30.0
586154214,30.0
586154215,30.0
586154216,30.0
586154217,30.0
586154218,30.0
586154219,30.0
586154220,30.0
586154221,30.0
586154403,30.0
586154404,30.0
586154405,30.0
586154406,30.0
586154407,30.0
586154408,30.0
586154409,30.0
586154410,30.0
586154411,30.0
586154412,30.0
586154413,30.0
586154414,20.0
586154415,20.0
586154416,20.0
586154417,20.0
586154419,30.0
586154420,30.0
586155207,30.0
586155208,30.0
586155209,30.0
586155221,30.0
586155223,30.0
586155225,30.0
586155257,30.0
586155258,30.0
586155259,30.0
586155260,30.0
586155261,30.0
586156294,20.0
586156295,20.0
586156297,20.0
586156298,20.0
586156299,30.0
586156300,30.0
586156301,30.0
586156302,30.0
586156303,30.0
586160875,30.0
586160876,30.0
586160877,20.0
586160878,20.0
586160879,20.0
586160880,20.0
586160881,20.0
586163108,20.0
586163109,20.0
586163111,20.0
586163112,20.0
586163113,20.0
586163114,20.0
586163115,20.0
586163116,20.0
586163118,20.0
586163120,20.0
586163123,20.0
586163124,20.0
586163125,20.0
586163126,30.0
586172479,30.0
586172480,30.0
586172481,30.0
586172482,30.0
586172483,30.0
586172484,30.0
586172485,30.0
586172486,30.0
586172487,30.0
586172488,30.0
586172489,30.0
586172490,30.0
586175943,20.0
586175945,20.0
586175947,20.0
586175949,20.0
586175951,30.0
586181519,30.0
586181520,30.0
586181521,30.0
586181522,30.0
586181523,30.0
586181524,30.0
586181525,30.0
586181526,30.0
586181527,30.0
586181528,30.0
586181529,30.0
586181530,30.0
586181531,30.0
586181532,30.0
586181533,30.0
586181534,30.0
586181535,30.0
586186676,30.0
586186677,30.0
586186678,30.0
586186679,30.0
586186680,30.0
586186681,30.0
586186682,30.0
586186683,30.0
586186684,30.0
586187356,30.0
586187359,30.0
586188641,30.0
586188648,30.0
586188649,30.0
586188650,30.0
586188651,30.0
586194549,20.0
586194550,20.0
586194551,20.0
586194552,20.0
586194553,30.0
586194554,20.0
586194555,20.0
586194556,20.0
586194557,20.0
586194558,20.0
586194559,20.0
586194560,30.0
586194561,30.0
586194562,20.0
586194565,20.0
586194575,20.0
586194576,30.0
586194578,20.0
586194580,20.0
586194582,20.0
586194584,20.0
586194586,20.0
586194587,20.0
586194589,20.0
586194591,20.0
586194593,20.0
586194595,20.0
586194596,20.0
586194598,20.0
586194600,20.0
586194602,20.0
586194604,20.0
586194606,20.0
586194608,20.0
586194611,20.0
586194613,20.0
586194616,20.0
586194618,20.0
586194620,20.0
586194622,20.0
586194624,20.0
586194627,20.0
586194629,20.0
586194631,20.0
586194633,20.0
586194635,20.0
586194636,30.0
586194640,20.0
586194642,20.0
586194645,20.0
586194649,30.0
586194650,20.0
586223560,30.0
586223561,30.0
586223562,30.0
586223563,30.0
586223564,30.0
586223565,30.0
586223566,30.0
586223568,30.0
586223569,30.0
586223570,30.0
586227143,30.0
586227144,20.0
586227145,30.0
586227146,30.0
586227147,30.0
586227148,30.0
586227149,30.0
586227150,30.0
586227151,30.0
586227152,30.0
586227153,30.0
586227154,30.0
586227155,30.0
586227508,30.0
586227509,30.0
586227510,30.0
586227511,30.0
586229926,20.0
586229927,20.0
586229928,20.0
586229929,30.0
586229930,30.0
586229931,30.0
586229932,30.0
586229933,20.0
586229934,20.0
586229935,30.0
586229936,30.0
586229937,30.0
586229938,30.0
586229939,30.0
586232322,30.0
586232323,30.0
586232324,30.0
586232325,30.0
586232326,30.0
586232327,30.0
586232328,30.0
586232329,30.0
586232330,30.0
586232331,30.0
586232333,30.0
586232334,30.0
586232335,30.0
586232336,30.0
586232337,30.0
586232338,30.0
586232339,30.0
586232340,30.0
586232341,30.0
586232342,30.0
586233414,30.0
586233415,30.0
586234000,30.0
586234001,30.0
586234002,20.0
586234003,30.0
586234004,30.0
586234005,30.0
586234006,30.0
586234007,30.0
586240269,45.0
586240272,45.0
586240275,50.0
586240278,50.0
586241255,20.0
586241257,30.0
586241258,30.0
586241260,20.0
586241263,20.0
586241265,20.0
586241266,20.0
586241268,20.0
586241270,20.0
586241273,20.0
586241275,20.0
586241277,20.0
586241278,20.0
586241280,30.0
586241282,20.0
586241284,30.0
586244294,30.0
586244295,30.0
586244296,30.0
586244297,30.0
586244298,30.0
586244299,30.0
586244300,30.0
586306054,30.0
586440614,30.0
586440615,30.0
586442515,30.0
586442516,30.0
586442517,30.0
586442518,30.0
586442519,30.0
586442520,30.0
586442521,30.0
586442522,30.0
586442523,30.0
586442524,30.0
586442525,30.0
586442526,30.0
586442527,30.0
586442528,30.0
586442529,30.0
586442530,30.0
586442630,20.0
586442632,20.0
586442633,20.0
586442634,20.0
586442635,20.0
586442636,30.0
586442637,20.0
586442638,30.0
586442639,30.0
586442640,30.0
586442641,30.0
586442642,30.0
586442643,20.0
586442644,30.0
586442645,30.0
586442646,30.0
586442647,30.0
586442648,20.0
586444936,40.0
586444937,40.0
586445142,30.0
586445143,30.0
586445144,30.0
586445145,30.0
586445146,30.0
586445147,30.0
586445148,30.0
586445149,30.0
586445207,30.0
586449932,30.0
586450466,30.0
586450467,30.0
586450468,30.0
586450469,20.0
586450470,30.0
586450471,30.0
586450472,30.0
586450473,30.0
586450474,30.0
586450475,30.0
586450476,30.0
586450477,30.0
586450478,30.0
586450479,30.0
586451350,30.0
586451353,30.0
586451354,30.0
586451355,30.0
586451356,30.0
586452223,30.0
586452224,30.0
586452225,30.0
586453433,30.0
586453435,30.0
586453438,30.0
586453440,30.0
586453441,30.0
586453443,30.0
586453445,30.0
586453447,30.0
586453449,30.0
586453451,30.0
586453453,30.0
586453455,30.0
586454705,30.0
586454706,30.0
586454707,30.0
586454708,30.0
586454709,30.0
586456957,30.0
586456958,30.0
586456959,30.0
586456960,20.0
586456961,20.0
586456962,20.0
586456963,20.0
586460095,30.0
586460096,30.0
586460097,30.0
586460098,30.0
586460099,20.0
586460100,20.0
586460101,20.0
586460102,20.0
586460103,30.0
586460104,30.0
586460105,30.0
586460106,30.0
586460107,30.0
586460108,30.0
586460109,30.0
586460110,30.0
586460111,30.0
586460112,30.0
586460113,30.0
586460114,30.0
586460115,30.0
586460116,30.0
586460117,30.0
586460118,30.0
586460119,30.0
586460120,30.0
586460121,30.0
586460122,30.0
586460123,30.0
586460124,30.0
586460125,30.0
586460126,30.0
586460127,30.0
586460128,30.0
586460129,30.0
586460131,30.0
586460132,30.0
586460134,30.0
586460135,30.0
586460136,30.0
586460137,30.0
586460650,30.0
586460651,25.0
586460653,25.0
586461930,30.0
586461931,30.0
586465495,20.0
586465496,30.0
586465497,30.0
586465498,30.0
586465501,30.0
586465502,30.0
586465503,30.0
586465504,30.0
586465505,30.0
586468869,30.0
586468870,30.0
586468871,30.0
586468872,30.0
586468873,30.0
586468874,30.0
586468875,30.0
586468876,30.0
586468877,30.0
586468878,30.0
586468879,30.0
586468880,30.0
586468881,30.0
586468882,30.0
586468883,30.0
586468884,30.0
586468885,30.0
586468886,30.0
586468887,30.0
586468888,30.0
586470010,30.0
586470011,30.0
586470012,30.0
586470014,30.0
586470016,20.0
586470018,20.0
586470019,20.0
586470020,20.0
586470022,20.0
586470023,20.0
586470024,20.0
586470026,20.0
586470027,20.0
586470028,20.0
586470030,20.0
586470031,20.0
586470032,20.0
586470033,20.0
586470035,20.0
586474260,30.0
586476755,30.0
586476756,30.0
586476757,30.0
586476758,30.0
586476759,30.0
586476760,30.0
586476761,30.0
586476762,30.0
586476763,30.0
586476764,30.0
586476765,30.0
586476766,30.0
586476767,30.0
586476769,30.0
586476770,30.0
586476771,30.0
586476772,30.0
586476773,30.0
586476774,30.0
586477712,20.0
586477713,30.0
586477714,30.0
586477715,30.0
586477716,30.0
586481283,20.0
586483298,30.0
586483299,30.0
586483300,30.0
586483301,30.0
586483302,30.0
586483303,30.0
586483304,30.0
586483305,30.0
586484558,20.0
586484560,30.0
586484561,30.0
586484562,30.0
586484563,20.0
586484564,20.0
586484565,20.0
586484566,20.0
586484568,20.0
586484570,20.0
586484572,20.0
586484573,20.0
586484575,20.0
586484577,20.0
586485731,30.0
586485732,30.0
586485733,30.0
586485736,30.0
586485737,30.0
586485738,30.0
586485740,30.0
586485741,30.0
586485976,30.0
586485977,30.0
586485978,30.0
586485979,30.0
586485981,30.0
586485982,30.0
586485983,30.0
586485984,30.0
586485985,30.0
586485986,30.0
586485987,30.0
586485988,30.0
586485989,30.0
586488267,30.0
586488268,30.0
586514806,24.0
586514808,24.0
586514810,24.0
586514812,30.0
586514814,30.0
586514816,30.0
586514818,30.0
586515041,30.0
586515042,30.0
586523871,30.0
586523872,30.0
586523873,30.0
586523874,30.0
586523875,30.0
586523876,30.0
586523877,30.0
586523878,30.0
586538221,30.0
586538222,30.0
586538223,30.0
586538224,30.0
586538225,30.0
586538226,30.0
586538227,30.0
586538228,30.0
586538229,30.0
586538230,30.0
586538231,30.0
586538232,30.0
586538233,30.0
586547836,30.0
586547838,30.0
586547839,30.0
586547841,30.0
586547842,30.0
586547844,30.0
586547845,40.0
586547846,30.0
586547847,30.0
586547849,30.0
586551068,30.0
586551069,30.0
586551070,30.0
586551071,30.0
586551072,30.0
586551073,30.0
586551074,30.0
586551075,30.0
586551076,30.0
586551077,30.0
586554969,30.0
586554970,30.0
586554971,30.0
586554972,30.0
586554973,30.0
586554974,30.0
586554975,30.0
586554976,30.0
586582198,30.0
586582200,30.0
586582201,30.0
586582202,30.0
586582203,30.0
586582204,30.0
586582206,30.0
586582207,30.0
586582209,30.0
586582210,30.0
586582212,30.0
586582213,30.0
586582215,30.0
586582216,30.0
586582218,30.0
586582219,30.0
586582221,30.0
586582223,30.0
586594305,30.0
586594308,30.0
586594309,30.0
586594310,30.0
586594311,30.0
586594312,30.0
586594313,30.0
586594314,30.0
586594315,30.0
586594316,30.0
586594317,30.0
586594319,30.0
586594320,30.0
586594321,30.0
586594322,30.0
586603584,20.0
586603587,30.0
586603592,30.0
586603595,30.0
586603598,30.0
586603601,30.0
586603605,30.0
586603606,30.0
586603610,30.0
586603614,30.0
586603617,30.0
586603620,30.0
586603623,30.0
586603626,30.0
586741238,30.0
586741950,30.0
586743505,30.0
586743506,30.0
586743507,30.0
586743508,30.0
586743509,30.0
586743510,30.0
586743511,30.0
586743512,30.0
586743513,30.0
586743514,30.0
586744335,30.0
586744338,30.0
586744339,30.0
586744340,30.0
586744341,30.0
586744342,20.0
586744461,30.0
586744462,30.0
586744463,30.0
586744464,30.0
586744465,30.0
586744466,30.0
586744467,30.0
586744468,30.0
586744643,30.0
586744644,30.0
586744645,30.0
586744646,30.0
586744872,20.0
586744873,20.0
586744875,20.0
586744876,20.0
586744880,30.0
586744882,30.0
586745164,30.0
586745165,30.0
586745166,30.0
586745167,30.0
586745168,30.0
586745169,30.0
586745170,30.0
586745171,30.0
586745172,30.0
586745173,30.0
586745174,30.0
586745525,30.0
586745526,30.0
586745527,30.0
586745528,30.0
586745529,30.0
586745530,30.0
586745531,30.0
586745532,30.0
586745533,30.0
586745534,30.0
586745536,30.0
586745537,30.0
586745539,30.0
586745540,30.0
586745541,30.0
586745542,30.0
586745543,30.0
586745544,30.0
586745545,30.0
586745546,30.0
586745547,30.0
586745548,30.0
586745549,30.0
586745841,30.0
586745842,30.0
586745843,30.0
586745844,30.0
586745845,30.0
586745846,30.0
586745847,30.0
586745848,30.0
586745849,30.0
586746365,30.0
586746368,30.0
586746369,30.0
586746371,30.0
586746373,30.0
586746374,24.0
586746377,24.0
586746380,30.0
586746382,30.0
586746384,30.0
586746385,30.0
586746386,30.0
586746387,30.0
586746388,30.0
586746389,30.0
586746390,30.0
586746391,30.0
586746392,30.0
586746393,24.0
586746559,30.0
586746560,20.0
586746561,30.0
586746562,30.0
586746563,30.0
586752895,30.0
586752897,30.0
586752898,30.0
586752899,20.0
586752901,20.0
586752902,20.0
586752903,20.0
586752905,20.0
586752906,20.0
586752907,20.0
586752909,20.0
586752911,20.0
586752913,20.0
586752914,20.0
586752916,30.0
586752918,30.0
586752919,20.0
586752921,20.0
586757553,30.0
586757554,30.0
586757555,30.0
586757556,30.0
586757557,30.0
586757558,30.0
586757559,30.0
586760157,30.0
586760158,30.0
586760159,30.0
586760160,30.0
586760161,30.0
586760162,30.0
586760163,30.0
586760199,30.0
586760692,30.0
586760694,40.0
586760695,30.0
586760696,30.0
586760697,30.0
586760698,30.0
586760699,30.0
586760700,30.0
586760787,30.0
586761304,30.0
586761430,30.0
586761431,30.0
586761432,30.0
586761433,30.0
586761434,30.0
586761435,30.0
586762436,30.0
586762437,30.0
586762438,30.0
586762439,30.0
586762440,30.0
586762441,30.0
586762442,30.0
586762443,30.0
586762444,30.0
586762685,25.0
586762687,20.0
586762689,30.0
586762690,20.0
586763339,40.0
586763340,40.0
586763341,40.0
586763342,40.0
586763343,30.0
586763344,30.0
586763345,30.0
586763346,30.0
586763347,30.0
586763348,40.0
586763349,30.0
586763350,30.0
586763351,30.0
586763352,30.0
586764325,30.0
586764326,30.0
586764548,30.0
586764550,20.0
586764551,20.0
586764552,30.0
586764553,30.0
586764554,30.0
586765244,30.0
586765325,30.0
586765326,30.0
586765327,30.0
586765328,30.0
586765330,30.0
586765331,30.0
586765333,30.0
586765334,30.0
586765335,30.0
586765336,30.0
586765337,30.0
586765339,30.0
586765340,30.0
586765341,30.0
586765342,30.0
586765343,30.0
586765344,30.0
586765345,30.0
586765346,30.0
586765347,30.0
586765348,30.0
586765349,30.0
586765350,30.0
586765351,30.0
586766236,30.0
586766237,30.0
586766238,30.0
586766239,30.0
586767006,30.0
586767007,30.0
586767008,30.0
586767009,30.0
586767010,30.0
586767011,30.0
586767012,30.0
586767013,30.0
586767014,30.0
586767015,30.0
586767016,30.0
586767017,30.0
586767018,30.0
586767019,30.0
586767339,30.0
586767340,30.0
586767341,20.0
586767342,20.0
586767343,20.0
586767344,20.0
586767345,20.0
586767346,30.0
586767347,30.0
586767348,30.0
586767349,20.0
586767350,20.0
586767542,30.0
586767543,30.0
586767544,30.0
586767545,30.0
586767546,30.0
586767547,30.0
586767548,30.0
586767549,30.0
586767550,30.0
586767551,30.0
586767552,30.0
586767553,30.0
586767554,30.0
586767555,30.0
586767556,30.0
586767913,30.0
586767914,30.0
586768151,25.0
586768154,25.0
586768156,25.0
586768158,30.0
586768161,25.0
586770818,30.0
586770819,30.0
586770820,30.0
586770821,30.0
586770896,30.0
586770898,30.0
586770899,30.0
586770900,30.0
586770901,30.0
586770902,30.0
586770903,30.0
586770904,30.0
586770905,30.0
586770906,30.0
586770907,30.0
586770908,30.0
586770909,30.0
586770910,30.0
586770911,30.0
586770912,30.0
586770913,30.0
586770914,30.0
586770916,30.0
586770917,25.0
586770918,25.0
586770919,30.0
586772159,30.0
586772160,30.0
586772161,30.0
586772162,30.0
586772166,20.0
586772167,20.0
586772168,30.0
586772169,30.0
586772170,30.0
586772239,30.0
586772240,30.0
586772241,30.0
586772242,30.0
586772243,30.0
586772430,30.0
586772431,30.0
586772432,30.0
586772433,30.0
586772434,30.0
586772435,30.0
586772436,30.0
586772437,30.0
586772438,30.0
586772439,30.0
586773452,30.0
586773453,30.0
586773454,30.0
586773455,30.0
586773456,30.0
586773457,30.0
586773458,30.0
586773459,30.0
586773460,30.0
586773461,30.0
586773462,30.0
586773463,30.0
586773464,30.0
586773465,30.0
586773466,30.0
586773467,30.0
586773468,30.0
586773469,30.0
586773470,30.0
586773471,30.0
586773472,30.0
586773473,30.0
586773474,30.0
586773475,30.0
586773476,30.0
586773846,30.0
586773847,30.0
586773848,30.0
586773849,30.0
586773850,30.0
586773851,30.0
586773852,30.0
586773853,30.0
586773854,30.0
586773858,30.0
586782691,30.0
586782692,30.0
586782693,30.0
586782694,30.0
586782695,30.0
586782696,30.0
586782697,30.0
586782698,45.0
586782699,45.0
586782700,45.0
586782701,30.0
586782702,30.0
586782703,30.0
586786454,30.0
586786456,30.0
586786458,30.0
586786460,30.0
586786462,30.0
586786464,30.0
586786466,30.0
586786468,30.0
586786470,30.0
586786472,30.0
586787907,20.0
586787909,20.0
586787911,20.0
586787913,30.0
586787921,20.0
586787929,20.0
586787946,20.0
586788951,30.0
586788953,30.0
586788955,30.0
586788957,30.0
586788960,30.0
586788961,30.0
586788963,30.0
586788964,30.0
586788966,30.0
586788969,30.0
586788970,30.0
586788973,30.0
586788975,30.0
586788976,30.0
586788978,30.0
586788980,30.0
586788982,30.0
586788984,30.0
586788985,30.0
586788987,30.0
586788989,30.0
586788991,30.0
586788994,30.0
586788996,30.0
586788998,30.0
586789000,25.0
586789002,30.0
586789004,30.0
586789007,30.0
586789261,30.0
586789264,30.0
586789266,45.0
586789269,45.0
586789271,30.0
586789275,30.0
586789277,30.0
586789279,30.0
586789280,30.0
586789281,30.0
586789282,30.0
586789283,30.0
586789284,30.0
586789285,30.0
586789286,30.0
586789287,30.0
586789288,30.0
586789289,30.0
586789290,30.0
586789291,30.0
586789292,30.0
586791081,30.0
586791085,30.0
586791088,30.0
586791091,30.0
586791095,30.0
586791098,30.0
586791102,30.0
586791105,30.0
586791108,30.0
586791112,30.0
586791116,30.0
586791118,30.0
586791120,30.0
586791123,30.0
586791127,30.0
586791130,30.0
586791133,30.0
586791138,30.0
586791141,30.0
586791144,30.0
586791149,30.0
586791152,30.0
586791155,30.0
586791158,30.0
586791161,30.0
586791162,30.0
586791165,30.0
586791168,30.0
586791171,30.0
586792483,30.0
586793185,30.0
586793186,30.0
586793188,30.0
586793192,30.0
586793194,30.0
586793196,30.0
586793198,30.0
586793200,30.0
586793202,30.0
586793205,30.0
586793207,30.0
586793762,30.0
586793763,30.0
586793764,30.0
586793765,30.0
586793767,30.0
586793768,30.0
586794709,30.0
586794951,30.0
586794953,30.0
586794955,30.0
586794957,30.0
586794958,30.0
586794960,30.0
586794962,30.0
586794964,30.0
586794966,30.0
586794968,30.0
586794970,30.0
586799363,30.0
586799364,40.0
586799365,30.0
586799417,30.0
586799418,30.0
586799419,30.0
586799420,30.0
586799421,30.0
586799422,30.0
586799628,30.0
586799630,30.0
586799631,30.0
586799635,45.0
586800019,30.0
586800020,30.0
586800021,30.0
586800022,30.0
586800023,40.0
586800926,30.0
586800927,30.0
586800928,30.0
586800929,30.0
586803004,30.0
586803006,30.0
586803008,30.0
586803011,30.0
586803013,30.0
586804916,30.0
586804918,30.0
586804923,30.0
586804925,30.0
586804927,30.0
586804929,30.0
586804930,30.0
586804932,30.0
586804934,30.0
586804936,30.0
586805207,30.0
586805208,30.0
586805209,30.0
586805210,30.0
586805211,30.0
586807634,30.0
586807635,30.0
586807636,30.0
586807641,30.0
586807646,30.0
586807649,30.0
586807650,30.0
586807651,30.0
586807652,30.0
586807653,30.0
586807654,30.0
586807655,30.0
586807656,30.0
586807657,30.0
586807658,30.0
586824437,30.0
586824439,30.0
586824443,30.0
586824445,30.0
586824447,30.0
586824449,30.0
586824451,30.0
586824453,30.0
586826432,30.0
586826433,30.0
586826434,30.0
586826435,30.0
586828465,30.0
586828466,30.0
586828467,30.0
586828468,30.0
586828469,30.0
586828470,30.0
586830798,30.0
586830799,30.0
586830801,30.0
586830802,25.0
586830803,30.0
586830804,40.0
586830805,30.0
586830806,30.0
586830807,30.0
586830808,30.0
586830809,30.0
586830810,30.0
586832649,45.0
586832650,30.0
586832651,30.0
586832652,30.0
586838410,30.0
586838413,30.0
586838415,20.0
586838417,20.0
586838419,30.0
586838420,30.0
586839442,30.0
586839444,45.0
586839446,45.0
586842579,30.0
586842580,30.0
586843633,30.0
586843634,30.0
586843637,30.0
586843638,30.0
586846003,30.0
586846004,30.0
586846005,30.0
586846009,40.0
586847572,30.0
586847573,30.0
586847574,30.0
586847575,30.0
586847576,30.0
586847577,30.0
586847578,30.0
586847581,30.0
586848676,30.0
586848677,30.0
586850104,20.0
586850112,30.0
586850119,30.0
586850124,30.0
586852295,30.0
586852306,30.0
586852310,30.0
586852311,30.0
586852312,30.0
586852314,30.0
586852315,30.0
586852320,30.0
586852321,30.0
586852322,30.0
586852323,30.0
586852324,30.0
586852325,30.0
586852326,30.0
586852327,30.0
586852328,30.0
586852329,30.0
586852330,30.0
586852331,30.0
586852332,30.0
586852333,30.0
586852334,30.0
586852335,30.0
586852339,30.0
586852340,30.0
586852341,30.0
586852342,30.0
586852343,30.0
586852344,30.0
586852345,30.0
586854662,30.0
586854664,30.0
586856392,30.0
586856395,30.0
586856397,30.0
586856401,30.0
586856403,30.0
586856407,30.0
586856412,30.0
586856413,30.0
586856419,30.0
586856427,30.0
586856430,30.0
586856437,30.0
586856439,30.0
586856442,30.0
586856448,30.0
586856451,30.0
586856454,30.0
587063848,30.0
587064853,30.0
587065546,30.0
587065547,30.0
587065548,30.0
587065549,30.0
587065550,30.0
587065551,30.0
587066310,30.0
587066311,30.0
587066312,30.0
587066313,30.0
587070282,45.0
587070283,45.0
587070284,30.0
587070285,30.0
587070286,30.0
587070287,30.0
587070289,30.0
587070291,30.0
587070293,30.0
587071168,30.0
587071169,30.0
587071873,30.0
587071874,30.0
587071875,30.0
587071876,30.0
587071877,30.0
587071878,30.0
587071880,30.0
587071881,30.0
587071883,30.0
587073029,45.0
587073032,45.0
587073034,30.0
587074655,45.0
587075495,40.0
587075496,40.0
587075498,30.0
587075499,30.0
587075500,30.0
587078855,30.0
587078856,30.0
587079317,30.0
587079318,30.0
587079319,30.0
587079320,30.0
587079321,30.0
587079322,30.0
587079323,30.0
587079324,30.0
587079325,25.0
587080254,30.0
587080256,30.0
587080258,30.0
587080260,30.0
587080263,30.0
587080264,30.0
587080267,30.0
587080269,30.0
587081133,30.0
587081138,30.0
587081139,30.0
587081141,30.0
587082465,30.0
587082467,30.0
587082468,30.0
587082469,30.0
587082471,30.0
587082962,30.0
587082963,30.0
587082964,30.0
587082965,30.0
587082966,30.0
587082967,30.0
587087557,30.0
587087558,30.0
587087559,30.0
587087560,30.0
587087561,30.0
587087562,30.0
587087564,30.0
587087565,30.0
587087566,30.0
587087567,30.0
587087569,30.0
587089307,30.0
587089308,30.0
587089309,30.0
587091114,20.0
587091115,20.0
587091116,20.0
587091117,20.0
587091119,20.0
587091121,20.0
587091123,20.0
587091126,20.0
587091127,20.0
587091128,30.0
587092223,45.0
587092224,45.0
587092225,45.0
587094339,20.0
587094340,20.0
587094341,20.0
587094342,20.0
587094343,30.0
587095931,20.0
587095933,20.0
587095935,20.0
587095937,20.0
587095938,20.0
587095940,20.0
587095943,20.0
587095945,20.0
587095947,20.0
587095949,20.0
587095951,30.0
587095953,30.0
587095955,20.0
587096257,30.0
587096258,30.0
587098097,20.0
587098100,20.0
587098104,20.0
587098107,20.0
587098110,20.0
587098112,20.0
587098114,20.0
587098118,20.0
587098122,20.0
587098127,20.0
587098132,30.0
587099536,30.0
587099537,30.0
587099538,20.0
587099539,20.0
587099540,20.0
587099541,20.0
587099542,20.0
587099543,20.0
587099544,20.0
587099545,20.0
587101429,20.0
587101430,20.0
587101431,20.0
587101432,20.0
587101433,30.0
587101434,30.0
587103418,20.0
587103419,20.0
587103420,30.0
587103421,60.0
587103422,60.0
587103423,60.0
587103424,60.0
587123463,30.0
587123464,30.0
587123465,20.0
587123466,30.0
587123467,30.0
587124595,30.0
587124596,20.0
587124597,20.0
587124598,20.0
587124599,20.0
587124600,20.0
587124601,20.0
587128129,30.0
587128130,30.0
587128131,30.0
587128132,30.0
587128133,25.0
587128169,40.0
587128170,32.0
587132459,45.0
587132462,45.0
587132466,45.0
587134164,30.0
587134166,30.0
587134168,30.0
587134443,30.0
587134444,30.0
587135209,20.0
587135210,20.0
587135211,20.0
587135212,20.0
587135213,20.0
587135214,20.0
587135215,20.0
587137621,30.0
587137623,30.0
587137626,20.0
587137628,20.0
587137630,40.0
587137632,40.0
587137634,30.0
587137636,30.0
587141430,20.0
587141431,20.0
587141432,20.0
587141433,20.0
587141434,20.0
587141435,20.0
587141436,20.0
587141437,20.0
587141438,20.0
587141439,20.0
587141440,20.0
587141441,20.0
587141442,20.0
587141443,20.0
587141444,20.0
587141445,20.0
587141446,20.0
587141447,30.0
587141448,30.0
587141789,30.0
587141790,30.0
587143444,25.0
587349427,30.0
587349428,45.0
587349835,30.0
587350530,30.0
587350531,30.0
587350532,30.0
587351153,30.0
587351154,30.0
587351155,30.0
587351156,30.0
587351157,30.0
587351187,30.0
587351188,30.0
587351189,30.0
587351190,30.0
587351191,30.0
587351192,30.0
587351194,30.0
587351195,30.0
587351196,30.0
587351197,30.0
587351293,30.0
587351294,30.0
587351295,30.0
587356567,30.0
587356568,30.0
587356569,30.0
587356571,30.0
587356573,30.0
587356575,30.0
587356576,30.0
587356577,30.0
587356579,30.0
587356583,30.0
587356586,30.0
587356589,30.0
587356590,30.0
587356592,30.0
587356594,30.0
587356596,30.0
587357278,30.0
587357279,30.0
587357390,30.0
587357391,30.0
587357392,30.0
587357393,30.0
587357394,30.0
587357395,30.0
587357396,30.0
587357397,30.0
587357398,30.0
587357399,30.0
587357400,30.0
587357401,30.0
587357402,30.0
587357403,30.0
587357404,30.0
587358104,30.0
587358105,30.0
587358106,30.0
587358107,30.0
587358108,30.0
587358110,30.0
587358111,30.0
587358112,30.0
587358113,30.0
587359701,30.0
587359769,30.0
587359770,30.0
587360231,30.0
587360232,30.0
587360234,30.0
587360237,30.0
587360238,30.0
587360239,30.0
587360240,30.0
587360241,30.0
587360242,30.0
587360243,30.0
587360244,30.0
587360245,30.0
587360246,30.0
587360247,30.0
587362080,30.0
587362082,30.0
587363485,30.0
587363486,30.0
587363487,30.0
587363488,30.0
587363489,30.0
587363490,30.0
587363491,30.0
587363492,30.0
587363493,30.0
587363494,30.0
587363495,30.0
587363496,30.0
587363497,30.0
587363498,30.0
587363499,30.0
587363500,30.0
587363501,30.0
587363502,30.0
587363765,30.0
587363766,30.0
587363767,30.0
587363768,30.0
587363769,30.0
587363770,30.0
587363771,30.0
587363773,30.0
587363774,30.0
587363775,30.0
587363776,30.0
587363777,30.0
587363778,30.0
587363779,30.0
587363780,30.0
587363781,30.0
587363782,30.0
587363783,30.0
587363784,30.0
587363785,30.0
587363786,30.0
587363787,30.0
587363788,30.0
587363789,30.0
587363790,30.0
587364500,20.0
587364501,25.0
587367300,30.0
587367301,30.0
587367302,30.0
587367304,30.0
587367305,30.0
587369185,20.0
587369188,20.0
587369189,20.0
587369191,20.0
587369194,30.0
587374470,30.0
587374473,30.0
587374477,30.0
587374480,30.0
587374482,30.0
587374486,30.0
587374489,30.0
587374499,30.0
587377056,20.0
587377057,30.0
587377058,30.0
587377059,30.0
587377060,30.0
587380656,30.0
587382512,30.0
587382513,30.0
587382514,30.0
587384816,30.0
587384817,30.0
587384818,30.0
587384819,25.0
587386394,30.0
587386395,30.0
587386396,30.0
587386397,30.0
587389414,30.0
587402389,30.0
587402391,30.0
587402394,30.0
587402396,30.0
587402892,30.0
587402893,30.0
587402894,30.0
587402895,30.0
587402896,30.0
587407989,30.0
587407990,30.0
587407991,30.0
587410399,30.0
587414611,30.0
587416018,30.0
587419988,30.0
587419989,30.0
587419991,30.0
587421907,20.0
587421908,20.0
587421909,20.0
587421910,20.0
587421911,20.0
587421912,20.0
587421913,20.0
587421914,20.0
587421915,20.0
587421916,20.0
587423155,30.0
587423157,30.0
587423160,30.0
587426925,30.0
587426927,30.0
587426928,30.0
587426929,30.0
587426930,30.0
587426931,30.0
587426932,30.0
587426933,30.0
587432722,30.0
587432725,45.0
587432728,30.0
587432731,30.0
587432733,30.0
587432735,30.0
587432736,30.0
587432737,30.0
587432738,30.0
587432739,30.0
587432740,30.0
587959074,30.0
587959076,30.0
587959077,30.0
587959079,30.0
587959082,30.0
587959084,30.0
587959086,30.0
587959087,30.0
587959089,30.0
587959090,30.0
587959092,30.0
587959094,30.0
587959095,30.0
587959096,30.0
587959573,30.0
587959574,30.0
587959575,30.0
587959576,30.0
587960158,30.0
587960159,30.0
587960160,20.0
587960431,20.0
587960432,20.0
587960433,20.0
587960434,20.0
587960435,20.0
587960436,20.0
587960437,20.0
587960438,20.0
587960439,20.0
587960440,20.0
587960441,20.0
587960442,20.0
587960443,20.0
587960444,20.0
587960445,30.0
587960446,30.0
587960447,30.0
587960448,30.0
587960449,20.0
587960450,20.0
587960451,30.0
587960452,30.0
587960453,30.0
587961166,20.0
587961167,20.0
587961168,20.0
587961169,20.0
587961170,20.0
587961171,20.0
587961173,20.0
587961174,20.0
587961176,20.0
587961177,20.0
587961178,20.0
587961179,20.0
587961180,20.0
587961181,20.0
587961182,20.0
587961183,20.0
587961184,20.0
587961185,20.0
587961186,20.0
587961187,30.0
587961188,20.0
587961189,20.0
587961190,20.0
587961191,20.0
587961201,20.0
587961202,20.0
587961203,20.0
587961204,20.0
587961205,20.0
587961206,20.0
587961207,20.0
587961208,20.0
587961209,20.0
587961210,20.0
587961211,20.0
587961212,20.0
587961213,20.0
587961214,20.0
587961215,20.0
587961216,20.0
587961217,20.0
587961218,20.0
587961219,20.0
587961220,20.0
587961221,20.0
587961222,20.0
587961223,20.0
587961224,20.0
587961225,20.0
587961226,20.0
587961227,20.0
587961228,20.0
587961229,20.0
587961230,20.0
587961231,20.0
587961232,20.0
587961233,20.0
587961234,20.0
587961235,30.0
587961236,20.0
587961237,20.0
587961238,20.0
587961239,20.0
587961240,20.0
587961241,20.0
587961242,20.0
587961243,20.0
587961244,20.0
587961245,20.0
587961246,20.0
587961247,20.0
587961248,20.0
587961249,20.0
587961250,20.0
587961251,20.0
587961252,20.0
587961253,20.0
587961254,20.0
587961255,20.0
587961256,20.0
587961257,20.0
587961258,20.0
587962250,30.0
587962251,30.0
587962252,30.0
587962253,30.0
587962254,30.0
587962255,30.0
587962256,30.0
587962258,30.0
587962259,30.0
587962260,30.0
587962261,30.0
587962263,30.0
587962264,30.0
587962265,30.0
587962266,30.0
587962267,30.0
587962268,30.0
587962269,30.0
587962270,30.0
587962271,30.0
587962272,30.0
587962273,30.0
587962274,30.0
587962275,30.0
587962276,30.0
587962277,30.0
587962278,30.0
587962279,30.0
587962280,30.0
587962281,30.0
587962282,30.0
587962283,20.0
587962284,20.0
587962285,20.0
587962286,20.0
587962287,20.0
587962288,30.0
587962289,30.0
587962290,30.0
587962294,20.0
587962295,20.0
587962296,20.0
587962297,20.0
587962298,30.0
587962299,20.0
587962300,20.0
587962301,20.0
587962302,20.0
587962303,20.0
587962304,20.0
587962305,20.0
587962306,20.0
587962307,20.0
587962308,20.0
587962309,20.0
587962310,20.0
587962311,20.0
587962312,20.0
587962313,20.0
587962314,20.0
587962563,30.0
587962564,30.0
587962565,30.0
587962566,40.0
587962997,20.0
587962998,30.0
587962999,30.0
587963000,30.0
587963001,30.0
587963044,30.0
587963045,30.0
587963046,30.0
587963047,30.0
587963048,30.0
587963049,20.0
587963050,20.0
587963051,20.0
587963052,20.0
587963053,20.0
587963054,30.0
587963055,30.0
587963056,30.0
587963057,30.0
587963058,30.0
587963059,30.0
587963060,30.0
587963061,30.0
587963062,30.0
587963979,30.0
587963980,30.0
587963981,30.0
587964008,30.0
587964009,30.0
587964010,30.0
587964011,30.0
587964012,30.0
587964013,30.0
587964014,30.0
587964015,30.0
587968522,20.0
587968523,20.0
587968524,20.0
587968525,30.0
587968526,20.0
587968527,20.0
587968528,20.0
587968529,20.0
587968530,20.0
587968531,20.0
587968532,30.0
587968533,20.0
587968534,20.0
587968535,20.0
587968536,20.0
587968537,20.0
587968538,20.0
587968539,20.0
587968540,30.0
587968541,30.0
587968542,30.0
587968543,20.0
587968544,20.0
587968545,20.0
587968546,20.0
587968547,20.0
587968548,20.0
587968549,20.0
587968550,20.0
587968551,20.0
587968552,30.0
587968553,30.0
587968554,30.0
587968555,20.0
587968556,20.0
587968557,20.0
587968558,20.0
587968559,20.0
587968560,20.0
587968561,20.0
587968562,20.0
587968563,20.0
587974589,30.0
587974590,30.0
587974591,30.0
587974592,30.0
587974593,30.0
587974594,30.0
587974595,30.0
587974596,30.0
587974597,30.0
587974598,30.0
587974599,30.0
587974600,30.0
587974601,30.0
587974602,30.0
587976596,25.0
587976597,25.0
587976598,30.0
587976599,30.0
587976600,30.0
587976602,25.0
587976603,30.0
587976604,30.0
587976605,30.0
587976606,30.0
587976607,30.0
587977889,30.0
587977890,30.0
587977892,30.0
587977894,30.0
587977896,30.0
587977898,30.0
587977900,30.0
587977902,30.0
587977905,30.0
587977907,30.0
587977909,30.0
587978762,25.0
587978763,25.0
587978764,25.0
587978765,30.0
587978766,25.0
587978767,25.0
587978769,25.0
587978770,30.0
587979132,30.0
587979133,20.0
587979134,30.0
587979135,30.0
587979136,30.0
587979137,30.0
587980548,30.0
587980549,30.0
587980550,30.0
587980551,30.0
587980552,30.0
587980553,30.0
587980555,30.0
587980556,30.0
587980559,30.0
587980560,30.0
587980561,30.0
587980562,30.0
587980563,30.0
587980564,30.0
587980565,30.0
587980566,30.0
587980567,30.0
587980568,30.0
587980569,30.0
587980570,30.0
587980571,30.0
587980573,30.0
587980574,30.0
587980575,30.0
587980577,30.0
587982216,30.0
587982217,20.0
587982218,30.0
587982219,30.0
587982220,25.0
587984640,30.0
587984642,30.0
587984644,30.0
587984652,30.0
587984654,30.0
587984655,30.0
587984659,30.0
587984660,30.0
587984661,30.0
587984662,30.0
587984663,30.0
587984665,30.0
587984675,30.0
587984676,30.0
587984677,30.0
587984678,30.0
587984679,30.0
587984680,30.0
587984681,30.0
587984682,30.0
587984683,25.0
587985021,25.0
587985022,30.0
587985023,25.0
587985436,30.0
587985437,30.0
587985438,30.0
587985440,30.0
587985441,30.0
587987622,30.0
587987626,30.0
587987628,30.0
587987629,30.0
587987631,30.0
587987632,30.0
587987633,30.0
587987635,30.0
587987636,30.0
587987638,30.0
587987639,30.0
587987640,30.0
587987641,25.0
587988167,30.0
587988168,30.0
587988169,30.0
587988170,30.0
587988171,30.0
587988172,30.0
587988173,30.0
587988174,30.0
587988175,30.0
587988176,30.0
587988177,30.0
587989547,30.0
587989548,30.0
587989549,30.0
587989550,30.0
587989551,30.0
587989552,30.0
587989553,30.0
587989554,30.0
587989555,30.0
587989556,30.0
587989557,30.0
587989558,30.0
587989559,30.0
587989560,30.0
587989561,30.0
587989562,30.0
587989563,30.0
587989564,30.0
587990291,30.0
587990292,30.0
587990293,30.0
587990294,30.0
587990295,30.0
587990296,30.0
587990297,30.0
587990298,30.0
587990299,30.0
587990300,30.0
587990720,30.0
587990721,30.0
587990722,30.0
587990723,30.0
587990724,30.0
587990725,30.0
587990726,30.0
587990727,30.0
587990728,30.0
587990806,30.0
587990807,30.0
587990808,30.0
587990809,30.0
587990810,30.0
587990811,30.0
587990812,30.0
587990813,30.0
587990814,30.0
587990815,30.0
587990816,30.0
587990817,30.0
587990818,25.0
587994607,30.0
587994613,30.0
587994614,30.0
587994615,30.0
587994616,30.0
587994617,30.0
587994618,30.0
587994619,30.0
587994620,30.0
587994621,30.0
587994622,30.0
587994623,30.0
587994624,30.0
587994625,30.0
587994626,30.0
587994627,30.0
587994628,30.0
587995147,30.0
587995148,30.0
587995149,30.0
587995150,30.0
587995151,30.0
587995152,30.0
587995153,30.0
587995154,30.0
587995155,30.0
587995156,30.0
587995157,30.0
587995158,30.0
587995159,30.0
587995761,30.0
587995762,30.0
587995763,30.0
587995764,30.0
587995765,30.0
587995766,30.0
587995767,30.0
587995768,30.0
587995769,30.0
587995770,30.0
587995771,30.0
587995772,30.0
587995773,30.0
587995774,30.0
587995885,30.0
587995886,30.0
587995887,30.0
587995888,30.0
587995889,30.0
587995890,30.0
587995891,30.0
587995893,30.0
587995894,30.0
587995895,30.0
587995896,30.0
587995897,30.0
587995898,30.0
587995899,30.0
587995900,30.0
587995901,30.0
587995902,30.0
587995903,30.0
587995904,30.0
587995905,30.0
587999792,30.0
587999793,30.0
587999794,30.0
587999795,30.0
587999796,30.0
587999797,30.0
587999798,30.0
587999799,30.0
587999800,30.0
587999801,30.0
587999802,30.0
588000240,30.0
588000241,30.0
588000242,30.0
588000243,30.0
588000244,30.0
588000245,30.0
588000246,30.0
588000247,30.0
588000248,30.0
588000249,30.0
588000250,30.0
588001583,30.0
588001584,30.0
588001585,30.0
588001586,30.0
588001587,30.0
588001588,30.0
588001589,30.0
588001590,30.0
588001591,30.0
588001592,30.0
588001593,30.0
588001594,30.0
588001595,30.0
588001596,30.0
588001597,30.0
588001598,30.0
588002338,30.0
588002342,30.0
588002346,30.0
588002349,30.0
588002352,30.0
588002355,30.0
588002358,30.0
588002361,25.0
588002365,25.0
588002371,30.0
588002374,30.0
588002376,30.0
588002379,30.0
588002382,30.0
588002385,30.0
588002388,30.0
588002391,30.0
588002394,30.0
588002396,30.0
588002399,30.0
588002402,30.0
588002405,30.0
588002408,25.0
588003464,30.0
588003466,30.0
588003467,30.0
588003469,30.0
588003471,20.0
588003472,30.0
588004156,30.0
588004157,30.0
588004159,24.0
588004160,30.0
588004161,20.0
588004162,25.0
588004163,30.0
588004164,30.0
588004165,30.0
588004166,30.0
588004167,30.0
588004168,30.0
588004169,30.0
588004170,30.0
588004171,30.0
588004172,30.0
588004173,30.0
588004174,30.0
588005243,30.0
588005244,30.0
588005245,30.0
588005246,30.0
588005247,30.0
588005248,30.0
588005249,30.0
588005250,30.0
588005393,30.0
588005394,30.0
588005395,30.0
588007219,30.0
588007220,30.0
588007221,30.0
588007222,30.0
588007224,30.0
588007226,30.0
588007228,30.0
588022342,30.0
588022344,30.0
588022346,30.0
588022347,30.0
588022349,30.0
588022350,30.0
588022352,30.0
588022354,30.0
588022356,30.0
588022358,30.0
588022360,30.0
588023282,30.0
588023283,30.0
588023284,30.0
588023285,30.0
588023287,30.0
588023288,30.0
588023414,30.0
588023417,30.0
588023419,30.0
588023421,30.0
588023424,30.0
588023426,30.0
588023428,30.0
588023430,30.0
588023432,30.0
588023434,30.0
588023437,30.0
588024548,30.0
588024549,30.0
588024550,30.0
588024551,30.0
588024552,30.0
588024553,25.0
588024554,30.0
588024556,30.0
588024814,30.0
588024816,30.0
588024817,30.0
588024818,30.0
588024819,25.0
588024820,25.0
588024821,25.0
588024823,25.0
588025435,30.0
588025436,30.0
588025437,30.0
588025438,30.0
588025439,30.0
588025440,30.0
588025441,30.0
588025442,30.0
588025443,30.0
588025444,30.0
588025445,30.0
588025446,30.0
588026129,30.0
588029737,30.0
588029795,30.0
588029796,30.0
588029797,30.0
588029798,30.0
588029799,30.0
588030304,25.0
588030305,25.0
588030306,25.0
588030307,25.0
588030308,25.0
588030309,25.0
588030310,25.0
588030315,20.0
588030316,20.0
588030317,20.0
588030318,20.0
588030319,30.0
588030320,30.0
588030321,30.0
588030322,30.0
588030325,25.0
588033696,30.0
588033697,30.0
588033698,30.0
588033699,20.0
588033701,30.0
588033862,30.0
588033863,30.0
588033864,30.0
588033865,30.0
588035392,30.0
588035394,30.0
588035396,30.0
588035398,30.0
588035400,30.0
588035402,30.0
588035403,30.0
588035405,30.0
588035407,30.0
588035409,30.0
588035410,30.0
588038556,25.0
588038557,25.0
588038558,30.0
588038559,30.0
588038560,30.0
588038561,24.0
588038562,24.0
588038563,24.0
588038564,30.0
588038565,30.0
588038566,30.0
588038567,30.0
588038568,30.0
588038569,30.0
588038571,30.0
588038572,30.0
588038573,30.0
588038574,32.0
588038575,32.0
588038576,30.0
588038577,30.0
588038578,30.0
588038579,30.0
588038580,30.0
588038581,25.0
588038582,25.0
588039099,30.0
588039101,30.0
588039106,30.0
588039108,30.0
588042186,30.0
588042187,30.0
588042188,25.0
588042189,30.0
588042190,30.0
588042191,25.0
588042192,25.0
588042193,40.0
588042194,30.0
588042623,30.0
588042624,30.0
588042626,30.0
588042628,30.0
588042630,30.0
588042631,30.0
588046430,30.0
588046431,40.0
588050706,30.0
588050707,30.0
588050708,30.0
588050709,30.0
588050710,30.0
588248739,25.0
588249134,20.0
588249135,20.0
588249136,20.0
588249403,25.0
588249404,30.0
588249405,25.0
588249406,30.0
588249407,25.0
588249408,30.0
588249409,30.0
588249410,30.0
588249411,30.0
588249412,20.0
588249870,24.0
588249875,16.0
588250183,30.0
588250320,30.0
588250322,30.0
588250323,30.0
588250324,30.0
588250325,30.0
588250326,30.0
588250611,20.0
588250612,24.0
588250613,30.0
588251668,24.0
588252435,30.0
588252436,24.0
588258733,30.0
588260323,30.0
588260461,30.0
588260470,24.0
588260471,25.0
588260472,20.0
588260473,20.0
588260474,20.0
588261772,30.0
588261773,30.0
588261788,30.0
588261919,25.0
588262047,30.0
588262048,30.0
588263444,25.0
588263445,30.0
588263446,30.0
588263447,20.0
588263450,30.0
588264100,30.0
588264101,45.0
588264102,45.0
588264103,45.0
588264104,45.0
588264105,30.0
588264106,30.0
588264108,30.0
588264392,30.0
588264393,30.0
588264395,30.0
588264396,30.0
588264398,30.0
588264399,30.0
588264403,30.0
588264405,30.0
588264406,30.0
588264407,25.0
588264408,30.0
588265575,30.0
588265576,30.0
588265577,30.0
588265582,30.0
588265583,30.0
588265584,30.0
588265585,30.0
588266813,25.0
588266814,25.0
588266816,20.0
588266817,20.0
588266822,20.0
588266824,20.0
588266825,20.0
588266826,20.0
588269484,20.0
588271138,30.0
588271139,30.0
588271140,30.0
588271141,30.0
588271142,30.0
588271143,30.0
588271145,30.0
588271146,30.0
588271344,30.0
588271345,30.0
588271346,30.0
588271347,30.0
588271348,20.0
588271349,30.0
588272403,30.0
588272404,30.0
588272405,30.0
588272406,30.0
588272407,30.0
588272408,30.0
588272409,30.0
588272410,30.0
588272411,40.0
588272412,25.0
588272414,25.0
588272415,30.0
588272416,30.0
588272417,30.0
588272418,30.0
588273964,30.0
588273965,30.0
588273966,30.0
588273967,30.0
588273968,30.0
588273969,30.0
588273970,30.0
588273971,30.0
588273972,30.0
588273973,30.0
588273974,30.0
588273976,20.0
588273982,20.0
588273985,30.0
588273986,30.0
588275932,30.0
588275934,30.0
588275936,30.0
588275939,30.0
588275941,30.0
588275943,30.0
588275944,30.0
588275945,30.0
588275946,25.0
588275947,30.0
588275948,30.0
588275949,30.0
588275950,30.0
588275951,30.0
588275952,25.0
588276072,30.0
588276073,30.0
588276074,24.0
588276703,25.0
588276704,25.0
588276709,30.0
588276710,30.0
588276711,30.0
588276712,30.0
588276713,30.0
588276714,30.0
588276715,30.0
588276716,30.0
588276717,30.0
588276718,30.0
588276719,30.0
588276720,30.0
588276721,30.0
588276723,30.0
588276724,30.0
588276725,30.0
588276727,30.0
588276728,30.0
588276729,30.0
588276730,30.0
588276732,30.0
588282609,45.0
588282612,45.0
588282615,30.0
588282617,45.0
588282773,20.0
588282774,20.0
588285110,30.0
588285111,30.0
588285112,30.0
588285113,30.0
588285114,20.0
588285115,30.0
588285116,20.0
588285117,30.0
588285118,50.0
588285119,50.0
588285120,20.0
588285652,30.0
588286790,30.0
588286794,30.0
588286796,30.0
588286798,30.0
588286800,30.0
588286802,20.0
588286803,30.0
588286806,30.0
588286808,30.0
588286810,30.0
588290017,30.0
588290018,30.0
588290019,20.0
588290020,20.0
588290021,20.0
588290023,20.0
588290024,20.0
588290025,20.0
588290026,20.0
588290027,30.0
588290028,30.0
588290030,30.0
588290035,30.0
588290040,30.0
588290041,30.0
588290043,20.0
588290044,20.0
588290046,20.0
588290049,30.0
588290051,30.0
588290053,30.0
588290055,30.0
588290057,30.0
588290058,30.0
588290060,30.0
588290063,30.0
588290064,30.0
588290067,30.0
588290069,30.0
588290071,20.0
588290073,20.0
588290075,20.0
588290077,20.0
588290081,20.0
588290082,20.0
588290084,20.0
588290086,20.0
588290088,20.0
588290090,20.0
588290092,20.0
588290093,20.0
588290095,20.0
588290096,20.0
588290097,30.0
588290098,30.0
588290099,30.0
588290100,30.0
588290101,30.0
588290102,20.0
588290103,20.0
588290105,20.0
588290106,20.0
588290107,20.0
588290108,20.0
588290109,20.0
588292383,30.0
588292385,30.0
588292388,30.0
588292390,30.0
588292921,30.0
588292922,30.0
588292923,30.0
588292924,30.0
588292925,30.0
588292926,30.0
588293481,30.0
588293486,30.0
588293491,30.0
588293492,30.0
588293495,30.0
588293498,20.0
588293500,30.0
588293502,20.0
588293504,30.0
588293506,20.0
588293508,20.0
588293510,20.0
588293511,20.0
588293512,30.0
588293513,30.0
588293514,30.0
588293515,30.0
588293516,30.0
588293517,30.0
588293518,30.0
588293519,30.0
588293520,30.0
588293521,30.0
588293522,30.0
588293524,30.0
588293526,30.0
588293529,30.0
588293532,25.0
588293536,30.0
588293539,30.0
588293541,20.0
588293543,20.0
588293545,20.0
588293547,20.0
588293550,30.0
588294714,30.0
588296730,20.0
588296731,25.0
588296734,30.0
588296735,30.0
588296736,30.0
588296738,30.0
588296739,30.0
588296740,30.0
588296741,30.0
588296743,20.0
588296744,20.0
588296746,30.0
588297369,30.0
588297370,30.0
588297372,30.0
588297374,30.0
588297375,30.0
588318065,30.0
588318066,30.0
588318067,30.0
588318068,30.0
588318069,30.0
588318070,20.0
588318071,20.0
588318072,20.0
588318073,30.0
588318074,30.0
588318075,30.0
588318076,30.0
588318077,30.0
588318078,30.0
588318079,30.0
588318080,30.0
588318081,30.0
588318082,30.0
588318083,30.0
588318084,30.0
588318085,30.0
588318086,30.0
588318087,30.0
588318088,30.0
588318089,30.0
588318090,30.0
588318091,30.0
588318093,30.0
588318094,30.0
588318095,30.0
588319536,30.0
588319537,45.0
588319538,30.0
588319539,30.0
588319540,25.0
588319541,45.0
588319542,30.0
588319543,40.0
588319544,40.0
588319545,30.0
588319547,30.0
588319548,30.0
588322863,20.0
588322864,20.0
588322865,20.0
588322866,20.0
588322867,20.0
588322868,20.0
588322869,30.0
588322870,30.0
588322871,30.0
588322872,30.0
588322873,30.0
588322874,30.0
588322875,30.0
588322876,30.0
588322877,30.0
588322878,30.0
588322879,30.0
588322880,30.0
588322881,20.0
588322882,20.0
588322883,20.0
588322884,20.0
588322885,30.0
588322886,30.0
588322887,30.0
588322888,30.0
588323125,30.0
588326308,30.0
588326309,20.0
588326310,20.0
588326311,20.0
588326312,20.0
588326313,20.0
588326314,20.0
588326315,20.0
588326316,30.0
588326317,30.0
588326318,30.0
588326319,30.0
588326320,30.0
588326321,30.0
588326322,30.0
588326323,30.0
588326324,30.0
588326325,30.0
588326326,30.0
588326327,30.0
588326328,30.0
588326329,25.0
588326330,30.0
588327053,30.0
588327054,30.0
588327056,30.0
588327058,30.0
588327061,30.0
588327068,30.0
588327070,30.0
588328416,30.0
588328418,50.0
588328751,20.0
588328752,20.0
588328753,30.0
588328754,30.0
588328755,30.0
588328756,30.0
588328757,30.0
588328758,30.0
588328760,30.0
588328761,30.0
588328762,30.0
588328763,30.0
588328764,30.0
588328765,30.0
588331126,30.0
588331128,25.0
588331130,30.0
588331133,30.0
588331135,40.0
588331137,40.0
588331139,30.0
588331141,20.0
588332627,20.0
588332628,20.0
588332629,20.0
588332630,30.0
588332631,30.0
588332632,30.0
588332633,30.0
588332634,20.0
588332635,20.0
588332636,20.0
588332637,20.0
588332638,20.0
588332639,20.0
588332640,20.0
588512276,30.0
588512277,30.0
588512278,30.0
588515540,20.0
588515541,30.0
588515542,20.0
588515543,20.0
588516029,30.0
588516030,30.0
588516031,30.0
588516032,30.0
588516033,30.0
588516775,30.0
588517645,30.0
588517646,30.0
588517647,30.0
588517648,30.0
588517649,30.0
588517650,30.0
588517651,30.0
588517652,30.0
588517653,30.0
588517654,30.0
588517655,30.0
588517656,30.0
588518080,20.0
588518081,20.0
588518082,20.0
588518083,20.0
588518084,20.0
588518085,20.0
588518086,20.0
588518087,20.0
588518088,20.0
588518089,30.0
588518090,24.0
588518091,30.0
588518092,30.0
588518093,30.0
588518094,20.0
588518095,20.0
588518096,20.0
588518097,20.0
588518098,20.0
588518099,20.0
588518145,30.0
588518146,30.0
588518147,30.0
588518148,30.0
588518149,30.0
588518150,30.0
588518151,30.0
588518152,30.0
588518153,30.0
588518154,30.0
588518155,30.0
588518156,30.0
588518157,30.0
588518158,30.0
588518159,30.0
588518160,30.0
588523001,20.0
588523002,20.0
588523003,30.0
588523004,25.0
588523007,30.0
588523008,30.0
588523009,30.0
588524544,30.0
588524545,30.0
588524546,30.0
588524547,30.0
588524548,30.0
588524549,30.0
588524550,30.0
588524551,30.0
588524552,30.0
588524553,30.0
588524554,30.0
588524709,30.0
588524710,30.0
588524711,30.0
588524712,30.0
588524713,30.0
588524714,30.0
588524715,30.0
588525877,20.0
588525878,20.0
588525879,20.0
588525880,20.0
588525881,20.0
588525882,20.0
588525883,20.0
588525884,20.0
588525885,20.0
588525886,20.0
588525887,20.0
588525888,20.0
588525889,30.0
588525890,30.0
588525891,30.0
588525892,30.0
588525893,30.0
588525894,30.0
588525895,30.0
588525896,30.0
588525897,30.0
588525898,30.0
588525899,30.0
588525900,30.0
588525901,30.0
588525902,30.0
588525903,30.0
588525904,30.0
588525905,20.0
588525906,20.0
588525907,20.0
588525908,20.0
588525909,20.0
588525910,20.0
588525911,20.0
588526373,30.0
588526374,30.0
588526375,30.0
588526376,30.0
588526377,30.0
588526378,30.0
588526379,30.0
588526380,30.0
588526381,30.0
588526382,30.0
588526383,30.0
588527029,30.0
588527030,20.0
588527032,30.0
588527033,30.0
588527034,30.0
588527035,30.0
588527036,25.0
588527037,30.0
588527038,30.0
588527039,30.0
588527040,30.0
588527041,30.0
588527208,30.0
588527209,30.0
588527210,30.0
588527211,30.0
588527212,30.0
588527214,30.0
588527215,30.0
588527216,30.0
588527217,20.0
588527218,20.0
588527219,20.0
588527220,20.0
588527223,20.0
588527224,20.0
588527225,20.0
588527226,20.0
588527227,20.0
588527229,20.0
588527230,20.0
588527231,20.0
588527232,20.0
588527233,20.0
588527234,20.0
588527235,20.0
588527236,20.0
588527237,20.0
588527238,20.0
588527239,20.0
588528521,25.0
588528522,30.0
588528523,30.0
588528524,30.0
588528525,30.0
588528526,30.0
588528527,30.0
588528528,30.0
588528530,30.0
588528531,30.0
588528533,30.0
588528534,30.0
588528535,30.0
588528536,30.0
588528537,30.0
588528538,30.0
588528539,30.0
588528540,20.0
588528541,20.0
588528542,30.0
588528543,30.0
588528544,30.0
588528545,30.0
588528546,30.0
588528547,30.0
588528548,30.0
588528549,30.0
588528550,30.0
588528551,30.0
588528552,30.0
588529662,30.0
588529664,45.0
588529666,50.0
588529667,40.0
588529668,40.0
588529669,40.0
588529670,45.0
588529986,30.0
588529987,30.0
588529988,30.0
588529989,30.0
588529990,30.0
588529991,30.0
588529992,30.0
588529993,30.0
588529994,30.0
588529995,30.0
588529996,30.0
588529997,30.0
588530086,30.0
588530087,30.0
588530088,30.0
588530089,30.0
588530090,30.0
588530091,30.0
588530092,30.0
588530093,30.0
588530094,30.0
588530095,30.0
588530097,30.0
588530098,30.0
588530099,30.0
588530100,30.0
588530101,30.0
588530102,30.0
588530103,30.0
588530104,30.0
588530105,30.0
588530106,30.0
588530107,30.0
588530109,30.0
588530110,30.0
588530111,30.0
588530112,30.0
588530113,30.0
588530114,30.0
588530115,30.0
588530116,30.0
588530955,30.0
588530956,30.0
588530958,30.0
588530959,30.0
588530961,30.0
588530963,30.0
588530964,30.0
588530965,30.0
588530966,30.0
588530968,30.0
588530969,30.0
588530970,30.0
588530971,30.0
588531227,30.0
588531229,30.0
588531231,30.0
588531233,30.0
588531235,30.0
588531238,30.0
588532364,30.0
588532365,30.0
588532368,50.0
588532369,30.0
588532370,30.0
588532378,30.0
588532379,30.0
588532380,30.0
588532381,30.0
588532383,30.0
588532384,30.0
588532385,30.0
588532742,30.0
588532744,30.0
588532745,30.0
588532747,30.0
588532748,30.0
588532750,30.0
588532751,30.0
588532753,30.0
588532754,30.0
588532756,30.0
588532757,30.0
588532758,30.0
588532759,30.0
588533081,30.0
588533082,30.0
588533083,30.0
588533084,30.0
588533085,30.0
588533086,30.0
588533087,30.0
588533088,30.0
588533089,30.0
588533090,30.0
588533091,30.0
588533092,30.0
588533093,30.0
588533094,30.0
588533095,30.0
588533096,30.0
588533097,30.0
588533098,30.0
588533099,30.0
588533100,30.0
588533101,30.0
588533103,30.0
588533104,30.0
588533105,30.0
588533106,30.0
588533107,30.0
588533108,30.0
588533109,30.0
588533110,30.0
588533111,30.0
588533112,30.0
588534396,30.0
588534397,30.0
588534398,30.0
588534399,30.0
588534400,30.0
588534401,30.0
588534402,30.0
588534403,30.0
588534481,30.0
588534482,30.0
588534483,30.0
588534484,30.0
588534485,30.0
588534565,30.0
588534566,30.0
588534567,30.0
588535940,25.0
588535941,30.0
588535942,20.0
588535943,20.0
588535944,20.0
588535945,20.0
588535946,30.0
588535947,20.0
588536332,30.0
588536333,30.0
588536335,30.0
588536336,30.0
588536337,30.0
588536338,30.0
588536340,30.0
588536341,30.0
588536343,30.0
588536344,30.0
588536345,30.0
588536347,30.0
588536348,30.0
588536349,25.0
588536350,25.0
588536351,30.0
588536352,30.0
588536353,30.0
588536973,30.0
588536974,30.0
588536975,30.0
588536976,30.0
588536977,30.0
588536978,30.0
588536979,30.0
588536980,30.0
588536981,30.0
588536982,30.0
588538401,25.0
588538404,30.0
588538405,30.0
588538407,25.0
588538408,25.0
588538409,30.0
588538410,30.0
588538411,25.0
588538412,30.0
588538413,30.0
588538414,30.0
588538415,30.0
588538416,30.0
588538417,30.0
588538418,30.0
588538419,30.0
588538420,30.0
588539702,20.0
588539703,20.0
588539704,20.0
588539705,20.0
588539706,20.0
588539707,20.0
588539708,20.0
588539709,20.0
588539710,20.0
588539711,20.0
588539712,20.0
588539713,20.0
588539714,20.0
588539715,20.0
588539716,20.0
588539717,20.0
588539718,20.0
588539719,20.0
588539720,20.0
588539721,20.0
588539722,20.0
588539732,30.0
588539733,30.0
588539734,30.0
588539735,30.0
588539736,30.0
588539738,30.0
588539739,25.0
588545734,30.0
588545735,30.0
588545736,30.0
588545737,30.0
588553098,20.0
588553102,20.0
588553103,25.0
588553104,25.0
588553105,30.0
588553106,20.0
588553107,20.0
588553108,30.0
588553109,30.0
588553110,30.0
588553111,20.0
588553113,20.0
588553114,20.0
588553115,30.0
588553116,30.0
588553117,30.0
588554528,30.0
588555237,30.0
588555239,30.0
588557993,20.0
588557995,20.0
588557997,20.0
588557998,20.0
588557999,20.0
588558000,20.0
588558001,30.0
588558002,20.0
588558003,20.0
588558005,20.0
588558007,20.0
588558008,20.0
588558009,20.0
588558010,20.0
588558011,20.0
588558014,20.0
588558015,20.0
588558016,20.0
588558017,20.0
588558018,20.0
588558019,20.0
588558020,20.0
588558021,20.0
588558022,20.0
588558023,20.0
588558024,20.0
588558025,20.0
588558026,20.0
588558027,20.0
588558028,20.0
588558029,20.0
588558030,20.0
588559126,30.0
588562545,20.0
588562546,20.0
588562548,20.0
588562549,20.0
588562550,20.0
588562551,20.0
588562553,20.0
588562554,20.0
588562556,20.0
588562557,20.0
588562559,20.0
588562560,20.0
588562561,20.0
588562563,20.0
588562565,20.0
588562566,20.0
588562567,20.0
588562569,20.0
588562571,20.0
588562572,20.0
588562573,20.0
588562574,20.0
588562575,20.0
588562576,20.0
588562578,20.0
588562579,20.0
588562580,20.0
588562582,20.0
588562583,20.0
588562584,20.0
588562585,20.0
588562587,20.0
588562588,20.0
588562589,20.0
588562591,20.0
588562944,30.0
588564944,25.0
588564945,25.0
588564946,25.0
588564948,30.0
588564949,25.0
588564950,30.0
588564951,20.0
588564952,25.0
588564953,25.0
588564955,30.0
588566133,30.0
588566134,30.0
588566136,25.0
588566139,30.0
588566140,30.0
588566142,30.0
588580579,30.0
588581658,45.0
588581659,45.0
588581660,30.0
588581661,30.0
588581838,30.0
588581839,30.0
588584399,45.0
588584637,30.0
588584638,30.0
588584639,30.0
588584640,30.0
588584641,30.0
588584843,20.0
588584844,20.0
588584846,20.0
588584848,20.0
588584849,20.0
588584850,20.0
588584851,20.0
588584852,20.0
588584853,30.0
588584854,30.0
588584855,20.0
588584856,20.0
588584857,20.0
588584858,20.0
588584859,20.0
588584860,20.0
588584862,20.0
588584863,20.0
588584865,20.0
588584866,20.0
588584867,20.0
588584868,30.0
588584869,20.0
588584870,20.0
588584871,30.0
588584872,30.0
588584873,20.0
588596860,30.0
588596863,30.0
588596864,30.0
588596867,30.0
588596868,30.0
588596869,30.0
588596870,30.0
588596871,30.0
588596872,30.0
588596876,30.0
588597475,30.0
588597476,50.0
588597613,30.0
588597615,30.0
588603511,20.0
588603513,30.0
588603514,20.0
588603520,20.0
588603522,20.0
588603524,20.0
588603527,20.0
588603529,20.0
588603531,20.0
588603533,20.0
588603535,20.0
588603537,20.0
588603540,20.0
588603542,20.0
588603545,20.0
588603547,20.0
588603549,20.0
588603551,20.0
588603554,20.0
588603556,20.0
588603558,20.0
588603561,20.0
588603562,20.0
588603565,20.0
588603568,20.0
588603570,20.0
588603573,20.0
588603574,20.0
588603576,20.0
588603579,20.0
588604852,30.0
588604854,30.0
588604856,30.0
588604862,30.0
588604863,30.0
588604864,30.0
588604865,30.0
588604866,30.0
588604867,30.0
588604868,30.0
588604869,30.0
588606980,30.0
588606981,30.0
588606982,30.0
588606983,30.0
588606984,30.0
588606985,30.0
588606986,30.0
588608336,25.0
588608337,20.0
588608338,20.0
588608339,25.0
588608340,20.0
588819982,30.0
588819983,30.0
588819984,30.0
588820901,20.0
588820903,20.0
588820905,20.0
588820907,20.0
588820909,20.0
588820911,20.0
588820912,20.0
588820915,20.0
588820917,20.0
588820919,20.0
588820921,20.0
588820923,20.0
588820925,20.0
588827949,30.0
588828494,40.0
588828495,30.0
588828496,30.0
588828497,30.0
588828498,30.0
588828499,30.0
588832749,30.0
588832750,30.0
588832751,30.0
588832752,30.0
588834296,24.0
588834299,25.0
588834300,25.0
588834851,30.0
588834852,30.0
588834853,30.0
588835333,30.0
588835619,30.0
588835620,30.0
588835621,30.0
588835626,30.0
588835627,30.0
588835925,30.0
588835926,30.0
588835927,30.0
588835928,30.0
588835929,30.0
588835930,30.0
588835931,30.0
588835932,30.0
588835933,30.0
588835935,30.0
588835936,30.0
588835937,30.0
588835938,30.0
588835939,30.0
588835940,30.0
588835941,30.0
588838376,30.0
588838377,30.0
588838378,30.0
588838379,30.0
588838380,30.0
588838381,30.0
588838382,30.0
588838536,30.0
588838537,30.0
588838538,30.0
588838539,30.0
588838540,30.0
588838541,30.0
588838542,30.0
588838543,30.0
588838544,30.0
588839352,30.0
588841980,30.0
588841981,30.0
588841983,30.0
588841985,24.0
588843144,30.0
588843145,30.0
588843182,30.0
588843183,30.0
588843184,30.0
588843185,30.0
588843186,30.0
588843187,30.0
588843188,30.0
588843189,30.0
588843190,30.0
588843191,30.0
588843192,30.0
588843193,30.0
588843194,30.0
588843195,30.0
588843196,30.0
588843197,30.0
588843198,30.0
588843199,30.0
588843200,30.0
588843201,30.0
588845135,20.0
588845136,20.0
588845137,20.0
588845138,20.0
588845139,20.0
588845140,20.0
588845141,20.0
588845142,20.0
588845143,20.0
588845144,20.0
588845145,30.0
588845146,20.0
588845147,30.0
588845151,20.0
588845152,20.0
588845153,30.0
588845154,30.0
588845155,24.0
588845156,24.0
588845158,30.0
588845159,24.0
588848293,30.0
588848294,30.0
588848295,30.0
588848296,30.0
588848297,30.0
588848298,30.0
588848299,30.0
588848300,30.0
588849727,20.0
588849729,30.0
588849731,30.0
588849733,30.0
588849735,30.0
588849736,30.0
588849738,30.0
588849740,30.0
588849742,24.0
588849745,30.0
588849747,30.0
588849749,30.0
588849750,30.0
588849751,30.0
588849752,30.0
588849753,30.0
588850128,30.0
588850131,30.0
588850133,30.0
588851056,30.0
588851057,30.0
588851058,30.0
588852422,30.0
588852423,30.0
588852424,30.0
588852425,30.0
588852426,30.0
588852427,30.0
588852428,30.0
588853312,30.0
588853313,30.0
588853314,30.0
588853315,30.0
588853316,30.0
588853317,30.0
588853318,30.0
588853319,30.0
588853320,30.0
588853321,30.0
588853322,30.0
588853554,30.0
588853557,30.0
588853558,30.0
588854603,30.0
588854604,30.0
588854605,30.0
588854606,30.0
588854607,30.0
588854608,30.0
588854609,30.0
588854610,30.0
588854611,30.0
588854612,30.0
588854613,30.0
588854614,30.0
588854615,30.0
588854616,30.0
588855343,30.0
588855344,30.0
588855345,30.0
588856764,16.0
588856765,30.0
588856766,30.0
588856767,30.0
588856768,30.0
588856769,30.0
588856770,30.0
588856771,30.0
588856772,24.0
588856773,24.0
588856774,30.0
588856775,30.0
588856776,30.0
588856777,30.0
588856778,24.0
588856779,30.0
588856780,30.0
588856781,30.0
588856782,30.0
588856783,30.0
588857348,30.0
588857350,30.0
588857789,20.0
588857790,30.0
588857791,20.0
588857792,30.0
588857793,30.0
588857794,30.0
588857795,30.0
588857796,30.0
588857797,30.0
588860889,20.0
588860890,20.0
588860893,24.0
588860894,24.0
588863393,30.0
588863394,25.0
588863398,20.0
588863400,30.0
588863401,30.0
588863403,30.0
588863404,30.0
588863406,30.0
588863408,30.0
588863410,30.0
588863412,30.0
588867024,30.0
588867025,30.0
588867026,30.0
588867028,30.0
588867029,30.0
588867030,40.0
588867340,30.0
588867355,24.0
588867356,24.0
588867357,24.0
588867359,20.0
588867362,30.0
588867363,30.0
588867364,30.0
588867365,30.0
588877425,30.0
588882587,30.0
588882588,30.0
588882589,30.0
588883494,30.0
588883495,30.0
588883496,30.0
588883497,30.0
588883498,40.0
588883499,30.0
588884039,30.0
588884040,30.0
588884041,30.0
588884042,30.0
588884043,30.0
588884641,30.0
588884642,30.0
588884643,30.0
588884644,30.0
588884645,30.0
588884646,30.0
588884647,30.0
588884648,30.0
588884649,30.0
588884650,30.0
588884651,30.0
588884652,30.0
588884653,30.0
588884654,30.0
588884655,30.0
588884656,30.0
588884657,30.0
588884658,30.0
588884659,30.0
588884660,30.0
588884661,30.0
588884662,24.0
588884663,30.0
588884664,30.0
588904456,30.0
588904458,30.0
588904459,30.0
588904460,30.0
588904461,30.0
588906474,20.0
588906476,20.0
588906478,20.0
588906479,20.0
588906480,20.0
588906481,20.0
588906482,20.0
588906483,30.0
588906484,24.0
588906485,30.0
588906486,30.0
588906487,30.0
588906488,30.0
588906489,30.0
588906490,30.0
588906491,30.0
588906492,30.0
588906493,24.0
588906495,24.0
588906496,24.0
588906497,30.0
588906498,30.0
588906499,30.0
588906500,30.0
588906501,24.0
588906502,24.0
588906503,24.0
588906504,24.0
588906505,30.0
588906506,24.0
588906507,30.0
588906508,30.0
588906509,30.0
588906511,30.0
588906829,30.0
588910304,30.0
588910305,30.0
588910306,30.0
588910307,30.0
588910308,20.0
588910309,20.0
588910310,30.0
588910311,30.0
588910312,20.0
588910313,20.0
588910314,20.0
588910315,20.0
588910316,20.0
588910318,20.0
588910321,20.0
588910341,30.0
588911151,30.0
588911154,30.0
588911158,30.0
588911161,30.0
588911162,30.0
588911170,30.0
588911172,30.0
588911175,30.0
588911176,30.0
588911178,30.0
588911180,30.0
588911182,30.0
588911184,30.0
588911192,30.0
588911195,30.0
588911196,30.0
588913792,30.0
588914523,25.0
588914525,30.0
588914527,30.0
588914528,30.0
588914531,30.0
588914533,30.0
588914535,30.0
588914537,30.0
588914540,30.0
588914542,30.0
588914544,30.0
588914548,30.0
588914550,30.0
588914558,30.0
588914560,30.0
588914562,24.0
588918425,20.0
588918426,30.0
588918427,30.0
588918428,30.0
588918429,30.0
588919756,30.0
589102873,30.0
589103548,30.0
589103549,30.0
589103550,30.0
589103828,30.0
589103831,30.0
589103833,30.0
589103835,30.0
589103836,30.0
589103838,30.0
589103840,30.0
589103842,30.0
589103844,30.0
589103845,30.0
589103847,30.0
589103849,30.0
589103850,30.0
589103852,30.0
589103999,30.0
589104000,30.0
589104122,30.0
589104123,30.0
589105400,30.0
589105402,30.0
589105404,30.0
589105406,30.0
589105407,30.0
589105409,30.0
589105410,30.0
589105704,30.0
589105991,30.0
589105993,30.0
589106263,30.0
589106265,30.0
589106266,30.0
589106268,30.0
589106270,30.0
589106273,30.0
589106275,30.0
589106277,30.0
589106279,30.0
589106281,30.0
589106284,30.0
589106286,30.0
589107141,30.0
589107142,30.0
589107143,30.0
589107144,30.0
589107145,30.0
589107146,30.0
589107147,30.0
589107148,30.0
589107149,30.0
589107150,30.0
589107151,30.0
589107152,30.0
589107153,30.0
589107154,30.0
589107155,30.0
589107156,30.0
589107157,30.0
589107158,30.0
589107159,30.0
589107160,30.0
589107161,30.0
589107162,30.0
589107163,30.0
589107164,30.0
589107165,30.0
589107216,30.0
589107217,30.0
589107218,30.0
589107219,30.0
589107220,30.0
589107221,30.0
589107222,30.0
589107223,30.0
589107224,30.0
589107225,30.0
589107226,30.0
589107227,30.0
589107228,30.0
589107229,30.0
589107230,30.0
589107231,30.0
589110481,30.0
589110482,30.0
589110483,30.0
589110484,30.0
589110485,30.0
589110486,30.0
589111099,30.0
589111100,30.0
589111101,30.0
589111102,30.0
589111103,30.0
589111104,30.0
589111105,30.0
589111106,30.0
589111107,30.0
589111223,30.0
589111224,30.0
589111225,30.0
589111226,30.0
589111227,30.0
589111228,30.0
589111229,30.0
589111230,30.0
589111231,30.0
589111232,30.0
589111234,30.0
589111235,30.0
589111236,30.0
589111237,30.0
589111238,30.0
589111239,30.0
589111240,30.0
589111241,30.0
589111242,30.0
589111243,30.0
589111244,30.0
589111245,30.0
589111246,30.0
589111247,30.0
589111429,30.0
589111430,30.0
589111431,30.0
589111432,30.0
589112211,30.0
589112212,30.0
589112499,30.0
589112502,30.0
589112503,30.0
589112505,30.0
589112508,30.0
589112510,30.0
589112512,30.0
589112514,30.0
589112517,30.0
589112518,30.0
589112520,30.0
589112522,30.0
589112525,30.0
589112527,30.0
589112529,30.0
589112532,30.0
589112534,30.0
589112537,30.0
589112539,30.0
589112540,30.0
589113475,30.0
589113478,30.0
589113480,30.0
589113482,20.0
589114269,30.0
589114270,30.0
589114271,30.0
589114272,30.0
589114273,30.0
589114274,30.0
589114275,30.0
589114276,30.0
589114277,30.0
589114658,30.0
589114659,30.0
589114660,30.0
589114661,30.0
589114662,30.0
589114663,30.0
589114664,30.0
589114665,30.0
589114667,30.0
589114668,30.0
589114669,30.0
589114670,30.0
589114671,30.0
589114672,30.0
589116930,30.0
589116931,30.0
589116932,30.0
589116933,25.0
589116934,25.0
589117277,30.0
589117278,30.0
589117279,30.0
589117280,30.0
589117281,30.0
589117282,30.0
589117283,30.0
589117284,30.0
589117285,30.0
589117286,30.0
589117287,20.0
589117288,20.0
589117289,20.0
589119984,30.0
589119985,30.0
589119986,30.0
589119987,30.0
589119988,30.0
589119989,30.0
589119990,30.0
589120231,25.0
589120235,30.0
589120236,24.0
589120237,30.0
589120238,24.0
589120239,30.0
589120240,20.0
589121396,30.0
589121397,30.0
589121626,20.0
589121627,20.0
589121628,20.0
589122202,30.0
589122203,30.0
589122204,20.0
589122205,20.0
589122206,20.0
589122207,30.0
589122208,30.0
589122209,20.0
589122210,20.0
589122211,20.0
589122212,20.0
589122213,20.0
589122214,20.0
589122215,20.0
589122216,20.0
589122551,50.0
589124217,20.0
589124218,30.0
589124219,30.0
589124220,30.0
589124221,20.0
589124222,20.0
589124223,20.0
589124224,20.0
589125490,24.0
589125491,30.0
589125492,30.0
589125493,30.0
589125494,30.0
589125495,30.0
589125496,24.0
589125497,24.0
589125498,24.0
589125499,24.0
589125500,24.0
589125501,24.0
589125502,24.0
589125503,24.0
589125505,24.0
589125506,24.0
589125507,24.0
589125508,24.0
589125548,20.0
589125549,20.0
589125550,20.0
589125552,20.0
589125553,20.0
589125554,20.0
589125555,20.0
589125556,20.0
589125557,20.0
589125558,20.0
589125559,20.0
589125820,30.0
589126855,30.0
589126856,24.0
589126857,24.0
589126973,30.0
589126974,30.0
589126975,30.0
589126976,30.0
589126977,30.0
589126978,20.0
589126979,20.0
589126980,20.0
589126981,20.0
589126982,20.0
589126983,30.0
589126984,20.0
589126985,30.0
589126986,30.0
589126987,30.0
589126988,30.0
589126989,30.0
589126990,30.0
589126991,30.0
589127239,30.0
589127240,30.0
589127241,30.0
589127242,30.0
589127243,30.0
589127746,24.0
589127747,24.0
589127748,30.0
589127749,30.0
589127750,24.0
589131507,20.0
589131508,20.0
589131509,25.0
589131510,25.0
589131511,30.0
589132544,30.0
589132545,30.0
589132546,30.0
589132547,30.0
589132548,30.0
589132549,30.0
589132550,24.0
589132551,30.0
589132553,24.0
589132554,24.0
589132556,30.0
589132557,30.0
589132558,30.0
589132560,30.0
589134057,30.0
589134597,30.0
589134599,24.0
589134601,24.0
589134604,24.0
589134608,30.0
589134613,24.0
589134615,24.0
589134617,24.0
589134619,24.0
589135672,20.0
589135673,30.0
589135674,30.0
589135675,30.0
589135676,20.0
589135677,20.0
589135678,20.0
589135679,20.0
589135680,20.0
589135681,20.0
589135682,20.0
589135683,20.0
589135684,20.0
589135685,20.0
589135686,20.0
589135687,20.0
589137155,20.0
589137157,20.0
589137158,20.0
589137159,20.0
589137160,20.0
589137161,20.0
589137165,20.0
589137167,20.0
589137168,20.0
589137169,20.0
589137170,20.0
589137171,20.0
589137172,20.0
589137388,30.0
589137389,25.0
589137390,30.0
589137391,25.0
589137392,25.0
589137393,25.0
589137394,30.0
589137395,25.0
589137967,25.0
589137968,25.0
589137969,30.0
589137970,20.0
589137971,20.0
589137972,20.0
589137973,20.0
589137974,20.0
589137975,20.0
589137976,20.0
589137977,20.0
589137978,20.0
589137979,20.0
589137980,20.0
589137981,30.0
589137982,30.0
589137983,30.0
589137984,30.0
589138697,25.0
589140434,30.0
589140437,30.0
589140441,30.0
589140443,30.0
589140447,30.0
589140450,30.0
589140452,20.0
589140455,30.0
589140457,20.0
589140459,20.0
589140461,30.0
589140462,30.0
589140463,30.0
589140464,30.0
589141109,30.0
589141110,30.0
589141314,30.0
589141315,20.0
589142174,20.0
589142175,20.0
589142176,20.0
589142177,20.0
589142178,20.0
589142179,20.0
589143349,30.0
589143352,30.0
589143353,30.0
589143355,30.0
589153118,20.0
589156435,45.0
589156565,30.0
589156991,30.0
589156993,30.0
589156994,30.0
589156995,30.0
589159171,20.0
589159174,20.0
589159178,20.0
589161936,30.0
589161939,30.0
589161942,30.0
589161944,30.0
589161945,30.0
589161946,30.0
589161947,30.0
589163908,30.0
589163909,20.0
589163910,20.0
589163911,20.0
589163912,20.0
589163913,20.0
589163914,20.0
589163915,20.0
589163916,20.0
589163917,20.0
589163918,20.0
589163919,20.0
589163920,20.0
589163921,20.0
589163922,20.0
589163923,20.0
589163924,20.0
589163925,20.0
589163926,20.0
589163927,20.0
589166925,30.0
589166926,30.0
589166927,30.0
589166928,30.0
589166929,30.0
589167231,20.0
589167233,20.0
589167236,20.0
589167238,20.0
589167240,20.0
589167242,20.0
589167244,20.0
589167246,20.0
589167248,20.0
589167250,20.0
589167252,20.0
589167254,20.0
589167256,20.0
589167258,20.0
589167260,20.0
589167262,20.0
589167263,20.0
589167264,20.0
589167265,20.0
589167266,20.0
589167267,20.0
589167268,20.0
589167273,20.0
589167513,30.0
589167514,30.0
589170679,30.0
589175068,20.0
589175069,20.0
589175070,30.0
589175071,30.0
589175072,30.0
589175073,30.0
589175074,30.0
589175075,30.0
589175076,30.0
589175077,30.0
589175078,30.0
589175079,30.0
589175080,30.0
589175081,30.0
589175082,30.0
589175307,30.0
589175308,30.0
589176384,30.0
589176385,30.0
589176387,30.0
589176388,30.0
589176389,30.0
589176391,30.0
589176392,30.0
589176394,30.0
589176396,30.0
589176398,30.0
589176399,30.0
589176401,30.0
589176402,30.0
589176404,30.0
589176405,30.0
589176407,30.0
589176927,30.0
589176928,30.0
589176929,30.0
589293113,30.0
589295299,30.0
589295301,30.0
589295302,30.0
589295303,30.0
589295305,30.0
589295307,30.0
589295309,30.0
589295311,30.0
589295313,30.0
589295315,30.0
589295316,30.0
589295318,30.0
589295321,30.0
589295323,30.0
589295326,30.0
589717704,30.0
589717706,20.0
589717707,20.0
589717708,20.0
589717709,20.0
589718511,20.0
589718512,20.0
589718513,20.0
589718514,20.0
589718515,20.0
589718516,20.0
589718517,20.0
589718518,20.0
589718519,20.0
589718520,20.0
589718521,20.0
589718522,20.0
589718524,20.0
589718525,20.0
589718528,20.0
589718530,20.0
589718531,20.0
589718533,20.0
589718535,20.0
589718537,20.0
589718539,20.0
589718541,20.0
589718543,20.0
589718545,20.0
589718547,20.0
589718549,20.0
589718551,20.0
589718552,20.0
589718554,20.0
589718556,20.0
589718558,20.0
589718559,20.0
589718560,20.0
589718561,20.0
589718562,20.0
589718563,20.0
589718564,20.0
589718565,20.0
589718566,20.0
589718567,20.0
589718568,20.0
589718572,20.0
589718573,30.0
589718574,20.0
589718575,20.0
589718576,20.0
589718577,20.0
589719132,30.0
589719133,24.0
589719134,30.0
589719135,30.0
589719136,30.0
589719137,30.0
589719138,30.0
589719140,30.0
589719640,30.0
589719641,24.0
589719890,30.0
589719913,30.0
589719914,30.0
589719915,30.0
589719916,30.0
589719990,40.0
589720506,24.0
589720507,30.0
589720508,30.0
589720509,30.0
589720510,30.0
589720511,30.0
589720512,30.0
589721095,30.0
589721096,30.0
589721097,30.0
589721098,30.0
589725910,20.0
589725911,30.0
589725912,30.0
589725913,30.0
589725914,30.0
589725915,30.0
589725916,20.0
589725917,20.0
589725918,20.0
589725919,20.0
589725920,20.0
589725921,20.0
589725922,20.0
589725923,20.0
589725924,20.0
589725925,20.0
589728264,30.0
589728267,30.0
589728268,30.0
589728269,30.0
589728270,30.0
589728271,30.0
589728272,30.0
589728273,30.0
589728274,30.0
589728275,30.0
589728276,30.0
589728277,30.0
589728278,30.0
589728280,30.0
589728281,30.0
589728927,30.0
589728928,30.0
589728929,20.0
589728930,20.0
589728931,30.0
589728932,20.0
589728933,20.0
589728934,20.0
589728935,20.0
589728936,20.0
589729981,20.0
589729982,20.0
589729985,30.0
589729986,30.0
589730340,20.0
589730341,20.0
589732548,20.0
589732549,20.0
589732550,20.0
589732551,20.0
589732570,30.0
589732573,30.0
589732575,30.0
589732576,30.0
589732577,30.0
589732578,30.0
589732579,30.0
589732580,30.0
589732581,30.0
589732582,30.0
589732583,30.0
589732584,30.0
589732585,30.0
589732586,30.0
589732587,30.0
589732588,30.0
589732589,30.0
589732590,30.0
589732591,30.0
589732592,30.0
589732593,30.0
589732594,30.0
589732595,30.0
589732596,30.0
589732597,30.0
589732600,30.0
589732601,30.0
589732602,30.0
589734873,30.0
589736754,30.0
589736755,30.0
589736756,30.0
589736757,30.0
589736758,30.0
589736759,30.0
589736760,30.0
589736761,30.0
589736762,30.0
589736763,30.0
589736764,30.0
589736765,30.0
589736766,30.0
589736767,30.0
589736768,30.0
589736769,30.0
589736770,30.0
589736771,30.0
589736772,30.0
589736773,30.0
589736774,30.0
589736775,30.0
589736776,30.0
589736777,30.0
589736778,30.0
589736779,30.0
589736780,30.0
589736781,30.0
589736782,30.0
589736783,30.0
589736784,30.0
589736785,30.0
589736786,30.0
589736787,30.0
589736788,30.0
589736789,30.0
589736790,30.0
589736791,30.0
589736792,30.0
589736793,30.0
589736794,30.0
589736795,30.0
589736796,30.0
589736797,30.0
589736798,30.0
589736799,30.0
589736800,30.0
589736801,30.0
589736802,30.0
589736803,30.0
589736804,30.0
589736805,30.0
589736806,30.0
589736807,30.0
589736808,30.0
589736809,30.0
589736810,30.0
589736811,30.0
589736812,30.0
589736813,30.0
589736814,30.0
589736815,30.0
589736816,30.0
589736817,30.0
589736818,30.0
589736819,30.0
589736820,30.0
589736821,30.0
589736822,30.0
589736823,30.0
589736824,30.0
589736825,30.0
589736826,30.0
589736827,30.0
589736828,30.0
589736829,30.0
589736830,30.0
589738219,30.0
589738220,30.0
589738221,30.0
589738222,30.0
589738223,30.0
589738224,30.0
589738225,30.0
589738226,30.0
589738227,30.0
589738228,30.0
589738229,30.0
589738230,30.0
589738231,30.0
589738232,30.0
589738233,30.0
589738234,30.0
589738235,30.0
589738236,30.0
589738237,30.0
589738238,30.0
589738239,30.0
589738240,30.0
589738241,30.0
589738242,30.0
589738243,30.0
589738244,30.0
589739033,30.0
589739251,20.0
589739252,20.0
589739253,20.0
589739254,20.0
589739255,20.0
589739256,20.0
589739257,50.0
589739258,30.0
589739260,30.0
589739261,30.0
589739262,30.0
589739263,30.0
589739264,30.0
589739265,30.0
589739266,30.0
589739267,30.0
589739268,30.0
589739269,20.0
589739270,20.0
589739271,20.0
589739272,30.0
589741769,24.0
589741770,24.0
589741771,30.0
589741772,24.0
589741773,30.0
589741774,30.0
589741775,24.0
589741776,20.0
589747610,30.0
589747611,30.0
589747612,30.0
589747613,30.0
589747614,30.0
589747615,30.0
589747616,30.0
589747617,30.0
589747618,30.0
589747619,30.0
589747620,30.0
589747621,30.0
589747622,30.0
589747623,30.0
589747624,30.0
589747625,30.0
589747626,30.0
589747627,30.0
589747628,30.0
589747629,30.0
589747630,30.0
589747631,30.0
589747632,30.0
589747633,30.0
589747635,30.0
589748446,30.0
589748447,30.0
589748448,30.0
589748449,30.0
589748450,30.0
589756844,30.0
589756846,20.0
589756847,20.0
589756848,20.0
589756849,20.0
589756850,20.0
589756851,20.0
589756852,30.0
589756853,30.0
589756854,30.0
589756855,30.0
589756856,30.0
589756857,30.0
589756858,30.0
589757208,45.0
589757209,45.0
589757210,30.0
589757211,30.0
589757212,45.0
589757213,45.0
589757214,45.0
589757215,45.0
589757216,45.0
589757217,45.0
589757219,45.0
589757221,45.0
589757222,45.0
589757223,45.0
589757351,30.0
589757352,30.0
589757353,30.0
589757354,30.0
589757355,30.0
589757356,24.0
589757357,30.0
589757358,24.0
589757359,24.0
589757360,24.0
589757361,24.0
589757362,30.0
589757363,30.0
589757364,30.0
589757365,30.0
589757366,24.0
589757367,24.0
589757368,30.0
589757369,24.0
589757370,30.0
589757371,30.0
589757372,30.0
589757373,30.0
589757374,30.0
589757375,30.0
589757376,30.0
589757377,30.0
589757378,30.0
589757379,30.0
589757380,24.0
589757382,24.0
589757417,30.0
589757420,20.0
589757422,20.0
589759636,45.0
589759637,30.0
589759638,20.0
589759639,30.0
589759640,45.0
589759641,45.0
589764541,30.0
589764542,30.0
589765721,30.0
589765722,30.0
589765723,30.0
589765724,30.0
589765725,30.0
589765726,30.0
589765727,30.0
589765728,30.0
589781672,30.0
589781674,30.0
589781676,30.0
589781679,30.0
589781680,30.0
589781682,30.0
589781837,20.0
589781841,24.0
589781847,20.0
589781848,20.0
589781851,20.0
589786183,30.0
589786187,30.0
589786196,30.0
589786199,30.0
589786205,30.0
589786208,30.0
589786210,30.0
589794283,30.0
589794284,30.0
589794285,30.0
589794286,30.0
589794287,30.0
589794288,30.0
589794412,25.0
589802818,30.0
589802820,30.0
589802822,30.0
589802825,30.0
589802827,30.0
589803408,30.0
589803409,30.0
589803420,24.0
589805522,20.0
589805523,20.0
589808717,30.0
589811033,30.0
589811035,30.0
589811037,30.0
589815581,24.0
589815585,20.0
589815586,30.0
589815587,24.0
589996104,20.0
589996105,20.0
589996106,20.0
589996107,30.0
589996108,30.0
589996109,30.0
589996110,30.0
589996111,30.0
589996113,30.0
589996114,20.0
589996115,20.0
589996116,20.0
589996117,20.0
589996118,20.0
589996119,20.0
589996120,20.0
589996121,20.0
589996122,20.0
589996123,30.0
589996124,30.0
589996125,30.0
589996776,30.0
589996777,30.0
589996778,20.0
589996897,30.0
589996898,20.0
589996899,20.0
589996900,30.0
589996901,20.0
589996902,20.0
589996903,20.0
589996904,30.0
589996905,30.0
589996906,30.0
589996907,30.0
589996908,30.0
589996909,30.0
589996910,20.0
589996911,30.0
589996912,20.0
589996913,20.0
589997810,30.0
589997812,30.0
589997813,30.0
589997815,30.0
589997816,30.0
589997818,30.0
589997819,25.0
589997821,30.0
589997823,30.0
589997824,25.0
589998036,30.0
589998384,30.0
589998386,30.0
589998387,30.0
589998388,30.0
589998389,30.0
589998390,30.0
589998391,30.0
589998392,30.0
589998393,30.0
589998395,30.0
589998396,30.0
589998397,30.0
589998398,30.0
589998399,30.0
589998400,30.0
589998401,30.0
589998402,30.0
589998403,30.0
589999452,30.0
590000141,30.0
590000142,30.0
590000143,30.0
590000144,30.0
590000145,30.0
590000148,30.0
590002535,20.0
590002536,20.0
590002537,20.0
590002538,20.0
590002539,30.0
590002540,30.0
590002571,30.0
590002572,30.0
590003507,30.0
590003508,30.0
590003509,20.0
590003510,30.0
590003511,30.0
590003512,30.0
590003513,30.0
590003514,30.0
590003515,30.0
590003516,30.0
590003517,30.0
590003518,30.0
590003519,30.0
590003520,30.0
590003521,30.0
590003522,30.0
590003524,30.0
590003526,30.0
590003527,30.0
590003528,30.0
590003529,30.0
590003530,30.0
590003655,20.0
590003656,30.0
590003657,30.0
590003658,30.0
590003659,30.0
590003660,30.0
590004614,25.0
590004615,30.0
590004616,50.0
590004617,50.0
590005201,30.0
590005202,30.0
590006924,30.0
590006925,20.0
590006926,20.0
590007925,45.0
590007926,45.0
590007927,30.0
590007928,30.0
590007929,30.0
590007930,30.0
590007931,30.0
590007932,30.0
590008112,30.0
590008113,30.0
590008114,25.0
590008115,25.0
590008116,25.0
590008117,30.0
590008118,30.0
590008119,30.0
590008120,20.0
590009432,20.0
590009433,20.0
590009434,20.0
590009435,20.0
590009436,20.0
590009437,20.0
590009438,20.0
590009439,20.0
590009440,20.0
590009441,20.0
590009442,20.0
590009443,20.0
590009444,20.0
590009445,20.0
590009446,20.0
590009447,20.0
590009448,20.0
590009449,20.0
590009450,20.0
590009451,20.0
590009452,20.0
590009453,20.0
590009454,20.0
590009455,20.0
590009456,20.0
590009457,20.0
590009458,20.0
590009591,30.0
590010976,30.0
590010977,30.0
590012457,30.0
590012458,30.0
590012459,30.0
590012460,30.0
590012461,30.0
590014016,20.0
590014017,20.0
590014018,20.0
590014019,20.0
590014020,20.0
590014021,20.0
590014022,20.0
590014023,20.0
590014024,20.0
590014025,20.0
590014026,20.0
590014027,20.0
590014028,20.0
590014029,20.0
590014030,20.0
590014031,20.0
590014032,20.0
590014033,20.0
590014034,20.0
590014035,20.0
590014036,20.0
590014037,20.0
590014038,20.0
590014039,20.0
590014040,20.0
590014041,20.0
590014042,20.0
590014043,20.0
590014044,20.0
590014045,20.0
590014046,20.0
590015825,20.0
590015826,20.0
590015827,20.0
590015828,20.0
590015829,20.0
590015830,20.0
590015831,20.0
590015832,20.0
590015833,20.0
590015834,20.0
590015835,20.0
590015836,20.0
590016323,30.0
590020308,30.0
590023735,30.0
590023736,30.0
590023737,30.0
590034456,30.0
590034457,30.0
590034458,30.0
590037934,30.0
590037935,20.0
590037936,20.0
590037937,20.0
590037938,20.0
590037939,20.0
590037940,20.0
590037941,20.0
590037942,20.0
590037943,20.0
590037944,20.0
590037945,20.0
590037946,20.0
590037947,20.0
590037948,20.0
590052642,30.0
590052643,30.0
590052644,30.0
590052645,30.0
590052646,30.0
590052647,30.0
590052648,30.0
590052649,30.0
590052650,25.0
590052651,25.0
590052652,30.0
590052653,30.0
590052654,30.0
590053383,30.0
590053384,30.0
590053386,25.0
590059692,20.0
590059693,20.0
590059698,50.0
590059699,50.0
590064115,30.0
590064116,20.0
590064118,20.0
590064120,20.0
590064122,30.0
590064123,30.0
590064125,30.0
590064127,30.0
590064129,30.0
590064131,30.0
590064133,20.0
590064135,20.0
590064137,20.0
590064138,20.0
590064140,20.0
590064142,20.0
590064144,20.0
590064145,20.0
590064147,20.0
590064148,20.0
590064150,20.0
590064152,30.0
590064153,30.0
590067864,30.0
590075260,20.0
590075261,20.0
590079843,20.0
590079845,20.0
590079847,20.0
590079849,20.0
590079851,20.0
590079853,20.0
590079855,20.0
590079857,20.0
590079859,20.0
590079862,20.0
590079865,20.0
590079867,20.0
590079870,20.0
590079872,20.0
590079874,20.0
590079876,20.0
590079878,30.0
590079879,30.0
590079880,30.0
590079881,30.0
590079882,30.0
590079883,30.0
590079884,30.0
590081079,20.0
590081083,20.0
590081087,20.0
590081090,20.0
590081093,20.0
590209470,30.0
590300680,20.0
590300681,20.0
590300682,20.0
590300683,20.0
590300684,20.0
590300685,20.0
590300686,20.0
590300687,20.0
590300688,20.0
590300689,20.0
590300690,20.0
590300691,20.0
590300692,20.0
590301393,20.0
590301394,20.0
590301395,20.0
590301396,20.0
590301397,20.0
590301398,20.0
590301399,20.0
590301400,20.0
590301401,20.0
590301402,20.0
590301403,20.0
590301404,20.0
590301405,30.0
590301406,20.0
590301407,20.0
590301408,20.0
590301409,20.0
590301410,20.0
590301411,20.0
590301412,20.0
590301413,20.0
590301414,20.0
590301415,20.0
590301416,20.0
590301417,30.0
590302509,30.0
590302510,30.0
590302511,30.0
590302941,30.0
590305440,30.0
590305442,30.0
590305443,30.0
590305445,30.0
590305447,30.0
590305448,30.0
590305449,30.0
590305451,30.0
590305453,30.0
590305454,30.0
590305456,30.0
590305458,30.0
590305459,30.0
590305461,30.0
590305463,30.0
590305465,30.0
590305466,30.0
590307051,30.0
590307052,30.0
590307053,30.0
590311764,30.0
590311766,30.0
590311768,30.0
590311769,30.0
590311771,30.0
590311773,30.0
590311775,30.0
590311777,30.0
590311779,30.0
590311782,30.0
590313999,20.0
590314000,30.0
590314001,30.0
590314002,30.0
590314003,20.0
590314004,30.0
590314005,30.0
590314006,20.0
590315300,30.0
590316629,20.0
590316630,20.0
590316631,30.0
590318265,20.0
590318266,30.0
590319538,30.0
590319539,30.0
590319540,30.0
590319541,30.0
590319551,30.0
590319552,30.0
590319553,30.0
590319557,30.0
590319558,30.0
590319559,30.0
590319560,30.0
590319561,30.0
590319562,30.0
590320214,30.0
590320215,30.0
590320216,24.0
590320217,20.0
590320218,20.0
590320219,30.0
590322770,30.0
590324060,30.0
590324076,20.0
590324077,20.0
590324078,20.0
590324079,20.0
590324080,20.0
590324081,20.0
590324082,20.0
590324083,20.0
590324084,20.0
590324085,20.0
590328542,30.0
590331404,30.0
590331407,30.0
590331408,25.0
590331409,30.0
590331410,25.0
590333274,30.0
590333275,30.0
590333276,30.0
590339100,30.0
590344472,30.0
590352669,30.0
590378655,30.0
590378656,30.0
590378657,30.0
590379802,30.0
590379805,30.0
590379806,30.0
590391850,30.0
590391851,30.0
590394209,20.0
590394210,20.0
590394211,20.0
590394212,20.0
590394213,20.0
590394214,20.0
590394215,20.0
590619478,30.0
590619479,30.0
590619480,30.0
590619481,30.0
590621598,30.0
590621600,30.0
590621602,30.0
590621604,30.0
590622799,30.0
590622800,30.0
590622801,30.0
590622802,30.0
590622803,30.0
590622804,30.0
590624290,30.0
590624291,30.0
590625632,30.0
590625633,30.0
590625634,30.0
590625635,30.0
590625636,30.0
590625637,30.0
590625638,30.0
590625716,30.0
590625717,30.0
590625718,30.0
590625719,30.0
590625720,30.0
590625721,30.0
590626710,30.0
590626711,20.0
590626712,30.0
590626713,20.0
590626714,30.0
590626715,30.0
590627859,30.0
590627860,30.0
590627861,30.0
590627862,30.0
590627863,30.0
590633442,30.0
590633443,30.0
590633444,30.0
590634006,30.0
590634007,30.0
590634008,20.0
590634009,20.0
590634010,20.0
590634011,30.0
590634012,30.0
590634013,30.0
590634014,30.0
590634015,30.0
590635001,30.0
590635002,30.0
590635003,30.0
590635004,30.0
590635005,30.0
590635006,20.0
590635007,20.0
590641113,30.0
590641114,20.0
590641115,20.0
590641116,30.0
590641117,30.0
590641118,30.0
590641119,30.0
590641129,30.0
590641130,30.0
590641131,30.0
590641132,30.0
590641133,30.0
590641134,30.0
590641135,30.0
590643716,20.0
590643717,20.0
590643718,20.0
590643719,20.0
590643720,30.0
590643721,30.0
590643722,30.0
590644189,20.0
590644190,30.0
590644191,30.0
590644192,30.0
590644193,30.0
590644194,30.0
590644195,30.0
590644196,20.0
590644199,30.0
590644449,30.0
590646474,30.0
590647539,30.0
590647540,30.0
590647541,20.0
590652414,30.0
590652415,30.0
590652416,20.0
590652417,20.0
590652418,24.0
590652419,30.0
590652420,20.0
590657736,30.0
590657737,30.0
590657738,30.0
590657739,30.0
590657740,30.0
590657741,30.0
590659745,30.0
590659746,30.0
590672227,30.0
590672228,30.0
590672230,30.0
590686598,30.0
590686600,20.0
590686601,30.0
590686602,30.0
590686603,30.0
590686604,30.0
590687023,30.0
590687441,20.0
590687442,20.0
590689896,30.0
590689897,30.0
590690319,30.0
590690320,30.0
590707521,30.0
590707522,20.0
590707523,20.0
590707524,20.0
590709070,40.0
590709071,40.0
590711875,30.0
590711876,30.0
590711877,30.0
590712899,45.0
590714287,30.0
590714288,30.0
590714289,30.0
590714290,30.0
590714522,30.0
590718787,40.0
590718789,40.0
590718790,45.0
590718791,45.0
590718793,45.0
590718796,45.0
590721997,30.0
590721998,30.0
590723741,30.0
590727854,30.0
590727857,30.0
590733580,30.0
590888255,30.0
590888256,30.0
590888257,30.0
590888258,20.0
590888259,20.0
590888260,20.0
590888261,20.0
590888262,20.0
590888263,20.0
590888264,20.0
590889848,30.0
590889849,30.0
590889850,30.0
590889851,30.0
590889852,30.0
590889913,30.0
590889914,45.0
590889916,30.0
590890359,20.0
590890360,30.0
590890361,30.0
590890362,30.0
590890363,30.0
590890364,30.0
590890365,30.0
590892249,30.0
590892250,30.0
590892251,30.0
590892252,30.0
590893368,30.0
590893369,30.0
590893370,30.0
590893371,30.0
590893372,30.0
590893373,30.0
590893374,30.0
590893375,20.0
590893376,30.0
590893377,30.0
590893378,30.0
590895674,30.0
590895676,30.0
590895677,30.0
590895679,30.0
590895681,30.0
590895683,30.0
590895685,20.0
590895687,20.0
590895689,30.0
590895690,20.0
590895692,20.0
590895694,20.0
590895696,30.0
590895698,30.0
590895701,30.0
590895703,30.0
590895705,30.0
590895707,30.0
590895708,30.0
590904405,30.0
590904407,30.0
590905171,50.0
590905172,50.0
590906162,45.0
590906163,45.0
590907246,20.0
590908540,30.0
590911064,30.0
590911065,50.0
590911066,20.0
590911067,20.0
590911068,30.0
590911069,30.0
590911070,30.0
590912453,30.0
590912454,30.0
590912455,30.0
590912456,30.0
590912457,30.0
590914904,30.0
590914906,30.0
590916431,20.0
590916432,20.0
590916802,30.0
590916865,30.0
590916866,30.0
590916867,20.0
590916868,30.0
590917490,20.0
590917491,20.0
590917492,20.0
590917493,20.0
590917494,20.0
590917495,20.0
590917496,20.0
590918027,20.0
590918028,20.0
590918029,20.0
590919593,30.0
590919594,30.0
590919595,30.0
590919596,30.0
590920383,30.0
590920384,30.0
590921980,30.0
590921981,30.0
590921983,30.0
590921984,30.0
590921985,30.0
590924190,20.0
590924191,20.0
590926361,30.0
590926362,30.0
590927059,30.0
590927060,20.0
590927062,20.0
590927063,20.0
590927064,30.0
590927065,30.0
590927066,30.0
590927067,30.0
590927068,30.0
590927069,30.0
590943935,30.0
590943936,30.0
590943937,30.0
590946483,30.0
590946484,30.0
590946485,30.0
590946486,30.0
590946487,30.0
590946488,30.0
590946489,30.0
590946490,30.0
590946491,20.0
590946492,20.0
590946493,20.0
590946494,20.0
590946495,20.0
590946496,20.0
590946497,20.0
590946498,20.0
590946499,20.0
590946500,20.0
590946501,20.0
590946502,20.0
590946870,20.0
590946871,30.0
590955353,20.0
590955356,30.0
590955359,25.0
590955361,25.0
590955363,25.0
590955366,40.0
590955368,40.0
590955376,20.0
590955378,20.0
590955380,30.0
590955383,30.0
590955386,30.0
590959953,30.0
590959954,30.0
590959955,30.0
591446081,30.0
591447868,30.0
591447869,20.0
591447870,20.0
591449921,20.0
591449922,20.0
591449923,20.0
591449924,20.0
591449926,20.0
591449927,20.0
591449928,30.0
591451064,20.0
591451065,20.0
591451067,16.0
591451069,20.0
591451071,20.0
591451072,20.0
591451073,20.0
591451075,20.0
591451077,20.0
591451079,20.0
591451081,20.0
591451082,20.0
591451083,20.0
591451437,20.0
591451438,20.0
591451439,20.0
591451440,20.0
591451441,20.0
591451442,20.0
591451443,20.0
591451444,20.0
591451445,20.0
591451446,20.0
591451447,20.0
591451448,20.0
591451449,20.0
591451450,20.0
591451451,20.0
591451452,20.0
591451453,20.0
591451454,20.0
591451455,20.0
591451456,20.0
591451458,20.0
591451459,30.0
591451460,30.0
591452253,30.0
591452254,20.0
591452256,20.0
591461137,30.0
591461139,30.0
591461141,30.0
591461143,30.0
591461145,30.0
591461147,20.0
591461149,20.0
591461151,20.0
591461153,20.0
591461155,20.0
591461158,20.0
591461161,20.0
591461164,20.0
591461168,20.0
591461170,20.0
591461172,20.0
591461174,30.0
591461176,20.0
591462444,20.0
591462445,20.0
591462446,20.0
591462447,20.0
591462448,20.0
591462449,20.0
591462450,20.0
591462451,20.0
591462452,16.0
591465176,20.0
591465178,20.0
591474941,30.0
591474942,50.0
591474943,50.0
591474944,50.0
591474945,50.0
591474946,50.0
591474947,30.0
591475212,20.0
591475213,20.0
591477524,20.0
591484384,30.0
591488344,30.0
591488346,30.0
591488349,30.0
591488351,30.0
591488353,30.0
591495319,30.0
591495320,30.0
591495321,30.0
591495322,30.0
591497622,30.0
591500871,30.0
591500872,30.0
591500873,30.0
591500874,30.0
591500875,30.0
591500876,30.0
591521118,30.0
591521119,50.0
591521120,50.0
591521121,50.0
591528409,25.0
591528411,25.0
591528413,25.0
591528415,25.0
591528417,25.0
591528420,25.0
591528422,25.0
591528424,30.0
591528427,30.0
591528429,30.0
591529270,20.0
591538937,16.0
591538939,16.0
591538941,20.0
591538942,20.0
591538945,30.0
591538947,30.0
591538949,20.0
591538951,20.0
591538953,20.0
591538954,20.0
591538956,30.0
591538958,30.0
591538960,30.0
591538962,30.0
591540372,30.0
591540373,30.0
591541440,30.0
591541441,30.0
591541442,30.0
591541443,30.0
591541444,30.0
591541445,30.0
591688483,20.0
591690044,30.0
591690045,30.0
591690046,30.0
591690047,30.0
591690210,30.0
591690211,30.0
591690212,30.0
591690213,30.0
591690214,30.0
591690216,30.0
591690217,20.0
591690218,30.0
591690219,30.0
591690220,20.0
591690221,20.0
591690222,20.0
591695073,30.0
591695074,30.0
591696049,30.0
591697547,30.0
591697549,30.0
591697551,30.0
591697552,30.0
591697896,30.0
591697897,30.0
591697898,30.0
591697899,30.0
591699639,30.0
591699640,30.0
591700217,30.0
591701788,30.0
591701792,30.0
591703443,30.0
591703444,30.0
591703445,30.0
591703446,30.0
591703447,30.0
591703448,30.0
591704636,40.0
591704637,40.0
591705536,30.0
591705538,30.0
591707703,30.0
591707704,30.0
591707733,30.0
591713514,30.0
591713515,30.0
591714378,30.0
591714381,30.0
591722335,20.0
591722336,20.0
591722337,20.0
591722338,20.0
591722340,30.0
591722343,20.0
591722344,30.0
591722346,20.0
591722347,30.0
591722348,30.0
591722349,20.0
591722351,20.0
591722354,20.0
591722356,20.0
591722358,30.0
591722361,20.0
591722362,30.0
591722363,30.0
591722751,30.0
591723722,30.0
591723723,30.0
591723724,30.0
591723725,30.0
591723726,30.0
591723727,30.0
591723728,30.0
591723729,30.0
591723730,30.0
591723731,30.0
591723732,30.0
591731391,25.0
591731392,25.0
591731782,30.0
591731785,30.0
591731787,30.0
591731789,30.0
591731791,30.0
591732170,30.0
591732171,30.0
591748361,30.0
591748362,30.0
591748364,30.0
591748366,30.0
591748368,30.0
591748370,30.0
591748372,30.0
591748374,30.0
591748376,30.0
591748378,30.0
591748379,30.0
591748381,30.0
591748383,30.0
591748385,30.0
591748387,30.0
591748389,30.0
591748391,30.0
591748393,30.0
591751393,30.0
591751795,30.0
591751796,30.0
591751797,30.0
591751798,30.0
591751799,30.0
591751800,30.0
591751801,30.0
591751802,30.0
591751803,30.0
591751804,30.0
591751805,30.0
591757883,40.0
591924148,50.0
591924149,50.0
591924150,50.0
591924151,50.0
591925141,25.0
591925144,30.0
591925881,30.0
591925884,30.0
591925885,30.0
591925886,30.0
591928303,20.0
591928304,20.0
591930655,30.0
591931916,30.0
591931917,30.0
591931918,40.0
591931919,50.0
591931920,50.0
591931921,50.0
591931922,50.0
591931923,30.0
591931924,30.0
591940502,20.0
591940503,20.0
591940504,20.0
591940505,20.0
591940506,20.0
591940507,20.0
591940508,20.0
591940509,20.0
591946196,30.0
591946197,30.0
591946198,30.0
591946199,30.0
591946200,30.0
591946201,30.0
591946202,30.0
591946203,30.0
591946206,20.0
591946208,20.0
591946209,20.0
591946210,20.0
591946211,20.0
591948178,30.0
591951793,20.0
591951795,20.0
591951797,20.0
591951799,20.0
591951801,20.0
591951803,20.0
591951805,20.0
591951807,20.0
591951810,30.0
591951813,30.0
591960909,30.0
591968459,20.0
591968460,20.0
591968461,20.0
591968462,20.0
591968463,20.0
591968464,20.0
591968465,20.0
591968466,20.0
591968467,20.0
591968468,30.0
591968469,30.0
591972154,20.0
591972156,30.0
591972159,30.0
591972161,30.0
591972163,30.0
591972165,30.0
591972167,30.0
591972169,30.0
591972171,30.0
591972173,30.0
591972175,30.0
591972177,30.0
591972179,30.0
591972182,20.0
591979855,30.0
591979856,20.0
591979857,20.0
591983332,20.0
591983333,20.0
591983334,20.0
591983335,20.0
591983360,30.0
591983361,30.0
591983362,30.0
591983363,30.0
591987984,20.0
591990771,30.0
591990773,30.0
592028268,30.0
592028269,30.0
592028270,50.0
592028272,50.0
592028273,30.0
592030780,45.0
592030781,45.0
592036283,30.0
592036284,30.0
592036285,30.0
592036286,30.0
592210039,30.0
592222347,30.0
592226211,30.0
592226212,30.0
592232724,20.0
592232725,20.0
592256686,30.0
592256688,30.0
592259636,20.0
592281996,30.0
592281998,30.0
592282000,30.0
592282002,30.0
592282004,30.0
592282006,30.0
592282008,20.0
592282009,20.0
592282012,20.0
592282014,20.0
592282015,20.0
592282018,20.0
592282020,20.0
592305752,30.0
592507048,20.0
592507049,30.0
592507050,30.0
592507051,30.0
592507052,20.0
592507053,30.0
592507054,30.0
592517839,30.0
592517840,30.0
592517842,30.0
592517843,30.0
592517844,30.0
592517845,30.0
592517846,30.0
592517847,30.0
592517848,30.0
592517849,30.0
592517850,30.0
592517851,30.0
592517852,30.0
592521298,20.0
592531409,30.0
592531410,30.0
592531411,45.0
592531412,50.0
592531413,50.0
592531414,30.0
592551157,30.0
592551158,30.0
592551160,30.0
592551161,30.0
592551162,30.0
592551163,30.0
592551164,30.0
592560120,20.0
592560121,20.0
592560122,20.0
592567174,30.0
592572966,20.0
592572967,20.0
592572968,20.0
592572969,20.0
592579449,30.0
592579450,25.0
592579451,20.0
592614820,30.0
592614821,30.0
592623056,30.0
592623058,30.0
592623060,30.0
592628445,30.0
593544679,20.0
593544680,16.0
593546525,30.0
593546526,30.0
593546527,20.0
593546528,20.0
593546529,30.0
593546530,30.0
593546531,20.0
593546532,20.0
593546533,20.0
593546534,20.0
593546535,20.0
593546536,20.0
593546537,20.0
593546538,20.0
593546539,20.0
593546540,20.0
593546541,20.0
593548580,30.0
593550658,20.0
593550659,20.0
593550660,20.0
593550661,20.0
593550662,30.0
593564427,30.0
593572368,30.0
593579028,20.0
593579030,30.0
593581815,30.0
593581816,40.0
593581819,40.0
593598933,20.0
593601596,30.0
593601597,20.0
593603292,45.0
593611273,20.0
593612574,20.0
593643109,45.0
593643111,45.0
593643113,45.0
593643114,30.0
593643115,30.0
593655704,30.0
593655712,30.0
593655714,30.0
593655716,30.0
593655718,30.0
593666642,30.0
593691732,30.0
593691733,20.0
593691734,20.0
593932440,25.0
593959801,20.0
593959803,20.0
593959804,30.0
594520986,40.0
594520989,40.0
596120304,60.0
596120305,60.0
596120306,60.0
596120307,60.0
604246163,90.0
604711897,30.0
604711898,30.0
604711899,30.0
604711900,30.0
604711901,30.0
604711902,30.0
604711903,30.0
604711904,30.0
607908326,30.0
608569374,30.0
608788381,30.0
608788382,20.0
608834587,30.0
608834589,30.0
608876227,30.0
608876228,30.0
608876229,45.0
608876230,45.0
608876231,30.0
608876232,30.0
608876233,30.0
608876234,30.0
608876235,30.0
609139589,30.0
609369760,60.0
609369761,60.0
609369762,60.0
609369767,60.0
609369768,60.0
609369769,30.0
609388217,30.0
609388218,30.0
609412435,30.0
609412436,30.0
609412437,30.0
609412438,30.0
609412439,30.0
609412440,30.0
609412441,30.0
609412442,30.0
609412443,30.0
609412444,30.0
610081581,40.0
610081585,30.0
610109292,30.0
610164482,30.0
610355027,45.0
610355031,45.0
610381757,25.0
610381758,25.0
610381759,40.0
610381760,40.0
610381761,30.0
610691212,30.0
610694631,25.0
610975295,45.0
610986240,50.0
610986242,50.0
612136536,30.0
612197180,45.0
612200944,30.0
612200945,45.0
612200946,45.0
612200947,45.0
612200948,45.0
612200949,45.0
612200950,45.0
612200951,30.0
612200952,45.0
612545520,60.0
612545521,60.0
612545522,50.0
612561420,30.0
612561421,30.0
612561422,20.0
612797840,30.0
612809832,45.0
612810672,50.0
612810673,50.0
612810674,50.0
613615234,40.0
615173654,45.0
615173658,45.0
615558254,30.0
615558255,20.0
615558257,20.0
615558260,20.0
615558262,30.0
615745599,50.0
615750903,50.0
616457684,45.0
616457685,45.0
616457686,45.0
616457687,45.0
616457688,45.0
617793902,30.0
617827283,50.0
617828983,40.0
617828984,50.0
617828985,50.0
617832841,50.0
618750155,50.0
618750156,30.0
618750157,40.0
618750158,30.0
619100647,20.0
619268966,30.0
619270171,30.0
619497444,25.0
619498321,25.0
619508202,40.0
619510592,40.0
619510593,40.0
620367615,25.0
620367616,25.0
620367617,20.0
620419996,30.0
620419997,30.0
620419998,30.0
620419999,30.0
620420000,30.0
620420001,30.0
620420002,30.0
620420003,30.0
620420004,30.0
620420005,30.0
620420006,30.0
620420007,30.0
620420008,30.0
620420009,30.0
620420010,30.0
620420011,30.0
620420012,30.0
620420013,30.0
620420014,30.0
620420015,30.0
620420016,30.0
620420017,30.0
620420018,30.0
620420019,30.0
620420020,30.0
620420021,30.0
622664666,80.0
622664667,80.0
623836240,25.0
623836243,25.0
623837058,25.0
630269829,30.0
630269830,30.0
630269831,30.0
630269832,30.0
630269833,30.0
631141352,30.0
631145612,25.0
631423392,50.0
631423403,25.0
631423404,40.0
631423405,40.0
631454279,40.0
631454280,40.0
631454281,40.0
643594755,40.0
643594756,40.0
643594757,40.0
643623810,40.0
643633598,25.0
648257950,30.0
648257951,30.0
648257952,30.0
648257953,30.0
648257954,30.0
648257955,30.0
648257956,45.0
648257957,45.0
648257958,30.0
648261014,30.0
648261015,30.0
648261016,30.0
648261017,30.0
648261018,30.0
648261019,30.0
648261020,30.0
648261021,30.0
648261022,30.0
648261023,30.0
648261024,30.0
648261025,30.0
648261026,30.0
648261670,30.0
648261671,30.0
648261672,30.0
648261673,30.0
648261674,30.0
648261675,30.0
648261676,30.0
648261677,30.0
648261678,30.0
648261679,30.0
648262223,30.0
648262224,30.0
648265198,30.0
648265199,45.0
648265201,30.0
648265203,24.0
648265205,30.0
648265207,30.0
648265209,30.0
648265210,30.0
648268203,30.0
648268207,30.0
648268209,30.0
648268211,30.0
648268213,30.0
648268214,30.0
648268215,30.0
648268217,30.0
648268221,30.0
648268223,30.0
648268224,30.0
648268226,30.0
648271323,45.0
648271324,45.0
648271325,30.0
648271326,30.0
648271327,30.0
648271329,30.0
648271330,30.0
648271331,30.0
648271332,30.0
648271333,30.0
648271334,30.0
648271335,30.0
648271336,30.0
648271337,30.0
648274121,45.0
648274122,45.0
648274123,45.0
648274124,45.0
648274125,45.0
648274126,45.0
648274127,30.0
648274128,30.0
648274129,30.0
648274130,30.0
648274131,30.0
648274132,30.0
648274133,30.0
648274134,30.0
648274135,30.0
648274136,30.0
648274137,30.0
648274138,30.0
648274139,30.0
648274140,30.0
648274141,30.0
648274142,30.0
648274143,30.0
648274144,30.0
648274145,30.0
648274146,30.0
648274147,30.0
648274148,30.0
648274149,30.0
648274150,30.0
648274151,30.0
648274152,30.0
648274153,30.0
648274154,30.0
648274155,30.0
648274156,30.0
648274157,30.0
648274158,30.0
648274159,30.0
648274160,30.0
648274161,30.0
648280197,30.0
648280198,30.0
648280199,30.0
648280200,30.0
648280201,30.0
648280202,30.0
648280203,30.0
648280204,30.0
648280205,30.0
648280206,30.0
648280207,30.0
648280208,30.0
648280209,30.0
648280210,30.0
648280211,30.0
648280212,30.0
648280213,30.0
648280214,30.0
648280215,30.0
648288235,60.0
648288236,50.0
648288237,30.0
648288238,30.0
648288239,40.0
648288240,40.0
648288241,40.0
648288242,40.0
648288243,30.0
648288244,30.0
648288245,30.0
648288246,30.0
648288247,30.0
648288248,30.0
648288249,30.0
648288250,30.0
648288251,30.0
648288252,30.0
648288253,30.0
648288254,30.0
648288255,30.0
648288256,30.0
648288416,30.0
648289541,30.0
648289542,30.0
648289543,30.0
648289544,30.0
648289545,30.0
648289546,30.0
648289547,30.0
648289548,30.0
648289549,30.0
648289550,30.0
648289551,30.0
648289553,30.0
648289554,30.0
648289556,30.0
648289557,30.0
648289558,45.0
648289559,30.0
648291573,30.0
648291574,30.0
648291575,30.0
648291578,30.0
648291580,30.0
648291581,30.0
648291582,30.0
648291583,30.0
648291584,30.0
648291585,30.0
648291586,30.0
648291589,30.0
648291590,30.0
648291591,30.0
648291592,30.0
648291593,30.0
648291594,30.0
648291595,30.0
648291596,30.0
648291597,30.0
648291598,30.0
648291599,30.0
648291625,30.0
648291996,30.0
648821798,30.0
648821799,30.0
648821800,30.0
648821801,30.0
648821803,30.0
648821804,30.0
648821805,30.0
648821806,30.0
648821807,30.0
648821808,30.0
648821809,30.0
648826796,30.0
648826797,30.0
648826798,30.0
648826799,30.0
648826800,30.0
648826801,30.0
648826803,30.0
648826826,30.0
648826827,30.0
648826828,30.0
648826829,30.0
648826830,30.0
648826831,30.0
648826832,30.0
648826833,30.0
648826834,30.0
648826835,30.0
648826836,30.0
648826837,36.0
648826838,40.0
648826839,40.0
648826841,30.0
648826842,30.0
648920105,40.0
648969512,25.0
648982717,25.0
648989673,40.0
648989674,40.0
649000523,40.0
649000524,40.0
649039569,30.0
649334978,30.0
651215197,30.0
651215199,30.0
651215201,30.0
651215203,30.0
651215205,30.0
651215207,30.0
651217027,30.0
651217029,30.0
651220068,30.0
651220070,30.0
651220071,30.0
651220073,30.0
651220076,30.0
651220078,24.0
651220080,24.0
651220082,30.0
651220084,24.0
651220086,24.0
651220088,30.0
651222926,24.0
651222927,30.0
651222928,30.0
651222929,24.0
651222930,24.0
651222931,30.0
651222932,30.0
651222933,20.0
651222935,30.0
651222936,30.0
651222937,30.0
651222938,30.0
651222939,30.0
651222940,30.0
651222943,30.0
651223701,30.0
651223702,24.0
651223703,30.0
651223704,30.0
651223705,30.0
651223706,30.0
651223707,30.0
651223708,30.0
651226231,30.0
651226232,30.0
651226233,30.0
651226234,30.0
651226235,30.0
651226236,30.0
651226238,30.0
651226239,30.0
651226242,30.0
651226243,30.0
651226244,24.0
651226245,24.0
651226246,30.0
651227564,16.0
651227565,30.0
651227566,30.0
651227567,30.0
651227568,30.0
651227569,30.0
651229736,30.0
651229737,30.0
651229738,30.0
651229739,30.0
651229740,30.0
651229741,30.0
651229743,30.0
651229744,30.0
651229745,30.0
651229746,30.0
651229747,30.0
651229748,30.0
651229749,30.0
651230664,30.0
651230665,30.0
651230666,30.0
651230667,30.0
651230668,30.0
651230669,30.0
651234034,30.0
651234036,30.0
651234038,30.0
651234041,30.0
651234044,30.0
651234046,30.0
651234048,30.0
651234050,30.0
651234052,30.0
651234054,30.0
651234056,30.0
651234058,30.0
651242336,30.0
651242337,30.0
651242339,30.0
651242340,30.0
651242341,30.0
651242343,30.0
651242344,30.0
651242346,30.0
651242348,30.0
651242349,60.0
651242351,30.0
651242353,30.0
651242354,30.0
651242355,30.0
651242357,30.0
651242358,30.0
651242360,30.0
651242361,30.0
651242363,30.0
651242364,30.0
651242366,30.0
651242368,30.0
651242370,30.0
651242372,30.0
651242373,30.0
651242375,30.0
651242376,30.0
651242378,30.0
651242379,30.0
651242380,30.0
651242382,30.0
651242383,30.0
651242385,30.0
651245289,30.0
651245290,30.0
651245291,30.0
651245292,30.0
651245293,30.0
651245294,30.0
651245295,30.0
651245296,24.0
651245297,30.0
651245298,60.0
651245299,60.0
651245300,30.0
651249250,30.0
651249251,30.0
651249252,30.0
651249253,30.0
651249254,30.0
651249255,30.0
651252920,30.0
651252921,24.0
651252922,24.0
651252923,30.0
651256600,30.0
651256601,30.0
651256605,30.0
652174836,30.0
652905459,30.0
656358227,30.0
656358228,20.0
664343687,30.0
666429245,30.0
668879896,30.0
668879897,30.0
668879898,20.0
669784256,30.0
673556561,30.0
673556562,30.0
673556563,30.0
673556564,30.0
673556565,30.0
673556566,30.0
673556567,30.0
673556568,30.0
673556569,30.0
673556570,40.0
673556571,40.0
673556572,40.0
673556574,40.0
673556575,50.0
673556576,50.0
673556577,50.0
673556578,50.0
673556579,50.0
673556580,50.0
673556581,50.0
673556582,50.0
673774831,30.0
673774832,30.0
674289547,30.0
674535642,25.0
674535643,25.0
674535644,20.0
674703599,30.0
674703600,30.0
674703601,30.0
674703602,30.0
674703603,30.0
674703604,30.0
674703605,30.0
675851015,60.0
678123693,30.0
678123694,30.0
678123695,30.0
678123696,30.0
678123697,24.0
678123698,30.0
678123699,30.0
678123700,30.0
678123701,30.0
678123702,30.0
678123703,30.0
678123704,30.0
678123705,30.0
678123706,30.0
678123707,30.0
678123708,20.0
678123709,30.0
678123710,30.0
678123712,30.0
678123717,30.0
678123719,30.0
678123721,30.0
678123722,30.0
678123724,30.0
678125697,30.0
678125698,30.0
678125699,30.0
678125700,30.0
678125701,30.0
678125702,30.0
678125703,30.0
678125704,30.0
678125711,30.0
678125712,30.0
678125713,30.0
678125714,30.0
678125720,30.0
678125722,50.0
678125726,40.0
678125727,45.0
678125728,40.0
678125729,40.0
678125730,40.0
678125731,40.0
678126822,20.0
678126823,20.0
678126824,20.0
678126825,20.0
678126826,20.0
678126827,20.0
678126829,20.0
678126830,20.0
678126831,20.0
678126832,50.0
678126833,50.0
678126834,50.0
678126835,30.0
678129396,20.0
678129397,30.0
678129399,20.0
678129401,20.0
678129402,20.0
678129403,30.0
678129405,30.0
678129406,30.0
678129407,30.0
678129408,30.0
678129409,30.0
678129410,30.0
678129411,30.0
678129412,30.0
678129413,30.0
678129414,30.0
678131336,20.0
678131337,20.0
678131338,20.0
678134208,30.0
678134210,50.0
678134214,50.0
678134217,50.0
678134220,30.0
678134222,30.0
678135947,20.0
678135949,20.0
678135951,20.0
678135953,20.0
678135955,20.0
678135957,20.0
678135959,20.0
678135960,20.0
678135962,20.0
678135964,20.0
678135966,30.0
678135967,30.0
678135969,30.0
678135971,20.0
678135972,20.0
678135974,20.0
678135976,20.0
678135977,20.0
678135979,20.0
678135980,20.0
678135982,20.0
678135984,30.0
678135985,30.0
678287037,30.0
686388172,30.0
686388174,30.0
694201365,30.0
695712398,20.0
695712399,20.0
699886936,30.0
703149921,20.0
703149922,20.0
703149923,20.0
703149924,20.0
703149925,20.0
703149932,20.0
703149934,20.0
703149935,20.0
703149936,20.0
703149938,20.0
703356661,20.0
704852791,20.0
704852796,20.0
704852797,20.0
704852799,20.0
704852800,20.0
704868336,20.0
705554312,30.0
705568542,30.0
705568543,20.0
708772671,50.0
708772672,50.0
708772673,45.0
708823254,50.0
708823256,50.0
708823257,50.0
708823258,50.0
708823260,50.0
708823262,50.0
708831605,10.0
708831606,10.0
708831608,10.0
708831609,30.0
708831611,10.0
708831612,10.0
708831614,10.0
708831615,10.0
708915698,50.0
708916926,30.0
708916927,30.0
708916928,30.0
709135651,50.0
709135653,50.0
709135654,50.0
709135655,50.0
709135657,50.0
709135658,30.0
709135659,50.0
709198852,20.0
709198853,20.0
709198854,20.0
709198855,20.0
709198856,20.0
709198857,20.0
709236566,20.0
709236588,30.0
709236589,20.0
709532005,50.0
709532008,30.0
709867130,50.0
709867131,50.0
709881940,50.0
709881941,50.0
709881942,80.0
709881943,80.0
709881944,80.0
709881945,80.0
710568974,20.0
710569551,20.0
710703116,25.0
710703117,25.0
712311546,30.0
712311547,30.0
712311604,50.0
712311605,40.0
712311606,30.0
712311607,30.0
712311608,40.0
712311609,40.0
712311610,30.0
712311611,30.0
712311612,30.0
712311613,30.0
712311614,45.0
712311615,30.0
712311616,45.0
712311617,45.0
712311618,45.0
712311619,45.0
712311620,45.0
712311621,45.0
712311622,45.0
712311623,30.0
712311624,45.0
712317917,30.0
712317918,30.0
712317919,30.0
712317920,25.0
712317923,50.0
712317941,30.0
712329704,30.0
712329705,30.0
712523597,30.0
712667227,25.0
714672582,30.0
714757536,20.0
715382719,30.0
715382720,30.0
715382721,30.0
715382722,30.0
715382723,30.0
715382724,30.0
715710634,30.0
715710635,30.0
715710636,30.0
715710637,30.0
715736986,40.0
715736988,30.0
715736989,30.0
715736991,40.0
715736993,40.0
715736994,20.0
716001252,30.0
716756235,25.0
716756236,25.0
716756237,40.0
716756238,40.0
716756239,25.0
717264811,20.0
717264812,30.0
717264825,30.0
717264827,30.0
717460993,30.0
717460994,30.0
717460995,30.0
717460996,30.0
717460997,30.0
717460998,30.0
717460999,30.0
717461000,30.0
717461001,30.0
717461002,30.0
717461003,30.0
717461005,30.0
717488505,30.0
717488506,30.0
717920971,50.0
717920972,45.0
717920973,50.0
718106673,50.0
718227041,45.0
718277955,20.0
718289829,30.0
718289830,30.0
718289831,30.0
718289832,30.0
718289833,30.0
718289834,30.0
718289835,30.0
718289836,30.0
718289837,30.0
718289839,30.0
718289841,30.0
718289842,30.0
718289843,30.0
718289844,30.0
718289845,30.0
718289846,30.0
718289847,30.0
718289848,30.0
718289849,30.0
718289850,30.0
718289851,30.0
718289852,30.0
718289853,30.0
718289854,30.0
718289855,30.0
718289856,30.0
718289857,30.0
718289858,30.0
718289859,30.0
718289860,30.0
718289861,30.0
719482767,50.0
719482768,50.0
719482769,30.0
719482770,30.0
719482771,50.0
719482774,50.0
719482776,30.0
719482777,50.0
719482778,50.0
719482779,50.0
719482780,50.0
719482781,50.0
719482782,45.0
720505876,30.0
720505877,50.0
720505878,50.0
720505879,30.0
720505880,30.0
720505881,30.0
720505882,30.0
720505883,30.0
720505884,30.0
720505886,50.0
720558000,40.0
720558001,40.0
720558002,30.0
720558003,30.0
720558004,40.0
720558005,40.0
720558006,40.0
720558007,40.0
720558008,40.0
720558009,40.0
720558010,30.0
720558011,30.0
720558012,30.0
720558013,30.0
720558014,30.0
721529072,30.0
721539220,30.0
726040416,50.0
726040417,50.0
737910345,30.0
740905125,30.0
740905126,45.0
740905127,45.0
742092223,30.0
742092224,30.0
742092227,30.0
742092228,30.0
742092229,30.0
742092230,30.0
742092231,30.0
742092232,30.0
742404602,20.0
742468633,50.0
742524930,50.0
742524931,50.0
742524932,30.0
742524933,30.0
742524934,30.0
742524935,30.0
742524936,30.0
742524937,30.0
742524938,50.0
742635421,30.0
743146988,25.0
743146990,25.0
743146991,25.0
743146992,40.0
743146993,25.0
743685784,25.0
743685785,30.0
743685786,30.0
743685787,30.0
743685788,30.0
743685789,20.0
743685790,30.0
744369341,25.0
744369344,25.0
744435394,30.0
744435395,30.0
744435396,30.0
744435402,30.0
744435403,30.0
744435405,30.0
744435406,30.0
749949669,30.0
749949670,50.0
749949671,50.0
749949672,30.0
749949673,30.0
749949674,50.0
749949675,40.0
749949676,20.0
749949677,40.0
749949678,20.0
749949679,30.0
749949680,25.0
749949681,30.0
749949682,30.0
749949683,30.0
749949684,30.0
749949685,30.0
749949686,30.0
749949687,30.0
749949688,30.0
749949689,30.0
749949690,30.0
749949691,30.0
749949692,30.0
749949693,50.0
749949694,50.0
749949695,30.0
749949696,30.0
749949697,30.0
749949698,30.0
749949699,30.0
749949700,30.0
749949701,30.0
749949702,30.0
749949703,30.0
749949704,30.0
749949705,30.0
749949706,20.0
749949707,30.0
749949708,30.0
749949709,20.0
749949710,20.0
751139560,20.0
751986104,20.0
754643297,60.0
754643298,30.0
754643299,30.0
754643300,30.0
754643301,30.0
754643302,30.0
754643303,30.0
754643304,60.0
754680365,60.0
754680366,60.0
754690744,20.0
754690745,50.0
754690746,50.0
754690748,20.0
754690749,20.0
754690750,20.0
754690751,50.0
754690752,50.0
755223975,50.0
755223976,30.0
755223977,50.0
755223978,40.0
755223979,30.0
755223980,30.0
755223981,50.0
755223982,50.0
755223983,50.0
755223984,50.0
755223985,30.0
755223986,30.0
755223987,30.0
755223988,30.0
755223989,50.0
755223990,50.0
755223991,30.0
755223992,50.0
755223993,50.0
755223994,50.0
755223995,50.0
755223996,50.0
755223997,30.0
755223998,30.0
755223999,30.0
755224000,30.0
755224001,30.0
755224002,30.0
755224003,30.0
755224004,30.0
755224005,30.0
755224006,30.0
755224007,30.0
755224008,30.0
755224009,30.0
755224010,30.0
755224011,30.0
755224012,50.0
755224013,50.0
755224014,50.0
755224015,30.0
755224016,50.0
755254702,25.0
755254703,20.0
755254704,30.0
755254705,30.0
755254706,30.0
755254707,30.0
755254708,50.0
755254709,45.0
755254710,45.0
755254711,50.0
755326316,50.0
755326317,30.0
755326318,30.0
755326319,30.0
755326320,30.0
755326321,30.0
755326322,30.0
755326323,50.0
755326324,20.0
755326325,20.0
755326326,50.0
755326327,50.0
755326328,30.0
755326329,30.0
755326330,30.0
755326331,30.0
755326332,30.0
755326333,30.0
755326334,30.0
755326335,30.0
755326336,30.0
755326337,30.0
755326338,30.0
755326339,30.0
755326340,30.0
755326341,40.0
755468005,50.0
755468006,30.0
755468007,30.0
755468008,50.0
755468009,50.0
755468010,50.0
755468011,50.0
755468012,50.0
755468013,40.0
755468014,40.0
755468015,40.0
755468016,30.0
755468017,40.0
755468018,40.0
755468019,40.0
755468020,50.0
755468021,50.0
755468022,50.0
755468023,50.0
755468024,30.0
755468025,30.0
755468026,30.0
755468027,30.0
755468028,30.0
755468029,30.0
755492722,50.0
755492723,50.0
755492724,50.0
755492725,50.0
755492726,50.0
755492727,50.0
755492728,50.0
755492729,50.0
755492730,50.0
755492731,50.0
755492732,50.0
755492733,30.0
755492734,50.0
755492735,50.0
755492736,50.0
755492737,50.0
755492738,50.0
755492739,30.0
755492740,30.0
755492741,30.0
755492742,50.0
755492743,50.0
755492744,50.0
755492745,50.0
755492746,30.0
755492747,30.0
755492748,30.0
755492749,30.0
755492750,30.0
755492751,50.0
755517779,50.0
755517780,30.0
755517781,30.0
755517782,30.0
755517783,30.0
755517784,30.0
755517785,30.0
755517786,30.0
755517787,30.0
755517788,50.0
757711362,40.0
757711363,50.0
757711365,40.0
757717349,50.0
757834001,50.0
757834002,50.0
757834004,50.0
757834005,50.0
757834006,50.0
757843852,50.0
757843853,50.0
757843854,50.0
757843855,50.0
757843856,30.0
757843857,30.0
757843858,30.0
757843859,30.0
757843860,30.0
757843861,30.0
757843862,30.0
757843863,30.0
757843864,30.0
757843865,30.0
757843866,50.0
757857273,25.0
757857274,25.0
757871355,50.0
757871356,30.0
757871357,30.0
757871358,30.0
757871359,30.0
757871360,30.0
757871361,30.0
757871362,30.0
757871363,30.0
757871364,50.0
757871365,50.0
757871366,30.0
757871367,60.0
757871368,30.0
757871369,50.0
757871370,50.0
757871371,30.0
757871372,30.0
757871373,30.0
757871374,30.0
757871375,30.0
757871376,30.0
757871377,30.0
757871378,30.0
757871379,30.0
757871380,30.0
757871381,30.0
757871382,30.0
757871383,30.0
757871384,30.0
757871385,30.0
757871386,30.0
757871387,30.0
757871388,30.0
757871389,30.0
757871390,30.0
757871391,50.0
757871392,50.0
757871393,50.0
757871394,50.0
757871395,50.0
757871396,50.0
757871397,50.0
757871398,50.0
757871399,50.0
757871400,30.0
757871401,30.0
757871402,30.0
757871403,30.0
757871404,30.0
757871405,30.0
757871406,30.0
757871407,50.0
757871408,50.0
757871409,50.0
757871410,50.0
757871411,30.0
757871412,30.0
757871413,30.0
757871414,30.0
757871415,30.0
757871416,30.0
757871417,60.0
757871418,30.0
757910149,50.0
757910150,80.0
757910151,80.0
757910152,80.0
757910153,80.0
757910154,50.0
757910155,80.0
757910156,50.0
757910157,30.0
757910158,50.0
757910159,80.0
757910160,50.0
757910168,50.0
757910169,50.0
757910170,50.0
757910171,30.0
757910172,30.0
757910173,30.0
757910174,30.0
757910175,30.0
757910176,30.0
757910177,30.0
757910178,30.0
757910179,50.0
757910180,30.0
757910181,30.0
757910182,30.0
757910183,50.0
757910184,50.0
757910185,30.0
757910186,30.0
757910187,30.0
757910188,30.0
757910189,30.0
757910190,50.0
757910191,50.0
757910192,50.0
757910193,50.0
757910194,50.0
757910195,50.0
757910196,50.0
757910197,50.0
757910198,50.0
757910199,50.0
757910200,30.0
757910201,30.0
757910202,30.0
757910203,30.0
757910204,30.0
757910205,30.0
757910206,30.0
757910207,30.0
757910208,30.0
757910209,80.0
757910210,80.0
757910211,80.0
757910212,80.0
757910213,80.0
757910214,80.0
757910215,80.0
757910216,80.0
757910217,50.0
757932913,30.0
757932914,30.0
757932915,30.0
757932916,30.0
757932917,30.0
757932918,30.0
757932919,10.0
757932920,30.0
757932921,50.0
757932922,45.0
757932923,50.0
757932924,50.0
757932925,50.0
757932926,50.0
757932927,50.0
757932928,80.0
757932929,80.0
757932930,30.0
757932931,30.0
757932932,30.0
757932933,30.0
757932934,30.0
757932935,30.0
757932936,30.0
757932937,50.0
757932938,30.0
757932939,50.0
757932947,80.0
757932948,80.0
757932949,80.0
757932950,80.0
757932951,80.0
757932952,80.0
757932953,80.0
757932954,80.0
758158802,50.0
758158803,50.0
758158804,50.0
758158805,50.0
758158807,50.0
758158808,50.0
758158809,50.0
758158810,80.0
758158811,80.0
758158812,50.0
758158813,50.0
758158814,50.0
758158815,50.0
758158816,50.0
758158821,50.0
758158824,50.0
758158825,50.0
758158826,50.0
758158827,50.0
758158828,50.0
758158829,50.0
758179847,50.0
758179848,50.0
758179849,50.0
758179850,40.0
758179851,50.0
758179852,50.0
758179853,50.0
758179854,50.0
758179855,40.0
758179856,50.0
758179857,40.0
758179858,40.0
758179859,50.0
758179860,50.0
758179861,50.0
758179862,30.0
758179863,30.0
758179864,30.0
758179865,30.0
758179866,30.0
758179867,30.0
758179868,30.0
758179869,30.0
758179870,30.0
758179871,40.0
758179872,50.0
758179873,40.0
758179874,50.0
758179875,50.0
758179876,50.0
758179877,50.0
758179878,50.0
758179879,50.0
758179880,50.0
758179881,45.0
758179882,50.0
758179883,50.0
758179884,50.0
758179885,50.0
758179886,50.0
758179887,50.0
758179888,50.0
758179889,45.0
758179890,50.0
758179891,50.0
758179892,50.0
758179893,50.0
758179894,50.0
758179895,50.0
758179896,50.0
758195503,50.0
758195504,50.0
758195505,50.0
758195506,50.0
758195507,50.0
758195508,50.0
758195509,50.0
758195510,50.0
758195511,50.0
758195512,50.0
758195513,50.0
758195514,50.0
758195515,50.0
758195516,50.0
758195517,50.0
758195518,50.0
758195519,50.0
758195521,50.0
758195522,50.0
758195523,50.0
758195524,50.0
758195525,50.0
758195526,50.0
758195527,50.0
758195528,50.0
758195529,40.0
758195530,30.0
758195531,50.0
758195532,50.0
758195533,30.0
758195534,30.0
758195535,30.0
758195536,30.0
758195537,30.0
758195538,30.0
758195539,50.0
758195540,50.0
758195541,50.0
758195542,50.0
758195544,50.0
758195545,50.0
758195546,50.0
758195547,50.0
758195548,50.0
758195549,50.0
758195550,50.0
758195551,50.0
758195552,50.0
758195553,50.0
758195554,30.0
758195555,30.0
758195556,30.0
758195557,30.0
758195558,30.0
758195559,30.0
758195560,30.0
758195561,30.0
758195562,30.0
758195563,30.0
758195564,30.0
758195565,30.0
758195566,50.0
758195567,50.0
758195568,50.0
758195569,50.0
758195572,30.0
758195573,30.0
758195574,30.0
758195575,30.0
758195576,50.0
758229055,50.0
758229056,50.0
758229057,20.0
758229059,40.0
758229060,40.0
758229061,50.0
758229062,30.0
758229063,30.0
758229064,30.0
758229065,30.0
758229066,30.0
758229067,30.0
758229068,30.0
758229069,50.0
758229070,30.0
758229071,30.0
758229072,30.0
758229073,30.0
758229074,30.0
758229075,30.0
758229076,30.0
758229077,30.0
758229078,30.0
758229079,30.0
758229081,40.0
758229083,30.0
758229084,30.0
758229085,30.0
758229086,30.0
758229087,30.0
758229088,30.0
758229089,30.0
758229090,30.0
758229091,50.0
758229092,40.0
758229093,40.0
758229094,50.0
758238274,30.0
758238275,30.0
758238276,30.0
758238277,60.0
758238278,60.0
758238279,50.0
758238280,30.0
758238281,30.0
758238282,30.0
758238283,30.0
758238284,30.0
758238285,30.0
758238286,30.0
758238287,30.0
758238288,30.0
758238289,30.0
758238290,30.0
758238291,30.0
758238292,30.0
758238293,30.0
758238294,30.0
758238295,30.0
758238296,30.0
758238297,60.0
758555450,30.0
758555451,50.0
758555452,50.0
758555453,50.0
758555454,30.0
758555455,30.0
758555456,30.0
758555457,30.0
758555458,30.0
758555459,50.0
758555460,50.0
758555461,45.0
758555462,45.0
758555463,45.0
758555464,30.0
758555465,30.0
758555466,30.0
758555467,30.0
758555468,30.0
758555469,30.0
758555470,30.0
758555471,30.0
758555472,30.0
758555473,50.0
758555474,60.0
758555475,60.0
758555476,30.0
758555477,30.0
758583137,10.0
758583138,50.0
758583139,10.0
758583140,30.0
758583141,30.0
758583142,30.0
758583143,30.0
758583144,30.0
758583145,30.0
758583146,30.0
758583147,50.0
758583148,50.0
758583149,50.0
758583150,50.0
758583151,50.0
758583152,50.0
758583153,50.0
758583154,50.0
758583155,45.0
758583156,50.0
758583157,50.0
758583158,50.0
758583159,30.0
758583160,30.0
758583161,50.0
758583162,50.0
758583163,30.0
758583164,30.0
758583165,30.0
758583166,30.0
758583167,30.0
758583168,30.0
758583169,30.0
758583170,30.0
758583171,50.0
758593959,50.0
758593960,50.0
758593961,50.0
758593962,50.0
758593963,50.0
758593964,50.0
758593965,50.0
758593966,50.0
758593967,50.0
758593968,40.0
758593969,50.0
758593970,50.0
758593971,50.0
758593972,50.0
758605255,50.0
758605257,50.0
758605259,50.0
758605261,50.0
758605262,50.0
758605263,50.0
758605264,50.0
758605265,80.0
758605266,50.0
758605267,50.0
758605268,50.0
758605269,80.0
758605270,50.0
759910653,40.0
759910662,30.0
759910663,30.0
759910664,30.0
759910665,30.0
759910666,30.0
759910667,30.0
759910668,30.0
759910669,30.0
759910670,30.0
759910671,30.0
759910672,30.0
759910673,30.0
759910674,30.0
759910675,30.0
759910676,30.0
759910677,30.0
759910678,30.0
759910679,30.0
759910680,30.0
759910681,30.0
759910682,30.0
759910686,40.0
759910687,40.0
759910689,40.0
759916141,50.0
759916142,30.0
759916143,60.0
759916144,60.0
759916145,60.0
759916146,60.0
759916147,30.0
759916148,30.0
759916149,30.0
759916150,30.0
759916151,30.0
759916152,30.0
759916153,30.0
759916161,30.0
759916162,30.0
759916163,30.0
759916164,30.0
760259844,10.0
760259845,10.0
760259846,10.0
760259847,10.0
760259848,10.0
760259849,10.0
760259850,10.0
760259851,60.0
760259852,10.0
760406126,80.0
760406127,80.0
760406128,80.0
760406129,80.0
760406130,80.0
760406131,80.0
760406132,40.0
760406133,80.0
760406134,80.0
760406135,80.0
760406136,40.0
760406137,80.0
760406138,80.0
760406139,80.0
760406140,80.0
760406141,30.0
760406142,30.0
760406143,30.0
760406144,30.0
760406145,30.0
760406146,30.0
760406148,30.0
760406149,80.0
760406150,80.0
760406151,80.0
760406152,30.0
760406153,30.0
760406154,30.0
760406155,30.0
760406156,30.0
760406157,30.0
760406158,30.0
760406159,30.0
760406160,30.0
760406161,30.0
760406162,80.0
760406163,80.0
760406164,50.0
760406165,80.0
760406166,80.0
760544334,50.0
760573329,20.0
760573330,20.0
760587279,50.0
760587280,40.0
760587281,50.0
760587282,40.0
760587283,40.0
760587284,50.0
760600597,50.0
760600598,50.0
760600599,45.0
760600603,30.0
760600604,30.0
760600605,30.0
760600606,30.0
760600610,30.0
760600611,30.0
760600612,30.0
760600613,30.0
760600614,30.0
760600615,30.0
760600616,30.0
760600617,30.0
760600618,30.0
760600619,30.0
760600620,30.0
760600621,30.0
760600622,30.0
760600623,50.0
760620921,50.0
760620922,50.0
760620923,50.0
760620924,50.0
760620925,50.0
760620926,50.0
760620927,50.0
760620928,50.0
760620929,20.0
760620930,50.0
760653604,50.0
760653605,50.0
760653606,50.0
760653607,30.0
760653608,30.0
760653609,30.0
760653610,30.0
760653611,30.0
760653612,30.0
760653613,50.0
760768689,30.0
760768690,30.0
760768691,30.0
760768692,30.0
760768694,30.0
760768695,30.0
760768697,30.0
760793200,60.0
760793201,60.0
760793202,30.0
760793203,30.0
760793204,30.0
760793205,30.0
760793206,30.0
760793207,30.0
760793208,30.0
760793209,60.0
760793210,60.0
760810893,50.0
760810894,50.0
760810895,50.0
760810896,50.0
760810897,30.0
760810898,30.0
760810899,30.0
760810900,30.0
760810901,30.0
760810902,30.0
760810903,30.0
760810904,30.0
760810905,30.0
760810906,40.0
760810907,40.0
760810908,40.0
760810909,50.0
760810910,50.0
760810911,50.0
760810912,50.0
760810913,40.0
760839870,40.0
760839871,40.0
760839872,20.0
760839873,50.0
760839874,50.0
760839875,50.0
760839876,50.0
760839877,50.0
760839878,50.0
760839879,40.0
760839880,40.0
760839881,20.0
760845282,60.0
760845283,60.0
760845284,30.0
760845285,10.0
760845286,10.0
760845287,10.0
760845288,30.0
760845289,30.0
760856115,50.0
760856116,50.0
760856117,50.0
760856118,50.0
760856119,50.0
761043762,50.0
761043763,50.0
761043764,50.0
761043765,30.0
761043766,30.0
761043767,30.0
761043768,30.0
761043769,30.0
761043770,30.0
761043771,30.0
761043772,30.0
761043773,50.0
761043774,50.0
761043775,45.0
761043776,50.0
761043777,50.0
761043778,50.0
761043779,50.0
761043780,50.0
761043781,50.0
761043782,45.0
761078776,80.0
761078777,80.0
761078778,80.0
761078779,80.0
761078780,80.0
761078781,80.0
761078782,80.0
761078783,50.0
761078784,50.0
761078785,50.0
761078786,50.0
761078787,50.0
761078788,80.0
761078789,50.0
761078790,50.0
761078791,80.0
761078792,80.0
761078793,80.0
761078794,50.0
761078795,30.0
761078796,40.0
761078797,80.0
761078800,50.0
761078801,80.0
761078802,80.0
761078803,80.0
761078804,80.0
761078805,50.0
761078806,50.0
761078807,50.0
761078808,30.0
761078809,30.0
761078810,30.0
761078811,30.0
761078812,30.0
761078813,30.0
761078814,30.0
761078815,80.0
761078823,80.0
761078824,80.0
761078825,80.0
761078826,80.0
761078827,80.0
761078828,80.0
761078829,30.0
761078830,30.0
761078831,30.0
761078832,30.0
761078833,30.0
761078834,30.0
761078835,30.0
761078836,80.0
761078837,50.0
761078838,50.0
761200749,10.0
761200750,10.0
761200751,10.0
761200752,10.0
761200753,30.0
761200754,30.0
761200755,30.0
761200756,30.0
761200757,30.0
761200758,30.0
761200759,30.0
761200761,45.0
761200762,45.0
761200763,45.0
761200764,30.0
761200765,30.0
761200766,30.0
761200767,30.0
761200768,30.0
761200769,30.0
761200770,30.0
761200771,10.0
761200772,10.0
761233751,80.0
761233752,80.0
761233753,50.0
761233754,80.0
761233755,80.0
761233756,80.0
761233757,50.0
761233758,80.0
761233759,80.0
761233760,50.0
761233761,50.0
761233762,50.0
761233763,50.0
761233764,30.0
761233765,30.0
761233766,30.0
761233767,30.0
761233768,30.0
761233769,50.0
761233770,50.0
761247493,80.0
761247494,50.0
761247495,80.0
761247496,80.0
761247497,50.0
761247498,50.0
761247499,50.0
761247500,50.0
761247501,20.0
761247502,20.0
761247503,20.0
761247504,20.0
761247505,20.0
761247506,20.0
761290288,60.0
761290289,40.0
761290290,40.0
761290291,40.0
761290292,40.0
761290293,50.0
761290294,50.0
761290295,50.0
761290296,50.0
761290297,50.0
761290298,50.0
761290300,50.0
761290301,50.0
761290304,50.0
761290308,50.0
761290309,50.0
761290310,50.0
761290311,50.0
761290312,50.0
761290313,50.0
761290314,50.0
761290315,50.0
761290316,50.0
761290317,30.0
761290318,30.0
761290319,30.0
761290320,30.0
761290321,30.0
761290322,30.0
761290323,30.0
761290324,30.0
761290325,25.0
761290326,25.0
761290327,60.0
761290328,25.0
761290329,80.0
761290330,80.0
761290331,25.0
761290332,60.0
761290333,30.0
761290334,30.0
761303513,50.0
761303514,50.0
761303515,50.0
761303516,10.0
761303517,40.0
761303518,10.0
761303519,45.0
761303520,45.0
761303521,40.0
761303522,25.0
761303523,50.0
761303524,50.0
761303525,50.0
761303526,50.0
761303527,50.0
761303528,50.0
761303529,10.0
761303530,10.0
761303531,10.0
761303532,10.0
761303533,10.0
761303534,10.0
761303535,25.0
761303536,30.0
761303537,30.0
761303538,30.0
761303539,30.0
761303540,30.0
761303541,30.0
761303542,30.0
761303543,30.0
761303544,30.0
761303545,30.0
761303546,30.0
761303547,30.0
761303548,30.0
761303549,50.0
761303550,50.0
761303551,50.0
761303552,50.0
761303553,50.0
761303554,50.0
761303555,50.0
761303556,50.0
761303557,50.0
761303558,25.0
761303559,25.0
761330477,45.0
761330478,10.0
761330479,50.0
761330480,50.0
761330481,50.0
761330482,45.0
761330483,45.0
761330484,30.0
761330485,30.0
761330486,30.0
761330487,45.0
761330488,45.0
761347479,30.0
761347480,45.0
761347481,40.0
761347482,50.0
761347483,40.0
761646865,50.0
761646866,50.0
761646867,50.0
761646868,50.0
761889150,30.0
761889151,30.0
761889152,30.0
762321643,50.0
762321644,50.0
762321645,50.0
762321646,50.0
762321647,30.0
762321648,30.0
762321649,30.0
762321650,30.0
762321651,30.0
762321652,30.0
762321653,30.0
762321654,30.0
762321655,50.0
762321656,50.0
762321657,50.0
762321658,50.0
762340603,45.0
762340604,50.0
762340605,50.0
762340606,30.0
762340607,30.0
762340608,30.0
762340609,40.0
762340610,50.0
762340611,50.0
762340612,50.0
762340613,45.0
762340614,45.0
762340615,45.0
762340616,45.0
762340617,30.0
762340618,50.0
762340619,50.0
762340620,50.0
762340621,50.0
762340622,50.0
762340623,50.0
762340624,50.0
762340625,50.0
762340626,50.0
762340627,50.0
762340628,50.0
762340629,50.0
762340630,50.0
762340631,50.0
762340632,50.0
762340633,50.0
762340634,50.0
762340635,50.0
762340636,50.0
762340637,30.0
762353615,50.0
762353616,50.0
762353617,50.0
762353618,50.0
762353619,30.0
762353620,30.0
762353621,30.0
762353622,30.0
762353623,30.0
762353624,30.0
762353625,30.0
762353626,30.0
762353627,30.0
762353628,30.0
762353629,30.0
762353630,30.0
762353631,30.0
762353632,30.0
762353633,30.0
762353634,30.0
762353635,30.0
762353636,30.0
762353637,50.0
762753535,30.0
762753536,30.0
762753537,50.0
762753538,50.0
762753539,50.0
762753540,50.0
768400479,25.0
770997149,50.0
770997150,50.0
770997151,50.0
770998482,20.0
771051393,50.0
771051394,50.0
771051395,50.0
771586662,40.0
771586663,40.0
772038328,45.0
772038329,25.0
772038330,25.0
772038331,45.0
772038332,45.0
772038334,45.0
772038335,45.0
772038336,25.0
772038337,45.0
772038338,45.0
772040863,45.0
772040864,30.0
772046219,30.0
772046220,45.0
772046221,30.0
772046222,30.0
772046223,30.0
772046224,30.0
772046225,45.0
772046226,45.0
772046227,45.0
772064268,30.0
772064270,30.0
772064271,45.0
772064272,45.0
772064273,30.0
772064274,45.0
772064275,45.0
772064276,45.0
772064277,45.0
772064278,45.0
772064279,30.0
772064280,30.0
772094058,30.0
772094059,30.0
772742264,50.0
772742265,50.0
772742266,50.0
772742267,30.0
772742268,50.0
772742269,40.0
775686240,30.0
775686727,30.0
776409829,20.0
776409830,20.0
776409831,20.0
776409832,20.0
776409833,20.0
776409834,20.0
776409835,20.0
776409836,20.0
776409838,20.0
776413411,20.0
776443103,20.0
776443105,20.0
776443106,20.0
776443107,20.0
776443108,20.0
776443109,20.0
776443111,20.0
776443112,20.0
776443113,20.0
776443114,20.0
776443115,20.0
776443116,20.0
776443119,20.0
776443120,20.0
776443122,20.0
776443123,20.0
776443124,20.0
776443125,20.0
776443126,20.0
776443127,20.0
776443128,20.0
776443131,20.0
776443133,20.0
776443134,20.0
776443135,20.0
776443137,20.0
776443138,20.0
776443139,20.0
776449466,20.0
776617870,30.0
776617871,30.0
776617872,30.0
776617873,30.0
776617874,30.0
776617875,30.0
776617876,30.0
776617877,30.0
776617878,30.0
776617879,30.0
776646439,30.0
778056976,20.0
782187878,30.0
782187879,30.0
782187880,30.0
782187881,30.0
782187882,30.0
782187883,30.0
782187884,30.0
783776836,20.0
783776837,20.0
783786080,20.0
783787661,20.0
783787662,20.0
783787663,30.0
783788182,20.0
783788536,20.0
783789061,20.0
783789985,30.0
784684297,20.0
784697207,20.0
784697208,20.0
784697209,20.0
784697210,20.0
784697211,20.0
784697212,20.0
784715926,20.0
784717768,20.0
784732294,30.0
784732295,30.0
784732296,30.0
784732297,30.0
784732298,30.0
784732299,30.0
784732300,30.0
784732301,30.0
784732302,30.0
784732303,30.0
784732304,30.0
784732305,30.0
784732306,30.0
784732307,30.0
784732308,30.0
784732309,30.0
784732310,30.0
784732311,30.0
784732312,30.0
784732313,30.0
784732314,30.0
784732315,30.0
784732316,30.0
784732317,30.0
784732318,30.0
784732319,30.0
784732320,30.0
784732321,30.0
784732322,30.0
784732323,30.0
784732324,30.0
784732325,30.0
784732326,30.0
784732327,30.0
784732328,30.0
784732329,30.0
784732330,30.0
784732331,30.0
784732332,30.0
784732333,30.0
784732334,30.0
784732335,30.0
784732336,30.0
784732337,30.0
784732338,30.0
784732340,30.0
784743754,20.0
784744901,20.0
784768013,20.0
784768805,30.0
784770451,20.0
784780059,20.0
784785137,20.0
784790424,30.0
784790781,30.0
784793832,20.0
784797512,20.0
784797513,20.0
784798703,20.0
784803758,20.0
784805170,20.0
784806176,20.0
784810895,20.0
784811508,20.0
784812049,20.0
784814298,20.0
785021929,30.0
785028696,30.0
785028697,30.0
785028698,30.0
785033877,20.0
785033878,20.0
785035898,20.0
785035899,20.0
785036906,20.0
785040979,20.0
785042343,20.0
785267435,20.0
785267620,30.0
785268356,30.0
785268357,30.0
785269872,30.0
785269873,30.0
785269874,30.0
785269875,30.0
785270639,20.0
785271995,30.0
785288285,25.0
785288286,20.0
785288287,25.0
785288288,20.0
785290738,20.0
785309486,20.0
785309487,20.0
785309488,20.0
785759585,20.0
785759586,20.0
785773794,30.0
785773812,30.0
785773813,30.0
785773814,30.0
785773815,30.0
785773819,30.0
785773820,30.0
785773821,30.0
785773822,30.0
785773823,30.0
785773824,30.0
785773825,30.0
785773826,30.0
785773827,30.0
785773829,30.0
785773830,30.0
785773831,30.0
785773832,30.0
785773833,30.0
785773834,30.0
785773835,30.0
785773836,30.0
785773837,30.0
785773838,30.0
785773839,30.0
787932485,20.0
788479366,50.0
788479367,50.0
788479368,50.0
788479369,50.0
788479370,50.0
788479371,50.0
788479372,50.0
788482551,50.0
788482552,50.0
788482553,50.0
788482554,50.0
789682565,25.0
789682566,20.0
791638682,20.0
791638683,20.0
793063459,25.0
793063460,30.0
793063461,30.0
793063462,25.0
793063463,25.0
793063464,25.0
793063465,25.0
793063466,25.0
793063467,30.0
793063468,30.0
793063469,25.0
793063470,25.0
799582401,20.0
799597164,20.0
799597165,20.0
799597166,20.0
799597167,20.0
799597168,20.0
799597169,20.0
799597170,20.0
799597171,20.0
799597172,20.0
799597173,20.0
799597174,20.0
799597175,20.0
799597176,20.0
799597177,20.0
799610018,20.0
799610019,20.0
799610020,20.0
799610021,20.0
799613430,25.0
799613431,20.0
799723505,20.0
801817936,30.0
801818110,30.0
801818966,30.0
801819086,30.0
801819087,30.0
801819105,30.0
801819139,30.0
801819410,30.0
801819466,30.0
801819476,30.0
801819477,30.0
801821772,30.0
801821800,30.0
801822161,30.0
801823080,30.0
801823682,25.0
801823683,25.0
801823690,30.0
801823691,25.0
801823695,25.0
801823715,30.0
801823723,30.0
801823858,30.0
801824028,30.0
801824034,30.0
801824198,30.0
801824308,30.0
801824336,30.0
801824347,30.0
801824514,30.0
801824591,30.0
801824797,30.0
801824798,30.0
801824839,30.0
801824840,30.0
801824852,30.0
801824863,30.0
801824873,30.0
801838810,30.0
801839181,30.0
801839295,30.0
801839305,30.0
801839363,30.0
801839603,30.0
801839604,30.0
801839765,30.0
801839766,30.0
801839767,30.0
801839928,30.0
801839957,30.0
801840153,30.0
801840157,30.0
801840575,30.0
801842117,30.0
801843911,30.0
801844093,30.0
801844094,30.0
801844353,30.0
801844496,30.0
801844497,25.0
801846039,30.0
809289734,20.0
809289738,20.0
809289739,25.0
814010342,30.0
815883612,20.0
818871917,20.0
818880610,16.0
819610629,30.0
820415021,25.0
822673900,30.0
822673901,30.0
822673902,30.0
822673903,30.0
822673904,30.0
822673905,30.0
835745230,20.0
835754852,20.0
835755281,30.0
835755282,30.0
835755283,30.0
835755284,30.0
835755285,30.0
835755286,30.0
835755287,30.0
835756812,30.0
835756813,30.0
835756814,30.0
835756815,30.0
835756817,30.0
835756818,30.0
835756819,30.0
835756986,30.0
835756987,30.0
835756988,30.0
835756989,30.0
835756990,30.0
835756991,30.0
835757242,30.0
835757244,30.0
835757245,30.0
835757768,30.0
835757769,30.0
835759999,30.0
835760000,30.0
835760001,30.0
835760002,30.0
835760003,30.0
835760004,30.0
835760005,30.0
835760006,30.0
835760007,30.0
835760008,30.0
835760009,30.0
835760010,30.0
835760011,30.0
835760012,30.0
835760013,30.0
835764102,30.0
835764103,30.0
835764104,30.0
835764105,30.0
835764106,30.0
835949544,30.0
835949545,30.0
835949546,30.0
835951130,30.0
835951131,30.0
835951636,30.0
835951637,30.0
835951984,30.0
835951985,30.0
835951986,30.0
835951987,30.0
835951988,30.0
835954298,30.0
835954299,30.0
835954300,30.0
835954301,30.0
835954302,30.0
835954303,30.0
835954304,30.0
835954305,30.0
835954306,30.0
835954307,30.0
835954308,30.0
835954309,30.0
835954310,30.0
835954311,30.0
835954312,30.0
835954313,30.0
835954314,30.0
835954315,30.0
835954316,30.0
835954317,30.0
835954318,30.0
835954319,30.0
835954320,30.0
835954321,30.0
835954322,30.0
835954323,30.0
835955997,30.0
835955998,30.0
835955999,30.0
835956000,30.0
835956001,30.0
835956002,30.0
835956003,30.0
835956004,30.0
835956005,30.0
835956006,30.0
835956007,30.0
835956008,30.0
835956009,30.0
835956010,30.0
835956011,30.0
835956012,30.0
835956013,30.0
835956014,30.0
835956015,30.0
835956016,30.0
835956017,30.0
835956018,30.0
835956019,30.0
835956020,30.0
835956021,30.0
835956022,30.0
835956023,30.0
835956024,30.0
835956025,30.0
835956026,30.0
835956134,30.0
835956135,30.0
835956136,30.0
835956137,30.0
835956138,30.0
835956139,30.0
835956140,30.0
835956141,30.0
835956142,30.0
835956143,30.0
835956144,30.0
835956145,30.0
835956146,30.0
835956147,30.0
835956148,30.0
835956149,30.0
835956150,30.0
835956151,25.0
835956152,30.0
835956153,30.0
835956154,30.0
835956650,30.0
835957253,30.0
835957254,30.0
835957255,30.0
835957256,30.0
835957257,30.0
835957258,30.0
835957259,30.0
835957260,30.0
835957261,30.0
835957419,20.0
835961217,30.0
835961218,30.0
835961219,30.0
835961220,30.0
835961963,30.0
835961964,30.0
835965791,30.0
835965792,30.0
835965793,30.0
835965794,30.0
835965795,30.0
835965796,30.0
835965797,30.0
835965798,30.0
835965799,30.0
835965800,30.0
835965801,30.0
835965907,40.0
835965908,40.0
835965909,30.0
835965910,30.0
835967337,30.0
835967338,30.0
835967339,30.0
835967340,30.0
835967341,30.0
835967342,30.0
835967343,30.0
835967344,30.0
835967345,30.0
835967346,30.0
835967347,30.0
835967348,30.0
835967535,30.0
835967536,30.0
835968691,30.0
835968692,30.0
835968693,30.0
835968694,30.0
835968695,30.0
835968696,30.0
835968697,30.0
835968698,30.0
835969748,30.0
835969749,30.0
835970601,30.0
835972283,30.0
835972284,30.0
835972285,30.0
835972286,30.0
835972287,30.0
835972288,30.0
835972289,30.0
835976945,30.0
835976946,30.0
835976947,30.0
835976948,30.0
835976949,30.0
835976950,30.0
835976951,30.0
835976952,30.0
835976953,30.0
835976954,30.0
835976955,30.0
835976956,30.0
835976957,30.0
835976958,30.0
835976959,30.0
835976960,30.0
835976961,30.0
835976962,20.0
835976963,20.0
835976964,20.0
835976965,20.0
835976966,30.0
835976967,30.0
835976968,30.0
835976969,30.0
835976970,30.0
835976971,30.0
835976972,30.0
835976973,30.0
835977225,30.0
835986285,30.0
835986286,30.0
835986287,30.0
835986288,30.0
835986289,30.0
835986290,30.0
835986291,30.0
835986292,30.0
835986293,30.0
835986294,30.0
835986295,30.0
835986296,30.0
835986297,30.0
835986298,30.0
835991891,30.0
836001473,30.0
836007500,30.0
836007501,30.0
836007502,30.0
836007503,30.0
836007504,30.0
836007505,30.0
836007506,30.0
836007507,30.0
836007508,30.0
836007509,30.0
836007510,30.0
836007511,30.0
836007512,30.0
836007513,30.0
836007514,30.0
836007515,30.0
836007516,30.0
836007517,30.0
836007518,30.0
836007519,30.0
836007520,30.0
836007521,30.0
836007522,30.0
836007523,30.0
836007524,30.0
836007525,30.0
836007526,30.0
836008490,30.0
836008491,30.0
836008492,30.0
836008493,30.0
836008494,30.0
836047945,30.0
836047946,30.0
836047947,30.0
836047948,30.0
836047949,30.0
836047950,30.0
836047951,30.0
836047952,30.0
836047953,30.0
836047954,30.0
836047955,30.0
836047956,30.0
836047957,30.0
836047958,30.0
836050775,30.0
836050776,30.0
836050777,30.0
836050778,30.0
836050779,30.0
836050780,30.0
836054492,20.0
836054493,20.0
836054494,20.0
836054495,20.0
836062679,20.0
836062680,20.0
836062681,20.0
836062682,20.0
836062683,20.0
836062684,20.0
836062685,20.0
836062686,20.0
836062687,20.0
836071783,20.0
836071784,20.0
836074715,30.0
836076182,30.0
836076183,30.0
836076184,30.0
836270643,30.0
836684860,40.0
836684861,40.0
836684863,30.0
836684864,40.0
836690693,40.0
836690694,40.0
836708928,40.0
836708929,40.0
836708930,40.0
836708931,40.0
836708932,40.0
836708933,40.0
836708934,40.0
836708935,40.0
836708936,40.0
836708937,40.0
836708938,40.0
836708939,40.0
836730939,30.0
836730940,30.0
836730941,30.0
836730942,30.0
836730944,30.0
836753557,20.0
836753558,20.0
836753559,25.0
836753560,20.0
836753562,25.0
836753563,25.0
836753564,25.0
836753565,25.0
836753566,25.0
836756344,20.0
836756345,20.0
836756346,20.0
836756347,20.0
836759269,20.0
836759270,20.0
836759271,20.0
836759272,20.0
836759273,20.0
836759274,20.0
836759275,20.0
836759276,20.0
836760793,40.0
836760794,30.0
836761530,40.0
836763464,25.0
836763465,25.0
836763466,25.0
836763467,25.0
836763468,25.0
836763469,25.0
836763470,25.0
836763471,25.0
837709797,25.0
837709798,20.0
837710148,20.0
837756177,20.0
838055882,30.0
838494854,40.0
838494855,40.0
839263301,20.0
839263302,20.0
839263303,20.0
839263304,20.0
839263305,20.0
839263306,20.0
839263307,20.0
839263308,20.0
839263309,20.0
839266345,30.0
839266346,30.0
839271177,20.0
839271178,20.0
839271179,20.0
839272894,30.0
840974138,30.0
841976439,30.0
842029538,20.0
842033741,16.0
842033744,30.0
842033745,16.0
842033756,30.0
842033757,30.0
842033758,30.0
842033759,30.0
842103581,20.0
842103582,20.0
842116751,30.0
842166611,20.0
842889959,20.0
842889960,20.0
842889961,20.0
842889962,20.0
844593135,50.0
844599414,30.0
844599415,30.0
844599416,50.0
844599417,50.0
844599418,50.0
844599419,50.0
845108666,20.0
845108667,20.0
845108668,20.0
845108669,20.0
845108670,16.0
845108671,16.0
845108672,20.0
845108678,16.0
845108679,30.0
845108681,16.0
845108682,16.0
845108683,20.0
845111047,16.0
845111051,16.0
845618757,25.0
845833823,30.0
845834376,30.0
845834377,30.0
845834380,30.0
845834857,30.0
845834858,30.0
845834998,30.0
845835018,30.0
845835180,30.0
845835334,30.0
845835386,30.0
845835499,30.0
845839343,30.0
845839450,30.0
845839546,30.0
845839547,30.0
845839720,30.0
845839861,30.0
845839925,30.0
845839926,30.0
845840034,30.0
845840035,30.0
845840112,30.0
845840113,30.0
846214155,20.0
846214156,20.0
846214159,20.0
846214160,20.0
846214164,20.0
846214165,20.0
846214166,20.0
846214167,20.0
846214168,20.0
846214169,20.0
846214170,20.0
846214171,20.0
846214175,20.0
846214183,20.0
846214187,20.0
846214192,16.0
846944035,30.0
846944036,30.0
846944041,30.0
848657677,30.0
848657678,30.0
848657679,30.0
848657680,30.0
848657681,30.0
850221760,40.0
850221764,40.0
850221765,40.0
850221767,40.0
850287809,20.0
850287810,20.0
850589421,20.0
850589422,20.0
850750271,30.0
850750272,30.0
850750273,30.0
850750274,30.0
850750275,30.0
850750276,30.0
850750277,30.0
850750278,30.0
850750279,30.0
850750280,30.0
850750281,30.0
850750282,30.0
850750283,30.0
850750284,30.0
850750285,30.0
850750286,30.0
850750287,30.0
850750288,30.0
850750289,30.0
850750290,30.0
850750291,30.0
850750292,30.0
850750293,30.0
850842663,30.0
850842664,30.0
850842665,30.0
850842666,30.0
850842667,30.0
850842668,30.0
850842669,30.0
850842670,30.0
850898534,30.0
850898535,30.0
850898536,30.0
850898537,30.0
850898538,30.0
850898539,30.0
850898540,30.0
850898541,30.0
850898542,30.0
850898543,30.0
850898544,30.0
850898545,30.0
850898546,30.0
850898547,30.0
850898548,30.0
850898549,40.0
850898551,30.0
850898552,30.0
850898553,30.0
850898554,30.0
850898555,30.0
850898556,30.0
850898557,30.0
850898558,30.0
850898559,30.0
850898560,30.0
850898561,30.0
850966154,25.0
850974897,30.0
850974898,30.0
850974899,30.0
850974901,30.0
851250678,30.0
851667094,30.0
851667095,25.0
851667096,25.0
851667097,30.0
851667098,30.0
851667099,20.0
851667100,30.0
851667101,30.0
851667107,24.0
851667108,30.0
851667109,25.0
851673499,20.0
851673500,20.0
851673502,20.0
851673505,20.0
851673506,20.0
851673507,20.0
851673508,20.0
851673509,20.0
851673510,20.0
851679399,20.0
851679400,20.0
851679401,25.0
851679402,25.0
851679404,20.0
851679405,20.0
851679406,20.0
851679409,16.0
851679410,24.0
851679413,20.0
851679414,20.0
851684592,20.0
851684593,20.0
851684594,16.0
851684595,16.0
851684596,16.0
851684597,16.0
851684598,30.0
851684600,20.0
851684601,16.0
851684602,16.0
851684603,16.0
851684606,16.0
851684610,16.0
851684611,16.0
851770440,16.0
851783767,24.0
851783771,20.0
851783772,20.0
851783773,25.0
851783774,20.0
851783775,20.0
851783778,20.0
851783779,20.0
851783784,20.0
851783785,20.0
851783786,20.0
851783787,20.0
851807162,50.0
851807163,50.0
852337743,25.0
852337744,25.0
852337749,25.0
857853630,20.0
858287975,30.0
858287976,30.0
859406606,30.0
859406607,30.0
859406608,30.0
859406609,30.0
859406610,30.0
859406611,30.0
859406612,30.0
859406613,30.0
859406614,30.0
859406615,30.0
859406616,30.0
859406617,30.0
859412944,30.0
859412945,30.0
859412946,30.0
859412947,30.0
859412948,30.0
859412949,30.0
859412950,30.0
859412951,30.0
859412952,30.0
859412953,30.0
859412954,30.0
859437624,30.0
859437625,30.0
863283906,20.0
863283909,20.0
863283923,20.0
863283924,20.0
863633978,30.0
863633979,30.0
863634138,30.0
863634245,30.0
863634246,30.0
863634247,30.0
863634248,30.0
863634249,30.0
863634250,30.0
863637673,30.0
863637674,30.0
863637675,30.0
863641531,30.0
863644187,30.0
863644188,30.0
863644189,30.0
864025539,50.0
864526491,50.0
866450174,30.0
866450175,30.0
872650922,30.0
872650923,30.0
872650924,30.0
872650925,30.0
872650926,30.0
872650927,30.0
872650928,30.0
872762079,30.0
872762080,30.0
872762081,30.0
872762082,30.0
880819404,30.0
880819405,30.0
880819406,30.0
882533493,30.0
882533494,40.0
882533495,40.0
882533496,40.0
882533497,40.0
882533498,30.0
882533499,30.0
882533500,30.0
882533501,30.0
883150595,30.0
884933202,30.0
884933203,30.0
884933204,30.0
885273094,30.0
885273095,30.0
885273096,30.0
885273097,30.0
885273098,30.0
885273099,30.0
885273100,30.0
885273101,30.0
885273102,30.0
885273103,30.0
885273104,30.0
885273105,30.0
885273106,30.0
885273107,30.0
885273108,30.0
885273109,30.0
885273110,30.0
885280666,30.0
885280667,30.0
885280668,30.0
885280669,30.0
885280670,30.0
885280671,30.0
885280672,30.0
885280673,30.0
885280674,30.0
885280675,30.0
888354248,20.0
890762638,40.0
890762639,40.0
890762640,40.0
890762641,40.0
899293711,50.0
899293718,40.0
899293719,40.0
899293721,50.0
899293722,40.0
899293726,30.0
899293727,30.0
905508230,20.0
905508231,20.0
906864453,20.0
906864454,16.0
906864475,20.0
906864477,20.0
906864478,20.0
906864481,20.0
910616616,30.0
910616617,30.0
910616618,30.0
910616619,30.0
910616620,30.0
910616621,30.0
910616622,30.0
910616623,30.0
910616624,30.0
910616625,30.0
910616626,30.0
910616627,30.0
910766242,50.0
910766243,50.0
910766244,50.0
910766245,50.0
910766246,30.0
910766247,30.0
910766248,30.0
910766249,30.0
914827781,30.0
915110743,30.0
915110744,30.0
915110745,30.0
921079275,30.0
921079832,30.0
921079833,30.0
921079834,30.0
921079835,30.0
921079836,30.0
921079837,30.0
921079840,30.0
921079842,30.0
921079843,30.0
921079844,25.0
921079845,30.0
921079846,30.0
921079847,30.0
921079848,30.0
930467361,40.0
931428376,30.0
936842651,30.0
936842652,30.0
936842653,30.0
936842654,30.0
936842655,30.0
936842656,30.0
936842657,30.0
936842658,30.0
936842659,30.0
936842660,30.0
936842661,30.0
936842662,30.0
944583439,30.0
944583440,30.0
944583441,30.0
944583442,30.0
944583443,30.0
944583444,30.0
944583445,30.0
944583446,30.0
944583447,30.0
944583448,30.0
944583449,30.0
944583450,30.0
944583451,30.0
944583452,30.0
944583453,30.0
944583454,30.0
944583455,30.0
944583456,30.0
944583457,30.0
944583458,30.0
944583459,30.0
944583460,30.0
944583461,30.0
944583462,30.0
944583463,30.0
944583464,30.0
944583465,30.0
944583466,30.0
944592586,30.0
944592587,30.0
944592588,30.0
944592589,30.0
944592590,30.0
944592591,30.0
944592592,30.0
944592593,30.0
944592594,30.0
944592595,30.0
944592596,30.0
944592597,30.0
944592598,30.0
944592599,30.0
944592600,30.0
944592601,30.0
944592602,30.0
944592603,30.0
944592604,30.0
944592605,30.0
944592606,30.0
944592607,30.0
944592608,30.0
944592609,30.0
944592610,30.0
944592611,30.0
944592612,30.0
944592613,30.0
944592614,30.0
944592615,30.0
944592616,30.0
944592617,30.0
944592618,30.0
944592619,30.0
944596546,30.0
944596547,30.0
944596548,30.0
944596549,30.0
944596550,30.0
944596551,30.0
944596552,30.0
944596553,25.0
944596554,30.0
944596555,40.0
944596556,30.0
944596557,30.0
944596558,30.0
944596559,30.0
944596560,30.0
944596561,30.0
944623001,30.0
944623002,30.0
944623003,30.0
944623004,30.0
944623005,30.0
944623006,30.0
944655350,40.0
944655351,30.0
944655352,30.0
944655353,30.0
944655354,30.0
944691420,30.0
944691421,30.0
944691422,30.0
944691423,30.0
944691424,30.0
944691425,30.0
944691426,30.0
944691427,30.0
944691428,30.0
944691429,30.0
944691430,30.0
944691431,30.0
944691432,30.0
944691433,30.0
944691434,30.0
944691435,30.0
944691436,30.0
944691437,30.0
944691438,30.0
944691439,30.0
944691440,30.0
944691441,30.0
944691442,30.0
944691443,30.0
944691444,30.0
944691445,30.0
944691446,30.0
944691447,30.0
944691448,30.0
944691449,30.0
944691450,30.0
944691451,30.0
944691452,30.0
944691453,30.0
944691454,30.0
944691455,30.0
944691456,30.0
944691457,30.0
944691458,30.0
944691459,30.0
944691460,30.0
944691461,30.0
944691462,30.0
944691463,30.0
944691464,30.0
944691465,30.0
944691466,30.0
944691467,30.0
944691468,30.0
944691469,30.0
944691470,30.0
944691471,30.0
944691472,30.0
944691473,30.0
944691474,30.0
944691475,30.0
944691476,30.0
944691477,30.0
944691478,30.0
944691479,30.0
944691480,30.0
944691481,30.0
944691482,30.0
944691483,30.0
944691484,30.0
944691485,30.0
944691486,30.0
944691487,30.0
944691488,30.0
944691489,30.0
944691490,30.0
944691491,25.0
944691492,30.0
944691493,30.0
944691494,30.0
944691495,30.0
944691496,30.0
944691497,30.0
944691498,30.0
944691499,30.0
944691500,30.0
944691501,30.0
944691502,30.0
944691503,30.0
944691504,30.0
944691505,30.0
944691506,30.0
944691507,30.0
944691508,30.0
944691509,30.0
944691510,30.0
944691511,30.0
944691512,30.0
944691513,30.0
944691514,30.0
944691515,30.0
944691516,30.0
944691517,30.0
944691518,30.0
944691519,30.0
944691520,30.0
944691521,30.0
944691522,30.0
944691523,30.0
944691524,30.0
944691525,30.0
944691526,30.0
944691527,30.0
944691528,30.0
944691529,30.0
944691530,30.0
947793404,30.0
947793405,30.0
947793406,30.0
947793407,30.0
947793408,30.0
947793409,30.0
947793410,30.0
947793411,30.0
947793412,30.0
947793413,30.0
947793414,30.0
947793415,30.0
947793416,30.0
947793417,30.0
947793418,30.0
947793419,30.0
947793420,30.0
947793421,30.0
948170394,30.0
952603176,30.0
952603177,30.0
952603178,30.0
952603179,30.0
952603180,30.0
952603181,30.0
952603182,30.0
952675083,30.0
952675084,30.0
952675085,30.0
952675086,30.0
952675087,30.0
952675088,30.0
952675089,30.0
952675090,30.0
952675091,30.0
952675092,30.0
952675093,30.0
952675094,30.0
952675095,30.0
952675096,30.0
952675097,30.0
952675098,30.0
952675099,30.0
952675100,30.0
952675101,30.0
952675102,30.0
952675103,30.0
952675104,30.0
952675105,30.0
952675106,30.0
952675107,30.0
952675108,30.0
952675109,30.0
952675110,30.0
952675111,30.0
952675112,30.0
952675113,30.0
952675114,30.0
952675115,30.0
952675116,30.0
952675117,30.0
952675118,30.0
952675119,30.0
952675120,30.0
952675121,30.0
952675122,30.0
952675123,30.0
952675124,30.0
952675125,30.0
952675126,30.0
952675127,30.0
952675128,30.0
952684767,30.0
952684768,30.0
952684769,30.0
952684770,30.0
952684771,30.0
952684772,30.0
952684773,30.0
952684774,30.0
952684775,30.0
952684777,20.0
952684778,20.0
952684779,20.0
952684780,20.0
952684781,30.0
952684782,30.0
952684783,30.0
952684784,40.0
952684785,40.0
952684786,40.0
952684787,30.0
952684788,30.0
952684789,30.0
952684790,30.0
952684792,30.0
952684795,30.0
952684796,30.0
952684797,30.0
952684798,30.0
952684799,30.0
952684800,30.0
952684801,30.0
952684803,30.0
952684806,30.0
952684807,30.0
952684808,30.0
952684809,30.0
952684810,30.0
952684811,30.0
952684812,30.0
952684813,30.0
952684814,30.0
952684815,30.0
952684816,30.0
952685476,30.0
952685477,30.0
952685478,25.0
952693032,30.0
952693033,40.0
952693034,30.0
952693035,30.0
952693036,30.0
952693037,30.0
952693038,30.0
952693039,30.0
952693040,30.0
952693041,30.0
952693042,30.0
952693043,30.0
952693044,30.0
952693045,30.0
952693046,30.0
952693047,30.0
952693048,30.0
952693049,30.0
952693050,30.0
952693051,30.0
952693052,30.0
952693053,30.0
952693054,30.0
952693055,30.0
952693056,30.0
952693057,30.0
952693058,30.0
952693059,30.0
952693060,30.0
952947694,30.0
952947695,30.0
952947696,30.0
952947697,30.0
952947698,30.0
952947699,30.0
952947700,30.0
952947701,25.0
952947702,30.0
952947703,40.0
952947704,30.0
952947705,30.0
952947706,30.0
952947707,30.0
952947708,30.0
952947709,30.0
952947710,30.0
952947711,30.0
952947712,30.0
952947713,30.0
952947714,30.0
952947715,30.0
952947716,30.0
952947717,30.0
952947718,30.0
952947719,30.0
952947720,30.0
952947721,30.0
952947722,30.0
952947723,30.0
952947724,30.0
952947725,30.0
952947726,30.0
952947727,30.0
952947728,30.0
952947729,30.0
952947730,30.0
952947731,30.0
952947732,30.0
952947733,30.0
952947734,30.0
952947735,30.0
952947736,30.0
952947737,30.0
952947738,30.0
952947739,30.0
952947740,30.0
952947741,30.0
952947742,30.0
952947743,30.0
952947744,30.0
952947745,30.0
952947746,30.0
952947747,30.0
952947748,30.0
952947749,30.0
952947750,30.0
952947751,30.0
952947752,30.0
952947753,30.0
952947754,30.0
952947755,30.0
952947756,30.0
952947757,30.0
952947758,30.0
952947759,30.0
952947760,30.0
952947761,30.0
952995078,30.0
952995079,30.0
952995080,30.0
952995081,30.0
952995082,30.0
952995083,30.0
952995084,30.0
952995085,30.0
952995086,30.0
952995087,30.0
952995088,30.0
952995089,30.0
952995090,30.0
952995091,30.0
952995092,30.0
952995093,30.0
952995094,30.0
952995095,30.0
952995096,30.0
952995097,30.0
952995098,30.0
952995099,30.0
952995100,30.0
952995101,30.0
952995102,30.0
952995103,30.0
952995104,30.0
952995105,30.0
952995106,30.0
952995107,30.0
952995108,30.0
952995109,30.0
952995110,30.0
952995111,30.0
952995112,30.0
952995113,30.0
952995114,30.0
952995115,30.0
952995116,30.0
952995117,30.0
952995118,30.0
952995119,30.0
952995120,30.0
952995121,30.0
952995122,30.0
952995123,30.0
952995124,30.0
953019064,30.0
953019065,30.0
953019066,30.0
953019067,30.0
953019068,30.0
953019069,30.0
953019070,30.0
953019071,30.0
953019072,30.0
953019073,30.0
953019074,30.0
953019075,30.0
953019076,30.0
953019077,30.0
953019078,30.0
953019079,30.0
953019080,30.0
953019081,30.0
953019082,30.0
953019083,30.0
953019084,30.0
953019085,30.0
953019086,30.0
953019087,30.0
953019088,30.0
953019089,30.0
953019090,30.0
953032874,30.0
953032875,30.0
953032876,30.0
953032877,30.0
953032878,30.0
953032879,25.0
953032880,30.0
953032881,30.0
953032882,30.0
953032883,30.0
953032884,30.0
953032885,30.0
953032886,30.0
953032887,30.0
953032888,30.0
953032889,30.0
953032890,30.0
953032891,30.0
953032892,30.0
953032893,30.0
953032894,30.0
953032895,30.0
953032896,30.0
953032897,30.0
953032898,30.0
953032899,30.0
953032900,30.0
953032901,30.0
953032902,30.0
953032903,30.0
953032904,30.0
953032905,30.0
953032906,30.0
953032907,30.0
953032908,30.0
953032909,30.0
953032910,30.0
953032911,30.0
953032912,30.0
953032913,30.0
953032914,30.0
953032915,30.0
953032916,30.0
953301481,20.0
953301482,30.0
953301483,25.0
953301485,25.0
953301486,25.0
953301487,25.0
953301490,30.0
953301491,30.0
953301492,30.0
953301493,30.0
953301494,30.0
953301495,30.0
953301496,20.0
953301497,30.0
953301498,30.0
953301499,30.0
953301500,30.0
953301501,30.0
953301502,30.0
953301503,30.0
953301504,30.0
953301505,30.0
953301506,30.0
953301507,30.0
953301508,30.0
953301509,30.0
953301510,30.0
953301511,30.0
953301512,30.0
953395433,30.0
953395434,30.0
953395435,30.0
953395436,30.0
953395437,30.0
953395438,30.0
953395439,30.0
953395440,30.0
953395441,30.0
953395442,30.0
953395443,30.0
953395444,30.0
953395445,30.0
953395446,30.0
953395447,30.0
953395448,30.0
953395449,30.0
953395450,30.0
953395451,30.0
953395452,30.0
953395453,30.0
953395454,30.0
953395455,30.0
953395456,30.0
953395457,30.0
953395458,30.0
953395459,30.0
953395460,30.0
953395461,30.0
953395462,30.0
953395463,30.0
953395464,30.0
953395465,30.0
953395466,30.0
953395467,30.0
953395468,30.0
953395469,30.0
953395470,30.0
953395471,30.0
953395472,30.0
953395473,30.0
953395474,30.0
953395475,30.0
953395476,30.0
953395477,30.0
953395478,30.0
953395479,30.0
953395480,30.0
953395481,30.0
953395482,30.0
953395483,30.0
953395484,30.0
953395485,30.0
953395486,30.0
953395487,30.0
953395488,30.0
953395489,30.0
954532093,30.0
954532094,30.0
954532095,30.0
954532096,30.0
954532097,30.0
954532098,30.0
954532099,30.0
954532100,30.0
954532101,30.0
954532102,40.0
954532103,30.0
954532104,40.0
954532105,30.0
954532106,30.0
954532107,30.0
954532108,30.0
954532109,30.0
954532110,30.0
954532111,30.0
954532112,30.0
954532113,30.0
954532114,30.0
954532115,30.0
954532116,30.0
954532117,30.0
954532118,30.0
954532119,30.0
954532120,30.0
954532121,30.0
954532122,30.0
954532123,30.0
954532124,30.0
954532125,30.0
954532126,30.0
954532127,30.0
954532128,30.0
954532129,30.0
954532130,30.0
954532131,30.0
954532132,30.0
954532133,30.0
954532134,30.0
954532135,30.0
954532136,30.0
954541117,30.0
954541118,30.0
954566638,30.0
954566639,30.0
954566640,30.0
954566641,30.0
954566642,30.0
954566643,30.0
954566644,30.0
954566645,30.0
954566646,30.0
954566647,30.0
954566648,30.0
954566649,30.0
954566650,30.0
954566651,30.0
954566652,30.0
954566653,30.0
954566654,30.0
954566655,30.0
954566656,30.0
954566657,30.0
954566658,30.0
954566659,30.0
954566660,30.0
954566661,30.0
954566662,30.0
954566663,30.0
954566664,30.0
954566665,30.0
954566666,30.0
954566667,30.0
954566668,30.0
954566669,30.0
954566670,30.0
954566671,30.0
954566672,30.0
954566673,30.0
954566674,40.0
954566675,30.0
954566676,30.0
954566677,30.0
954566679,30.0
954566681,30.0
954566682,30.0
954566683,30.0
954566684,30.0
954566685,30.0
954566686,30.0
954566687,30.0
954566688,30.0
954566689,30.0
954566690,30.0
954566691,30.0
954566692,30.0
954566693,30.0
954566694,30.0
954566695,30.0
954566696,30.0
954566697,30.0
954566698,30.0
954566699,30.0
954566700,30.0
954566701,30.0
954566702,30.0
954566703,30.0
954595697,30.0
954595698,30.0
954595699,30.0
954595700,30.0
954595701,30.0
954595702,30.0
954595703,30.0
954595704,30.0
954595705,30.0
954595706,30.0
954595707,30.0
954595708,30.0
954595709,30.0
954595712,40.0
954595715,30.0
954595716,30.0
954595717,40.0
954595718,40.0
954595720,30.0
954595721,30.0
954595722,25.0
954595723,25.0
954595724,30.0
954595725,30.0
954595726,30.0
954595727,30.0
954608130,30.0
954608131,30.0
954608132,30.0
954608133,30.0
954608134,30.0
954608135,30.0
954608136,30.0
954608137,30.0
954608138,30.0
954608139,30.0
954608140,30.0
954608141,30.0
954608142,30.0
954608143,30.0
954608144,30.0
954608145,25.0
954608146,30.0
954608147,30.0
954608148,30.0
954608149,30.0
954608150,30.0
954608151,30.0
954608152,30.0
954608153,30.0
954608154,25.0
954608155,30.0
954608156,30.0
954608157,60.0
954608158,25.0
954608159,30.0
954608160,30.0
954608161,30.0
954608162,30.0
954608163,30.0
954608164,30.0
954608165,30.0
954608166,30.0
954608167,30.0
954608168,30.0
954608169,30.0
954608170,30.0
954608171,30.0
954608172,30.0
954608173,30.0
954608174,30.0
954612396,30.0
954612397,30.0
954612398,30.0
954612399,30.0
954612400,30.0
954612401,30.0
954612402,30.0
954612403,30.0
954612404,30.0
954612405,30.0
954612406,30.0
954612407,30.0
954612408,30.0
954612409,30.0
954612410,30.0
954612411,30.0
954612412,30.0
954612413,30.0
954612414,30.0
954612415,30.0
954612416,30.0
954612417,30.0
954612418,30.0
954612419,30.0
954612420,30.0
954612421,30.0
954617078,30.0
954617079,30.0
954617080,30.0
954617081,30.0
954617082,30.0
954617085,30.0
954619385,30.0
954619386,30.0
954619387,30.0
954619388,30.0
954619389,30.0
954619390,30.0
954619391,30.0
954619392,30.0
954619393,30.0
954619394,30.0
954619395,30.0
954619396,30.0
954619397,30.0
954619398,30.0
954619399,30.0
954619400,30.0
954619401,30.0
954619402,30.0
954619403,30.0
954619404,30.0
954619405,30.0
954619406,30.0
954619407,30.0
954619408,30.0
954643115,30.0
954643116,30.0
954643117,30.0
954643118,30.0
954643119,30.0
954643120,30.0
954643121,30.0
954643122,30.0
954643123,30.0
954643124,30.0
954643125,30.0
954643126,30.0
954643127,30.0
954643128,30.0
954643129,30.0
954643130,30.0
954643131,30.0
954643132,30.0
954643133,30.0
954643134,30.0
954643135,30.0
954643136,30.0
954643137,30.0
954643138,30.0
954643139,30.0
954643140,30.0
954643141,30.0
954643142,30.0
954643143,30.0
954643144,30.0
954643145,30.0
954643146,30.0
954643147,30.0
954643148,30.0
954643149,30.0
954643150,30.0
954643151,30.0
954643153,30.0
954643154,30.0
954643155,30.0
954643156,30.0
954643157,30.0
954643158,30.0
954643159,30.0
954643160,30.0
954643161,30.0
954643162,30.0
954643163,30.0
954643164,30.0
954643165,30.0
954643166,30.0
954643167,30.0
954643168,30.0
954643169,30.0
954643170,30.0
954643171,30.0
954643172,30.0
954643173,30.0
954643174,30.0
954643175,30.0
954643176,30.0
954643177,30.0
954643178,30.0
954643179,30.0
954643180,30.0
954643181,30.0
954643182,30.0
954643183,30.0
954643184,30.0
954643185,30.0
954643186,30.0
954643187,30.0
954643188,30.0
954643189,30.0
954643190,30.0
954643191,30.0
954643192,30.0
954643193,30.0
954643194,30.0
954643195,30.0
954643196,30.0
954643197,30.0
954643198,30.0
954643199,30.0
954643200,30.0
954643201,30.0
954643202,30.0
954643203,30.0
954643204,30.0
954643205,30.0
954643206,30.0
954643207,30.0
954643208,30.0
954643209,30.0
954643210,30.0
954643211,30.0
954643212,30.0
954643213,30.0
954643214,30.0
954646599,30.0
954646600,30.0
954646601,30.0
954646602,30.0
954646603,30.0
954646604,30.0
954646605,30.0
954646606,30.0
954646607,30.0
954646608,40.0
954646609,40.0
954646610,40.0
954646611,30.0
954646612,30.0
954646613,30.0
954646614,30.0
954646615,30.0
954646616,25.0
954653477,30.0
954653478,30.0
954653479,30.0
954653480,30.0
954653481,30.0
954653482,30.0
954653483,30.0
954653484,30.0
954653485,30.0
954653486,30.0
954653487,30.0
954653488,30.0
954653489,30.0
954653490,30.0
954653491,30.0
954653492,30.0
954653493,30.0
954653494,30.0
954653495,30.0
954653496,30.0
954653497,30.0
954653498,30.0
954653499,30.0
954653500,30.0
954653501,30.0
954653502,30.0
954653503,30.0
954653504,30.0
954653505,30.0
954653506,30.0
954653507,30.0
954653508,30.0
954653509,30.0
954653510,30.0
954653511,30.0
954653512,30.0
954653513,30.0
954653514,30.0
954653515,30.0
954653516,30.0
954653517,30.0
954653518,30.0
954653520,60.0
954653521,60.0
954653524,25.0
954653525,30.0
954653526,30.0
954653527,30.0
954653528,30.0
954653529,30.0
954653530,30.0
954653531,30.0
954653532,30.0
954653533,30.0
954653534,30.0
954653535,30.0
954653536,30.0
954653537,30.0
954653538,30.0
954653539,30.0
956084809,25.0
957756164,50.0
957756165,30.0
957756166,50.0
957813749,30.0
957843471,30.0
957843472,50.0
957843473,30.0
958066247,30.0
958066248,30.0
958066249,50.0
958068257,25.0
958068258,25.0
958068259,25.0
958068260,25.0
958068261,30.0
958152920,45.0
958152921,45.0
958152922,45.0
958152923,45.0
958152924,45.0
958152925,45.0
958152926,30.0
958152927,30.0
958152928,30.0
958160501,30.0
958160502,30.0
958737785,45.0
958737786,45.0
958737787,45.0
958737788,30.0
958737789,45.0
958737790,50.0
958737791,50.0
958737792,16.0
958737793,20.0
958737794,20.0
959878428,30.0
959878429,30.0
959878430,30.0
959878431,30.0
959878432,30.0
959878433,30.0
963938578,32.0
963938579,32.0
963995764,30.0
963995765,30.0
963995766,30.0
963995767,30.0
964265883,30.0
966662026,30.0
966662027,30.0
966662028,30.0
966669119,40.0
966669122,40.0
971781247,30.0
971781248,30.0
972043177,25.0
973176119,30.0
973176120,30.0
973176482,30.0
973176483,30.0
973176484,30.0
973176485,30.0
973176486,30.0
973176487,30.0
973176488,30.0
973176489,30.0
973176490,30.0
973176491,30.0
973176492,30.0
973176493,30.0
973176494,30.0
973176495,30.0
974174142,20.0
974176794,10.0
974176795,10.0
978200174,30.0
978200175,30.0
978200176,30.0
978200177,30.0
979875451,20.0
979875452,50.0
979875453,50.0
979875454,50.0
979875455,50.0
986174725,30.0
986175960,30.0
986177614,30.0
986178699,30.0
986180272,30.0
989330634,30.0
989330635,30.0
989330636,30.0
989330637,40.0
989330638,40.0
989330639,40.0
989330640,40.0
989330641,40.0
989330642,40.0
989330643,40.0
989330644,40.0
989330645,40.0
989330646,40.0
989330647,40.0
989330648,40.0
991875043,30.0
991875044,30.0
991875045,30.0
991875046,30.0
991875047,30.0
991875048,30.0
991875049,30.0
991875050,30.0
991875051,20.0
991875052,20.0
991875053,20.0
992457714,30.0
996948981,20.0
996948982,20.0
996948984,16.0
996948985,16.0
996948989,32.0
996948991,20.0
996948992,20.0
997234873,30.0
997234874,30.0
998652221,30.0
998652222,30.0
998680814,30.0
998680815,30.0
998684152,30.0
998684153,30.0
998684154,30.0
998684155,30.0
998723190,30.0
998723191,30.0
998723192,30.0
998723193,30.0
998723194,30.0
998723195,30.0
998723196,30.0
998723197,30.0
998723198,30.0
998723199,30.0
998723200,30.0
998723201,30.0
998723202,30.0
998723203,30.0
998723204,30.0
998723205,30.0
998723206,30.0
998723207,30.0
998723208,30.0
998724734,30.0
998724735,30.0
1000484479,20.0
1000484484,20.0
1000484485,20.0
1000484486,20.0
1000484487,20.0
1000484488,20.0
1000484489,20.0
1000484490,20.0
1000484491,20.0
1000484492,20.0
1000484493,20.0
1000484494,20.0
1000484495,20.0
1000484496,20.0
1000484497,20.0
1000484498,20.0
1000484503,20.0
1000484504,20.0
1000484505,20.0
1000484506,20.0
1000484507,20.0
1000484508,20.0
1000484510,20.0
1000484513,20.0
1000484514,20.0
1000484515,20.0
1000484516,20.0
1000484517,20.0
1000484518,20.0
1000484519,20.0
1000487657,20.0
1000487658,20.0
1000732360,20.0
1000735833,20.0
1000735834,20.0
1000735836,20.0
1000735838,20.0
1000735839,20.0
1000735840,20.0
1000735842,20.0
1000735843,20.0
1000735844,20.0
1000735846,20.0
1000735849,20.0
1000735850,20.0
1000735851,20.0
1000735852,20.0
1000960209,20.0
1000962366,20.0
1005471877,30.0
1005471878,30.0
1005471879,30.0
1005471880,30.0
1005471881,30.0
1005472146,30.0
1005472147,30.0
1005472148,30.0
1005472149,30.0
1005472150,30.0
1006098074,20.0
1006098078,20.0
1006330615,25.0
1007600929,25.0
1008288320,30.0
1008299473,20.0
1008641142,20.0
1008641144,20.0
1008647395,30.0
1008650955,20.0
1008838964,20.0
1010472672,20.0
1010492351,30.0
1010492352,30.0
1010492353,20.0
1010492359,20.0
1010635466,30.0
1010775617,30.0
1015783694,20.0
1015784342,30.0
1015784343,30.0
1015784344,30.0
1015784345,30.0
1015784346,30.0
1015784347,30.0
1015784348,30.0
1015819646,30.0
1015819647,30.0
1015819648,30.0
1015819649,30.0
1015819650,30.0
1015819651,20.0
1015819652,30.0
1015822491,30.0
1015822492,30.0
1015822493,25.0
1015822494,30.0
1015822495,30.0
1015822496,30.0
1015822497,30.0
1015822498,25.0
1015822499,30.0
1016031581,30.0
1016031582,30.0
1016068968,30.0
1016068969,30.0
1016180118,20.0
1016460285,30.0
1016460331,25.0
1016464523,30.0
1016464524,30.0
1016464525,30.0
1016481187,30.0
1016481188,30.0
1016481189,30.0
1016481190,30.0
1016491107,30.0
1016539034,20.0
1016539035,20.0
1016539036,20.0
1016539037,20.0
1016539038,20.0
1016540431,20.0
1016540432,20.0
1016540433,20.0
1016540434,20.0
1016540435,20.0
1016540436,20.0
1017312864,30.0
1017312865,30.0
1017317048,30.0
1017317051,25.0
1017317052,25.0
1017317054,30.0
1017317055,30.0
1017317056,30.0
1017321336,30.0
1017321337,25.0
1017321338,30.0
1017321339,30.0
1017326780,25.0
1017406053,20.0
1017406054,20.0
1017406055,20.0
1017406056,20.0
1017533404,30.0
1018751059,20.0
1018751061,20.0
1022864959,30.0
1022864960,20.0
1024050041,20.0
1024050042,20.0
1024230518,25.0
1024230519,25.0
1024276589,20.0
1024276590,20.0
1024483858,30.0
1024483859,30.0
1024483860,30.0
1024483861,30.0
1024505988,30.0
1025081388,30.0
1025081389,36.0
1025081390,36.0
1025084648,30.0
1025084649,30.0
1025084650,30.0
1025084651,30.0
1025084652,30.0
1030553903,30.0
1030553904,30.0
1030553905,30.0
1030553906,30.0
1030553907,30.0
1030553908,30.0
1030553909,30.0
1030553910,30.0
1030975086,30.0
1036530150,20.0
1038737667,30.0
1038737668,30.0
1038737669,30.0
1046588964,30.0
1046588965,30.0
1046588966,30.0
1046588967,30.0
1046588968,30.0
1046588969,30.0
1046588970,30.0
1046588971,30.0
1046588972,30.0
1046588973,30.0
1046588974,30.0
1046588975,30.0
1046588976,30.0
1046588977,30.0
1046588978,30.0
1046588979,30.0
1046588980,30.0
1046588981,30.0
1046588982,30.0
1049563466,20.0
1049563467,20.0
1049563469,20.0
1049563470,20.0
1049584878,20.0
1049584894,20.0
1049584895,20.0
1049584897,20.0
1049584920,20.0
1049584926,20.0
1049584927,20.0
1049594762,20.0
1049904969,30.0
1049904970,30.0
1049945884,20.0
1050503221,32.0
1050503222,32.0
1051316101,30.0
1051316102,30.0
1051316103,30.0
1051316104,30.0
1051316105,30.0
1051316106,30.0
1051316122,30.0
1051316123,30.0
1052090335,30.0
1053323825,20.0
1053330729,20.0
1053330730,20.0
1053585802,20.0
1053585803,20.0
1053585804,20.0
1053585805,20.0
1053603575,20.0
1053603601,20.0
1053696960,30.0
1053874612,20.0
1053906088,30.0
1053906124,20.0
1053906125,20.0
1053906126,20.0
1053906127,20.0
1053906128,20.0
1053906129,20.0
1054007759,30.0
1054021986,20.0
1054021987,20.0
1054021988,20.0
1054353469,20.0
1054353470,20.0
1054353471,20.0
1054353472,20.0
1054353473,20.0
1054353474,20.0
1054353475,20.0
1054356310,20.0
1054359325,20.0
1054362611,30.0
1054362655,20.0
1054362685,20.0
1054362686,20.0
1054519760,20.0
1054519814,20.0
1055731601,30.0
1055767318,30.0
1055767319,30.0
1055769980,30.0
1056056622,30.0
1056056623,30.0
1056056624,30.0
1056057872,30.0
1056057873,30.0
1056057874,30.0
1056057875,30.0
1056057876,30.0
1056173677,30.0
1056173678,20.0
1056173731,20.0
1056173732,20.0
1056173733,30.0
1056177557,20.0
1056177591,20.0
1056233962,20.0
1056234013,20.0
1056293823,20.0
1056293837,30.0
1056293841,20.0
1056293843,20.0
1056361961,20.0
1056361963,20.0
1056361980,20.0
1056361990,20.0
1056361991,20.0
1056362017,20.0
1056362029,20.0
1056362033,20.0
1056362043,20.0
1056362051,20.0
1056637519,20.0
1056637540,20.0
1056637555,20.0
1056637559,20.0
1056637571,20.0
1056637577,20.0
1056637590,20.0
1056639173,30.0
1056639174,20.0
1056639191,20.0
1056821340,20.0
1056821352,20.0
1056821363,20.0
1057885218,20.0
1057885219,20.0
1057885220,20.0
1057885229,30.0
1057885230,30.0
1058036979,45.0
1058036980,45.0
1058039141,30.0
1058040965,30.0
1058333057,20.0
1058333125,20.0
1058578816,30.0
1058578817,20.0
1058678697,45.0
1058678698,45.0
1058678699,45.0
1059078333,50.0
1059078334,45.0
1059078335,50.0
1059078336,50.0
1059087566,20.0
1059087567,20.0
1059087570,25.0
1061064188,20.0
1061064189,20.0
1061203038,50.0
1061203039,50.0
1061203040,50.0
1061203141,50.0
1062157319,30.0
1062157320,30.0
1063291300,20.0
1063291339,20.0
1063291352,20.0
1063291373,20.0
1063291374,20.0
1063291380,30.0
1063951496,20.0
1063987069,30.0
1064046224,30.0
1064046256,30.0
1064284068,20.0
1064284069,20.0
1064284078,20.0
1064284080,20.0
1064509151,20.0
1064513269,20.0
1064513270,20.0
1064513271,20.0
1064513272,20.0
1064513273,20.0
1064513274,20.0
1064513275,20.0
1064513276,20.0
1064513277,20.0
1064513291,20.0
1064513292,20.0
1064525499,30.0
1064525501,30.0
1064525502,30.0
1064528931,30.0
1064528932,30.0
1064528934,30.0
1064539747,30.0
1064539748,30.0
1064541142,30.0
1064796355,20.0
1064796356,20.0
1064796362,20.0
1064801557,20.0
1065236274,30.0
1065236275,30.0
1065236276,20.0
1065247815,20.0
1065435280,20.0
1065435292,20.0
1066353494,30.0
1066353495,30.0
1066406783,30.0
1066406784,30.0
1066406785,20.0
1066406786,20.0
1067047629,25.0
1067047630,25.0
1067047884,30.0
1067047885,30.0
1067047886,30.0
1067047887,30.0
1067047888,30.0
1067047889,30.0
1067141912,30.0
1067141913,30.0
1067141914,30.0
1067141915,45.0
1067141916,45.0
1067141917,45.0
1067141918,45.0
1067141919,20.0
1067141920,45.0
1067141921,45.0
1067141922,20.0
1067158724,30.0
1067158725,30.0
1067160314,45.0
1067160316,30.0
1067160317,30.0
1067160318,45.0
1067160319,45.0
1067160320,45.0
1067160321,30.0
1067454692,20.0
1067454693,20.0
1067454694,20.0
1067883679,30.0
1067883680,30.0
1067883681,20.0
1067883682,20.0
1067883683,30.0
1067884451,30.0
1067884452,30.0
1067885767,30.0
1067885768,30.0
1067885769,30.0
1067885770,30.0
1068087263,30.0
1068087264,30.0
1069029538,20.0
1069029539,20.0
1069029723,20.0
1069029724,20.0
1069131885,30.0
1069499182,20.0
1069499183,20.0
1069499229,20.0
1069611242,30.0
1069611243,30.0
1069611244,30.0
1069611245,30.0
1069611246,30.0
1069611247,30.0
1069611248,30.0
1069611249,30.0
1069611250,30.0
1069611251,30.0
1069611252,30.0
1069914776,20.0
1069914777,30.0
1069915916,30.0
1070113525,30.0
1070113526,30.0
1071502692,20.0
1071502693,20.0
1071502694,20.0
1071502695,20.0
1071502696,20.0
1071572285,30.0
1071572286,30.0
1071572287,30.0
1071572288,30.0
1071572289,30.0
1071572290,30.0
1071572291,30.0
1071572292,30.0
1071839468,20.0
1071845024,30.0
1071845025,30.0
1071845026,30.0
1071845027,30.0
1071845028,30.0
1071845029,30.0
1071845030,30.0
1071845031,20.0
1071845032,30.0
1071855226,30.0
1071855227,30.0
1071855228,30.0
1071855229,30.0
1071855230,30.0
1071881849,30.0
1071881850,20.0
1071881851,30.0
1071881852,30.0
1071883801,20.0
1071883802,20.0
1071883803,20.0
1071883804,20.0
1071883805,20.0
1071883806,20.0
1071883807,20.0
1071883808,20.0
1071905217,30.0
1071905218,30.0
1071905219,30.0
1071905220,30.0
1071905221,30.0
1071905222,30.0
1071905223,30.0
1071905224,30.0
1071905225,30.0
1072169802,30.0
1076482694,20.0
1076482695,20.0
1076748708,30.0
1076748709,20.0
1076751238,30.0
1076751240,30.0
1076765427,30.0
1076765428,30.0
1076765429,30.0
1076765430,30.0
1076765431,20.0
1076765432,20.0
1076765433,30.0
1076765698,30.0
1076782848,30.0
1076782849,30.0
1076782850,30.0
1076782851,30.0
1076782852,30.0
1076782853,30.0
1076782854,30.0
1076782855,30.0
1076782856,30.0
1076782857,30.0
1076782858,30.0
1076782859,30.0
1076782860,30.0
1076782861,30.0
1076782862,20.0
1076782863,20.0
1076782864,20.0
1080483904,30.0
1080490856,30.0
1080490857,30.0
1080490858,30.0
1080490859,30.0
1080490860,30.0
1080490861,30.0
1080490862,30.0
1080493764,30.0
1080493765,30.0
1080493766,30.0
1081049616,30.0
1082005402,50.0
1082005403,50.0
1082137324,30.0
1082137325,30.0
1082137326,30.0
1082137327,30.0
1082137328,30.0
1082137329,30.0
1082137330,30.0
1082137331,30.0
1082137332,30.0
1082137333,30.0
1082137334,30.0
1082137335,30.0
1082137336,30.0
1082137337,20.0
1082137338,30.0
1082137339,30.0
1082137340,30.0
1082137341,30.0
1082137342,30.0
1082137343,30.0
1082137344,30.0
1082151169,30.0
1082151170,30.0
1082151171,30.0
1082151172,30.0
1082151173,30.0
1082151174,30.0
1082151175,30.0
1082151176,30.0
1082151177,30.0
1082151178,30.0
1082151179,30.0
1082151180,30.0
1082151181,30.0
1082151182,30.0
1082151183,30.0
1082151184,30.0
1082151185,30.0
1082151186,30.0
1082151187,30.0
1082151188,30.0
1082151189,30.0
1082151190,30.0
1082151191,30.0
1082151192,30.0
1082151193,30.0
1082151194,30.0
1082151195,20.0
1082151196,20.0
1082151199,20.0
1082151200,30.0
1082151201,30.0
1082151202,30.0
1082151203,20.0
1082151204,20.0
1082151205,20.0
1082151206,20.0
1082151207,30.0
1082151208,30.0
1082151209,30.0
1082151210,30.0
1082151211,30.0
1082151212,30.0
1082151213,30.0
1082151214,30.0
1082151215,30.0
1082151216,30.0
1082151217,30.0
1082151218,30.0
1082151219,30.0
1082151220,30.0
1082151221,30.0
1082151222,30.0
1082151223,30.0
1082151224,30.0
1082151225,30.0
1082151226,30.0
1082151227,30.0
1082151228,30.0
1082151229,30.0
1082151230,30.0
1082151231,30.0
1082151232,30.0
1082151233,30.0
1082151234,30.0
1082177175,30.0
1082177176,20.0
1082177177,30.0
1082177178,30.0
1082177179,30.0
1082177180,30.0
1082177181,30.0
1082177182,30.0
1082177183,30.0
1082177184,30.0
1082177185,30.0
1082177186,30.0
1082177187,30.0
1082177188,30.0
1082177189,30.0
1082177190,30.0
1082177191,30.0
1082177192,30.0
1082177193,30.0
1082177194,30.0
1082177195,30.0
1082177196,30.0
1082177197,30.0
1082177198,30.0
1082177199,30.0
1082177200,30.0
1082177201,30.0
1082177202,30.0
1082177203,30.0
1082177204,30.0
1082177205,30.0
1082177206,30.0
1082177207,30.0
1082177208,30.0
1082178232,24.0
1082178233,24.0
1083194837,20.0
1083194838,20.0
1083194839,30.0
1083194840,30.0
1083194841,20.0
1083194842,20.0
1083194843,20.0
1083194844,20.0
1083194845,20.0
1083194846,20.0
1083725893,30.0
1083725894,30.0
1083725895,30.0
1083725896,30.0
1083725897,30.0
1083738596,30.0
1083738597,30.0
1083738598,30.0
1083742647,20.0
1083742648,20.0
1084603770,30.0
1084605136,30.0
1084605137,30.0
1084605442,30.0
1084629775,30.0
1084629776,30.0
1084629777,30.0
1084629778,30.0
1084629779,30.0
1084629780,30.0
1084915953,20.0
1084915954,20.0
1084915955,30.0
1084915956,30.0
1084915957,30.0
1084915960,30.0
1084915961,30.0
1084915962,30.0
1084915963,30.0
1084915964,20.0
1084915965,20.0
1084915966,20.0
1084915967,20.0
1084915968,30.0
1084915969,30.0
1084915970,30.0
1084915971,30.0
1084915972,30.0
1084915973,20.0
1084915974,30.0
1084915975,30.0
1084915976,30.0
1084915977,30.0
1084915978,30.0
1084915979,30.0
1084915980,30.0
1084915981,30.0
1084915982,20.0
1084915983,30.0
1084915984,30.0
1084915985,30.0
1084915986,30.0
1084915987,30.0
1084915988,30.0
1084915989,30.0
1084915990,30.0
1084915991,30.0
1084917439,30.0
1084917440,30.0
1084917675,20.0
1084917676,20.0
1084917677,20.0
1084917678,20.0
1084917679,20.0
1084917680,20.0
1086869644,25.0
1086869645,25.0
1086869646,25.0
1086869647,25.0
1086869648,25.0
1086869649,25.0
1088130631,30.0
1088748024,30.0
1091846994,30.0
1091846995,30.0
1091846996,30.0
1091846997,30.0
1091846998,30.0
1091846999,30.0
1091847000,30.0
1091847001,30.0
1091847002,30.0
1091847003,30.0
1091847004,30.0
1091847005,30.0
1091847006,30.0
1091847007,30.0
1091847008,30.0
1091847009,30.0
1091847010,30.0
1091847011,30.0
1091847012,30.0
1091847013,30.0
1091847014,30.0
1091847015,30.0
1091849216,30.0
1091849217,30.0
1091849218,40.0
1092093776,20.0
1092093777,20.0
1092093778,20.0
1093740134,24.0
1093740135,20.0
1094731470,40.0
1094731471,50.0
1095328578,20.0
1095805746,40.0
1095805747,40.0
1096185210,50.0
1096185211,50.0
1096200705,40.0
1096200706,40.0
1096200707,40.0
1096200708,50.0
1096209361,30.0
1096209362,50.0
1096210581,50.0
1096216042,50.0
1096240340,50.0
1096240341,50.0
1096240342,40.0
1096242210,30.0
1096243000,30.0
1096246973,30.0
1096246974,30.0
1096253618,50.0
1096957446,30.0
1096957447,20.0
1096957448,20.0
1097203808,50.0
1097203809,50.0
1097912695,30.0
1097912696,20.0
1097912697,30.0
1097912698,30.0
1097912699,30.0
1097915759,20.0
1097915760,20.0
1097915761,20.0
1097915762,30.0
1097915763,20.0
1097915764,20.0
1097920184,30.0
1097920185,30.0
1097920186,30.0
1097924303,30.0
1097924304,30.0
1097924305,30.0
1097924306,30.0
1097931393,30.0
1097931394,30.0
1097931395,30.0
1097931396,30.0
1097931397,30.0
1097931398,30.0
1097931399,30.0
1097931400,30.0
1097931401,30.0
1097931402,30.0
1097931403,30.0
1097931404,30.0
1097931405,30.0
1097931406,30.0
1097931407,30.0
1097931408,30.0
1097931409,30.0
1097931410,30.0
1097931411,30.0
1097933312,30.0
1097933313,20.0
1097933314,30.0
1097933315,30.0
1097933316,30.0
1097933317,30.0
1097933318,30.0
1097935288,30.0
1097938259,30.0
1097938260,30.0
1097938261,20.0
1097938262,30.0
1097938263,30.0
1097938264,20.0
1097950314,50.0
1097953718,50.0
1097954353,40.0
1098169194,30.0
1098169926,40.0
1098170514,60.0
1098172877,50.0
1098174522,45.0
1098184415,50.0
1098186289,50.0
1098186290,40.0
1098187859,50.0
1098231504,20.0
1098231505,30.0
1098231506,30.0
1098235836,20.0
1098235837,20.0
1098235838,20.0
1098235839,20.0
1098235840,20.0
1098235841,20.0
1098235842,20.0
1098240273,30.0
1098266608,40.0
1098271123,50.0
1098307219,50.0
1098307220,50.0
1098307221,50.0
1098476282,50.0
1098508477,30.0
1101470797,20.0
1101470798,20.0
1101470799,30.0
1101470800,30.0
1101470801,20.0
1101470802,30.0
1101620098,20.0
1101620099,20.0
1101620100,20.0
1101623194,30.0
1101623195,30.0
1101623196,30.0
1101623197,30.0
1101642414,20.0
1101970560,30.0
1101970561,30.0
1101970567,30.0
1101970571,30.0
1102769387,20.0
1102769388,20.0
1102769389,20.0
1102769390,20.0
1102769391,20.0
1102769392,20.0
1102769393,20.0
1104890059,30.0
1104894577,40.0
1105118788,20.0
1105118789,20.0
1105118790,20.0
1105118791,20.0
1105118792,20.0
1105118793,20.0
1105118794,20.0
1105146993,30.0
1105146994,30.0
1105146995,30.0
1105146996,40.0
1105150787,30.0
1105150788,20.0
1105156067,24.0
1105156068,20.0
1105156069,20.0
1105170393,16.0
1105170394,20.0
1105170395,30.0
1105170396,20.0
1105170397,20.0
1105170398,20.0
1105430761,40.0
1105430762,40.0
1105430763,40.0
1105430764,40.0
1108452395,30.0
1108452396,30.0
1108452397,30.0
1108452398,30.0
1108452399,30.0
1108452400,30.0
1108452401,30.0
1108452402,30.0
1108452403,30.0
1108452404,30.0
1108452405,30.0
1108452406,30.0
1108452407,30.0
1108452408,30.0
1108452409,30.0
1108453600,30.0
1108456177,30.0
1108457140,30.0
1108457141,20.0
1108457142,30.0
1108457895,20.0
1108457896,20.0
1108457897,30.0
1108457898,30.0
1108458612,30.0
1108458613,30.0
1108458614,30.0
1108458615,30.0
1108458616,30.0
1108458617,30.0
1108459553,20.0
1108459554,20.0
1108459555,20.0
1108461217,30.0
1108461218,20.0
1108461219,20.0
1108464743,30.0
1108464744,20.0
1108464745,30.0
1108464746,20.0
1108464747,20.0
1108464748,20.0
1108464749,20.0
1108464750,20.0
1108464751,20.0
1108468828,30.0
1108468829,30.0
1108468830,20.0
1108484976,30.0
1108484977,30.0
1108488223,30.0
1108488224,20.0
1108488225,30.0
1108488226,30.0
1108502719,30.0
1108502720,30.0
1108502721,20.0
1108502722,25.0
1108502723,25.0
1108502724,25.0
1108502725,25.0
1109938521,20.0
1109938522,20.0
1109938523,20.0
1110178377,20.0
1110312301,20.0
1110312308,20.0
1110312309,20.0
1110312319,20.0
1110312320,20.0
1110312322,20.0
1110312327,20.0
1111242229,20.0
1111242230,20.0
1111496771,20.0
1111496772,20.0
1111759793,30.0
1111955409,30.0
1111955410,30.0
1112004499,20.0
1112008493,30.0
1113226943,20.0
1113226944,20.0
1113226945,20.0
1113595078,30.0
1113595079,30.0
1113595080,30.0
1115168272,20.0
1115168273,20.0
1115168274,20.0
1115168275,20.0
1116164197,30.0
1116164198,30.0
1116164199,20.0
1116354280,25.0
1116354344,25.0
1116503832,25.0
1120058800,20.0
1120058801,20.0
1120058802,20.0
1120059522,20.0
1121630369,20.0
1121630370,20.0
1121630371,20.0
1122205448,20.0
1122205449,20.0
1122205450,20.0
1124924455,30.0
1124929659,24.0
1124932972,20.0
1124932973,20.0
1124932974,30.0
1124934130,30.0
1124937363,30.0
1124937364,30.0
1124937365,30.0
1124937366,30.0
1124937367,30.0
1124937368,30.0
1124937369,30.0
1124940136,30.0
1124940137,30.0
1124940138,30.0
1124940139,30.0
1124940140,20.0
1124940141,20.0
1124952006,20.0
1124952007,20.0
1124952008,20.0
1124952009,20.0
1124952010,30.0
1124952011,20.0
1124952012,20.0
1124952013,20.0
1124952014,30.0
1124955035,30.0
1124955036,20.0
1124955037,20.0
1124955038,20.0
1124955039,20.0
1124955040,20.0
1124955041,20.0
1124955042,20.0
1124955043,20.0
1124961370,20.0
1124961371,30.0
1125561912,20.0
1125561913,20.0
1125561914,30.0
1126871758,30.0
1126871760,20.0
1126871761,20.0
1126871762,20.0
1126871763,20.0
1126877120,30.0
1126877121,30.0
1126877122,20.0
1126892311,20.0
1127671567,30.0
1127671568,20.0
1127675609,30.0
1130567547,30.0
1130567548,30.0
1130567549,20.0
1132436338,20.0
1132436339,20.0
1132436340,20.0
1132436341,20.0
1132436342,20.0
1132436343,30.0
1132436344,30.0
1132632796,20.0
1132632797,30.0
1132632798,20.0
1132632799,20.0
1132632800,20.0
1133062304,30.0
1133062305,30.0
1133062306,20.0
1133089102,20.0
1133089103,20.0
1133089104,20.0
1133089105,20.0
1133452664,20.0
1134424079,20.0
1134424080,20.0
1134424081,20.0
1134424082,20.0
1134424083,20.0
1134424084,20.0
1134454771,30.0
1134454772,30.0
1134454773,30.0
1134454774,30.0
1134454775,30.0
1134454776,30.0
1134454777,30.0
1134455239,20.0
1134455240,30.0
1134458091,30.0
1134458092,20.0
1134458093,20.0
1134458094,30.0
1134458095,20.0
1134463584,20.0
1134463585,30.0
1134463586,30.0
1134470366,30.0
1134470367,30.0
1136170021,30.0
1136170022,50.0
1137532662,30.0
1137541806,30.0
1137541807,30.0
1137541808,30.0
1137541809,30.0
1137541810,30.0
1137541811,30.0
1137541812,30.0
1137541813,30.0
1137545000,30.0
1137545001,30.0
1137545002,30.0
1137545003,30.0
1137551023,30.0
1137551024,30.0
1137551025,30.0
1137554045,30.0
1137554046,30.0
1137556667,30.0
1137556668,30.0
1137556669,30.0
1137556670,30.0
1137556671,30.0
1138684358,30.0
1138684359,30.0
1138684360,30.0
1138684361,30.0
1138684362,30.0
1138684364,30.0
1138684365,30.0
1139103983,30.0
1139103984,30.0
1139103985,30.0
1139103986,30.0
1140852226,30.0
1141053193,30.0
1141053194,20.0
1141053195,20.0
1141060393,30.0
1145008386,20.0
1145008387,20.0
1145008388,30.0
1145008389,30.0
1145549831,20.0
1146186510,30.0
1146186511,30.0
1146186512,30.0
1146186513,20.0
1146186514,20.0
1146186515,30.0
1146186516,30.0
1146186517,20.0
1146875325,20.0
1146875326,20.0
1146875327,20.0
1147866619,24.0
1147867430,24.0
1148432727,20.0
1148435427,20.0
1148435428,20.0
1148435429,20.0
1148435430,30.0
1150082890,20.0
1150082891,20.0
1150082892,30.0
1150082893,20.0
1150082894,20.0
1150082895,20.0
1150082896,20.0
1150082897,20.0
1150082898,20.0
1151677418,20.0
1152312166,30.0
1152318213,30.0
1152320047,20.0
1152320048,30.0
1152320049,30.0
1152778232,30.0
1152778233,30.0
1152778234,30.0
1152778235,30.0
1152778236,30.0
1152778237,30.0
1152778238,30.0
1152778239,30.0
1152778240,30.0
1152778241,30.0
1152778242,30.0
1152778243,32.0
1152778244,30.0
1152778245,30.0
1152778246,30.0
1152778247,30.0
1152778248,30.0
1152778249,30.0
1152778250,30.0
1152778251,30.0
1152778252,30.0
1152778253,30.0
1152778254,30.0
1152778255,30.0
1152778256,30.0
1152778257,30.0
1152778258,30.0
1152778259,30.0
1152778260,30.0
1152778261,30.0
1152778262,30.0
1152778263,30.0
1152778264,30.0
1152778265,30.0
1152778266,30.0
1152778267,30.0
1152778268,30.0
1152778269,30.0
1152778270,30.0
1152778271,30.0
1152778272,30.0
1153078052,20.0
1153078053,20.0
1153078054,20.0
1153078055,20.0
1153078056,20.0
1153078057,20.0
1153078058,20.0
1156024113,50.0
1156595277,50.0
1156595278,50.0
1156595279,50.0
1156595280,50.0
1156595281,50.0
1156595282,50.0
1156874802,30.0
1156874803,30.0
1156874804,30.0
1157702237,30.0
1157702238,30.0
1157702239,50.0
1157702240,50.0
1157702241,50.0
1157702242,30.0
1157702243,30.0
1157702244,50.0
1157702245,40.0
1157702246,50.0
1157843094,30.0
1157843095,30.0
1157843096,30.0
1157843097,20.0
1157843098,20.0
1157843099,20.0
1157843100,20.0
1157843101,20.0
1157843102,20.0
1157843103,20.0
1157843104,30.0
1157844470,30.0
1157844471,30.0
1157844472,30.0
1157844473,30.0
1157844474,30.0
1157844475,30.0
1157844476,30.0
1157844477,20.0
1157844478,20.0
1157844479,20.0
1157846822,30.0
1157849432,20.0
1157849433,20.0
1157849434,20.0
1157849435,20.0
1157866578,30.0
1157899932,30.0
1157899933,30.0
1157941323,50.0
1157941324,50.0
1157941325,50.0
1157941326,50.0
1157988119,30.0
1157988120,30.0
1157988121,30.0
1157988122,30.0
1157988123,30.0
1157988124,30.0
1157988125,30.0
1157988126,30.0
1157988127,30.0
1157988128,30.0
1157988129,30.0
1157988130,30.0
1157988131,30.0
1157988132,30.0
1157988133,30.0
1157988134,30.0
1157988135,30.0
1157988136,30.0
1157988137,30.0
1157988138,25.0
1157989899,30.0
1157989900,30.0
1158573550,25.0
1158573551,20.0
1158573552,20.0
1158573553,20.0
1158575128,30.0
1158575129,30.0
1158575130,30.0
1158575131,30.0
1158575132,20.0
1158575133,30.0
1158575134,30.0
1158575333,30.0
1158575334,20.0
1159389248,50.0
1159389249,50.0
1159389250,40.0
1159401577,50.0
1159401578,50.0
1159401579,50.0
1159401580,50.0
1159835646,20.0
1159835647,20.0
1159835648,30.0
1159835649,30.0
1159835650,30.0
1159835651,30.0
1159835652,30.0
1159835653,30.0
1159835654,30.0
1159835655,30.0
1159836110,30.0
1159836111,30.0
1159836112,20.0
1159836920,20.0
1159836921,30.0
1159836922,30.0
1159840567,30.0
1159840568,30.0
1159840569,30.0
1159840570,30.0
1159840571,30.0
1159840572,30.0
1159840573,30.0
1159840574,30.0
1159840575,30.0
1159840576,30.0
1159840577,30.0
1159840578,30.0
1159842039,20.0
1159842040,30.0
1159846506,30.0
1159846507,30.0
1159846508,30.0
1159846509,30.0
1159846510,30.0
1159846511,30.0
1159846512,30.0
1159846513,30.0
1159846514,30.0
1159861386,20.0
1160997397,20.0
1161555656,20.0
1161585588,30.0
1161585589,30.0
1161585590,30.0
1161585591,30.0
1161585592,30.0
1161585593,30.0
1161585596,30.0
1161585597,30.0
1161585598,30.0
1161585599,30.0
1161585600,30.0
1161585601,30.0
1161965381,20.0
1162057744,30.0
1162065221,30.0
1162065345,30.0
1163295572,20.0
1163536557,30.0
1163536558,30.0
1163536559,30.0
1163536560,30.0
1163536561,30.0
1163536562,30.0
1163536563,30.0
1163536564,30.0
1163536565,30.0
1163536566,30.0
1163536567,30.0
1163540781,30.0
1163540782,30.0
1163540783,20.0
1163540784,30.0
1163540785,30.0
1163540786,20.0
1163803853,30.0
1163837190,50.0
1163837191,30.0
1163837192,10.0
1163837193,10.0
1163837194,30.0
1164990159,30.0
1164990160,30.0
1164990161,30.0
1164990162,30.0
1164990163,30.0
1164990164,30.0
1164990890,30.0
1164991412,30.0
1164992978,30.0
1164992979,30.0
1164992980,30.0
1164993812,30.0
1164993813,30.0
1164995002,30.0
1164995003,30.0
1165514213,20.0
1165514739,20.0
1166028063,20.0
1166028064,20.0
1166028065,20.0
1166028066,20.0
1166028313,20.0
1166028969,20.0
1166028970,20.0
1166028971,20.0
1166028972,20.0
1166028973,20.0
1166028974,30.0
1166028975,30.0
1166033457,20.0
1166096254,50.0
1166096255,30.0
1166096256,50.0
1166096257,30.0
1166096258,50.0
1166096259,50.0
1166096260,30.0
1166096261,50.0
1166096262,60.0
1166096263,60.0
1166096264,60.0
1166096265,20.0
1166096266,20.0
1166096267,60.0
1166119568,50.0
1166119569,50.0
1166119570,50.0
1166119571,50.0
1166119572,50.0
1166296891,20.0
1167821497,30.0
1167844684,30.0
1167844685,50.0
1167936138,50.0
1167936139,45.0
1167936140,45.0
1167936141,40.0
1167936142,50.0
1167936143,50.0
1167936144,50.0
1167936145,50.0
1167936146,50.0
1167936147,80.0
1167936148,50.0
1167936149,50.0
1167936150,50.0
1167936151,45.0
1167936152,45.0
1167936153,45.0
1167936154,45.0
1167936155,45.0
1167936156,30.0
1167936157,30.0
1167936158,30.0
1167936159,30.0
1167936160,30.0
1167936161,30.0
1167936162,30.0
1167936163,45.0
1167936164,45.0
1167936165,45.0
1167936166,45.0
1167936167,50.0
1167936168,50.0
1169029026,30.0
1169790050,30.0
1169790051,30.0
1169790052,30.0
1169790053,30.0
1169790054,30.0
1169790055,30.0
1169790056,30.0
1169790057,30.0
1169790058,30.0
1169790059,30.0
1169790060,30.0
1169790061,30.0
1169790062,30.0
1169790063,30.0
1170875631,80.0
1170875632,80.0
1170875633,50.0
1170875634,50.0
1170875635,50.0
1170875636,50.0
1170875637,80.0
1170875638,80.0
1171053094,20.0
1171053095,20.0
1171054962,20.0
1171054963,20.0
1171054964,20.0
1171055967,30.0
1171059368,30.0
1171059369,30.0
1171059370,30.0
1171059371,30.0
1171110120,50.0
1171110121,50.0
1171110122,40.0
1171110123,40.0
1171110124,45.0
1171110125,50.0
1171110126,10.0
1171110127,50.0
1171110128,50.0
1171110129,50.0
1171110131,50.0
1171110132,50.0
1171110133,50.0
1171110134,50.0
1171110135,50.0
1171110136,50.0
1171110137,50.0
1171110138,40.0
1171110139,40.0
1171454088,20.0
1171454089,20.0
1171454090,20.0
1171454091,30.0
1171464704,20.0
1171464705,20.0
1171464706,20.0
1171464707,20.0
1171464708,20.0
1171532379,60.0
1171532380,60.0
1171532381,60.0
1171532382,60.0
1171532383,30.0
1171532384,30.0
1171532385,30.0
1171532386,60.0
1171532387,60.0
1171554030,50.0
1171554031,50.0
1171554032,50.0
1171554033,50.0
1171554034,50.0
1171554035,50.0
1171554036,50.0
1171554037,50.0
1171554038,50.0
1171577065,50.0
1171577066,50.0
1171577067,50.0
1171577068,50.0
1171577069,50.0
1171645396,80.0
1171645397,80.0
1171645398,80.0
1171661596,50.0
1171661597,50.0
1171661598,50.0
1172073579,50.0
1172073580,50.0
1172073581,30.0
1172073582,30.0
1172073583,20.0
1172073584,20.0
1172073585,80.0
1172073586,80.0
1172073587,50.0
1172073588,50.0
1172073589,30.0
1172073590,45.0
1172073591,45.0
1172073592,45.0
1172073593,45.0
1172073598,50.0
1172091852,30.0
1172382838,80.0
1172382839,80.0
1172382840,80.0
1172382842,50.0
1172382843,50.0
1172382844,50.0
1172382845,50.0
1172382846,50.0
1172382847,50.0
1172382848,50.0
1172382849,80.0
1172382850,80.0
1172382851,50.0
1172382852,50.0
1172411116,30.0
1172425433,50.0
1172425434,50.0
1172425435,50.0
1172425436,50.0
1172447576,50.0
1172447577,50.0
1172447579,50.0
1172447580,50.0
1172447581,50.0
1172447582,50.0
1173008674,50.0
1173008675,50.0
1173008676,30.0
1173008677,30.0
1173008678,50.0
1173008679,50.0
1173008680,50.0
1173008681,50.0
1173008682,50.0
1173008683,50.0
1173008684,50.0
1173008685,50.0
1173008686,50.0
1173008687,50.0
1173008688,50.0
1173008689,50.0
1173033212,50.0
1173072213,60.0
1173072216,50.0
1173080592,30.0
1173080593,50.0
1173080594,50.0
1173080595,30.0
1173088820,50.0
1173088821,50.0
1173088822,50.0
1173188519,20.0
1173205372,20.0
1173205373,20.0
1173205374,30.0
1173243009,60.0
1173253481,60.0
1173253482,60.0
1173253483,60.0
1173253484,50.0
1173253485,30.0
1173253486,60.0
1173253487,40.0
1173253488,40.0
1173253489,60.0
1173268588,50.0
1173268589,50.0
1173268590,50.0
1173268591,50.0
1173268592,50.0
1173268593,50.0
1173376092,50.0
1173376093,40.0
1173376094,40.0
1173376095,40.0
1173376096,40.0
1173504830,30.0
1173504831,30.0
1173512376,50.0
1173512377,50.0
1173512378,30.0
1173512379,30.0
1173512380,30.0
1173512381,30.0
1173620110,50.0
1173682069,50.0
1173682070,50.0
1173682071,50.0
1173682072,50.0
1173745436,50.0
1173753414,30.0
1173753415,50.0
1173753416,50.0
1173753417,50.0
1173763886,50.0
1173763887,30.0
1173763888,30.0
1173763889,50.0
1173763890,50.0
1173763891,50.0
1173763892,50.0
1173778270,50.0
1173778271,40.0
1173778272,50.0
1173778273,50.0
1173784645,50.0
1173784646,50.0
1173784647,50.0
1173784648,50.0
1173784649,50.0
1173791367,50.0
1173903434,50.0
1173922471,50.0
1173922472,50.0
1173922473,50.0
1173949728,50.0
1173949729,50.0
1173949730,50.0
1173960348,50.0
1173960349,50.0
1173967663,50.0
1173967664,50.0
1173967665,50.0
1173995754,50.0
1173995755,30.0
1173995756,30.0
1173995757,50.0
1174014319,80.0
1174014320,80.0
1174014321,80.0
1174065346,10.0
1174065347,45.0
1174065348,50.0
1174065349,50.0
1174065350,50.0
1174065351,50.0
1174266098,40.0
1174266099,50.0
1174266100,50.0
1174266101,50.0
1174266102,30.0
1174266103,30.0
1174266104,30.0
1174266105,60.0
1174266106,60.0
1174268868,50.0
1174274676,80.0
1174274677,80.0
1174323969,80.0
1174327123,50.0
1174327124,50.0
1174442570,50.0
1174442571,50.0
1174517610,80.0
1174556900,50.0
1174556901,80.0
1174581795,50.0
1174581796,80.0
1174581797,80.0
1174616303,80.0
1174616304,50.0
1174632389,50.0
1174632390,50.0
1174716140,50.0
1174716141,50.0
1174754502,50.0
1174754503,50.0
1174908073,50.0
1175021557,50.0
1175021558,50.0
1175039384,50.0
1175039385,50.0
1175042627,50.0
1175387136,50.0
1175387137,50.0
1175518285,30.0
1175587158,50.0
1175587159,50.0
1175598877,50.0
1175598878,50.0
1175598879,50.0
1175598880,50.0
1175598881,50.0
1175598882,50.0
1175618689,45.0
1175618690,30.0
1175618691,30.0
1175618692,30.0
1175618693,45.0
1175618695,45.0
1175631233,45.0
1175631235,45.0
1175631239,45.0
1175647838,50.0
1175647839,50.0
1175736020,50.0
1175736021,50.0
1175739683,50.0
1175751638,50.0
1175751639,50.0
1175758006,50.0
1175758007,50.0
1175761889,50.0
1175761890,50.0
1175844484,45.0
1175844485,45.0
1175844488,50.0
1175844489,30.0
1175844490,30.0
1175844491,45.0
1175860063,50.0
1175860064,50.0
1175871545,25.0
1175871546,50.0
1175871547,50.0
1175881759,50.0
1175976362,50.0
1175976363,50.0
1175976364,50.0
1175976365,50.0
1175976366,45.0
1175980197,30.0
1175980198,60.0
1175980199,60.0
1175980200,30.0
1175980201,60.0
1175980202,60.0
1175993865,45.0
1175993866,50.0
1175993867,30.0
1175993868,50.0
1175993869,45.0
1176121148,30.0
1176155644,30.0
1176155645,30.0
1176244259,50.0
1176299509,30.0
1176299510,30.0
1176299511,50.0
1176305611,50.0
1176305612,50.0
1176316974,50.0
1176345418,30.0
1176345419,45.0
1176345420,50.0
1176345421,50.0
1176352882,50.0
1176352883,50.0
1176617612,50.0
1176617613,50.0
1176625443,45.0
1176625444,40.0
1176625445,45.0
1176625446,45.0
1176645379,30.0
1176645380,50.0
1176645381,50.0
1176666664,40.0
1176666665,40.0
1176666666,50.0
1176666667,50.0
1176666668,50.0
1176666669,40.0
1176877882,30.0
1176877883,30.0
1176877884,30.0
1176877885,45.0
1176877886,45.0
1176877887,45.0
1176877888,30.0
1176877889,45.0
1176877890,45.0
1176877891,50.0
1176917239,50.0
1176917240,50.0
1176922841,50.0
1176922842,50.0
1176936221,40.0
1176936222,50.0
1176939979,50.0
1177046813,50.0
1177046814,50.0
1177097189,30.0
1177097190,50.0
1177097191,50.0
1177097192,50.0
1177176018,40.0
1177199825,45.0
1177199827,45.0
1177199828,45.0
1177219019,50.0
1177219020,50.0
1177226354,50.0
1177226355,50.0
1177282550,50.0
1177282551,50.0
1177291593,45.0
1177318558,50.0
1177318559,50.0
1177318560,10.0
1177318561,10.0
1180160681,20.0
1180160682,20.0
1180184471,50.0
1180184472,50.0
1180184473,50.0
1180184474,50.0
1180184475,50.0
1180184476,20.0
1180184477,20.0
1180184478,10.0
1180194787,10.0
1180194788,10.0
1180208468,50.0
1180208469,45.0
1180208470,50.0
1180208471,50.0
1180208472,45.0
1180218533,50.0
1180218534,50.0
1180218535,50.0
1180218536,50.0
1180218537,45.0
1180218538,45.0
1180218539,36.0
1180362265,30.0
1180362266,30.0
1180426649,50.0
1180455632,10.0
1180455633,10.0
1180460580,30.0
1180485087,50.0
1180485088,50.0
1180611313,50.0
1180611314,50.0
1181290969,30.0
1181290970,30.0
1181300395,50.0
1181326887,50.0
1181326888,30.0
1181326889,30.0
1181326890,30.0
1181326891,30.0
1181326892,30.0
1181326893,30.0
1181326894,30.0
1181326895,50.0
1181326896,50.0
1181326897,45.0
1181326898,25.0
1181331835,30.0
1181331836,30.0
1181341102,50.0
1181341103,50.0
1181341104,30.0
1181713654,30.0
1181713655,30.0
1181713656,30.0
1181713657,30.0
1181713658,30.0
1181713659,30.0
1181713660,30.0
1181713661,40.0
1181713662,30.0
1181713663,30.0
1181713664,30.0
1181713665,30.0
1181713666,30.0
1181713667,30.0
1181713668,30.0
1181713669,30.0
1181713670,30.0
1181713671,40.0
1181713672,45.0
1181719457,50.0
1181724757,50.0
1181724758,50.0
1181724759,50.0
1181724760,50.0
1181748476,50.0
1181748477,50.0
1181748478,40.0
1181777364,50.0
1181777365,50.0
1181781069,45.0
1181781070,30.0
1181781071,30.0
1181781072,50.0
1181781073,45.0
1181788107,40.0
1181788108,40.0
1182391270,20.0
1182469625,30.0
1182469626,30.0
1183374324,50.0
1183374325,50.0
1183374326,25.0
1183374327,45.0
1183374330,50.0
1183374331,50.0
1183379428,25.0
1183379429,30.0
1183379430,30.0
1183379431,40.0
1183379432,45.0
1183379433,40.0
1183379434,40.0
1183379435,30.0
1183379436,30.0
1183379437,30.0
1183379438,45.0
1183379439,45.0
1183383978,40.0
1183383979,40.0
1183383980,40.0
1183389109,30.0
1183389110,45.0
1183389111,30.0
1183389112,30.0
1183402468,50.0
1183417618,45.0
1183417619,45.0
1183417620,45.0
1183431034,50.0
1183431035,50.0
1183435938,50.0
1183435939,50.0
1183435940,50.0
1183607645,30.0
1183607646,30.0
1183607647,30.0
1183607648,20.0
1183607649,20.0
1183607650,20.0
1183607651,20.0
1183635159,40.0
1183635160,45.0
1183635161,45.0
1183635162,45.0
1183635163,45.0
1183635164,50.0
1183640800,50.0
1183640801,45.0
1183640802,45.0
1183640804,45.0
1183640805,45.0
1183640806,50.0
1183640807,45.0
1183683027,50.0
1183687962,80.0
1183696210,50.0
1183696211,50.0
1183705283,50.0
1183705284,32.0
1183705286,50.0
1183705288,50.0
1183705289,50.0
1183834309,20.0
1183834310,30.0
1183834311,20.0
1183834312,30.0
1183834313,30.0
1183834314,30.0
1183835850,20.0
1183835851,30.0
1183837349,20.0
1183837350,20.0
1183837351,20.0
1183837352,30.0
1183837353,30.0
1183837354,20.0
1183837355,20.0
1183852953,45.0
1183856792,30.0
1183856793,30.0
1183856794,30.0
1183856795,30.0
1183856796,30.0
1183856797,30.0
1183856798,30.0
1183856799,30.0
1183856800,30.0
1183856801,30.0
1183868783,30.0
1183868784,30.0
1183868785,30.0
1183868786,30.0
1183868787,20.0
1183880694,30.0
1183880695,20.0
1183880696,20.0
1183880697,20.0
1183880698,20.0
1183880699,30.0
1183880700,30.0
1183941090,50.0
1183941092,50.0
1183961938,50.0
1183961939,50.0
1183970722,50.0
1183970723,40.0
1183970724,50.0
1183970725,50.0
1183970726,40.0
1183980580,50.0
1183980581,40.0
1183980582,40.0
1183980583,30.0
1183980584,50.0
1183980585,30.0
1183980586,50.0
1183980587,50.0
1183980588,50.0
1184178586,50.0
1184189663,50.0
1184196037,50.0
1184196038,50.0
1184196039,40.0
1184196040,40.0
1184196041,50.0
1184196042,50.0
1184217934,50.0
1184217935,50.0
1184217936,50.0
1184217937,40.0
1184217938,40.0
1184223476,30.0
1184223477,50.0
1184223478,30.0
1184223479,30.0
1184223480,50.0
1184223481,50.0
1184244266,30.0
1184244267,45.0
1184244268,40.0
1184244269,40.0
1184244270,40.0
1184244271,45.0
1184244272,30.0
1184244273,40.0
1184244274,45.0
1184264180,60.0
1184264181,80.0
1184275944,50.0
1184275945,50.0
1184275946,50.0
1184275947,30.0
1184377939,20.0
1184377940,20.0
1184377941,20.0
1184377942,20.0
1184377943,20.0
1184387219,45.0
1184413484,30.0
1184413485,30.0
1184413486,30.0
1184413487,30.0
1184413488,30.0
1184413489,30.0
1184413490,30.0
1184413491,30.0
1184895580,30.0
1184895581,30.0
1184895582,30.0
1184895583,30.0
1184895584,30.0
1184895585,30.0
1184895586,40.0
1184895587,32.0
1184895588,24.0
1184895589,32.0
1184895590,32.0
1184895591,32.0
1184895592,30.0
1184895593,32.0
1184901033,30.0
1184901034,25.0
1184901035,30.0
1184901036,30.0
1184901038,20.0
1184901039,20.0
1184901040,20.0
1184901041,20.0
1184902693,30.0
1184902694,24.0
1184902695,30.0
1184902696,30.0
1184902697,30.0
1184902698,30.0
1184962933,45.0
1184970328,45.0
1184982115,30.0
1184982118,30.0
1184982119,30.0
1184982120,30.0
1184982121,30.0
1184982122,30.0
1185046812,30.0
1185046813,30.0
1185187169,20.0
1185187170,20.0
1185187171,20.0
1185489999,50.0
1185517515,45.0
1185517516,45.0
1185551926,45.0
1185551927,30.0
1185551928,30.0
1185661185,20.0
1185661186,20.0
1185661187,20.0
1185878720,20.0
1185878721,20.0
1185878722,30.0
1185879527,30.0
1187520585,20.0
1187520586,20.0
1187520587,20.0
1187520588,30.0
1187520589,20.0
1187520590,30.0
1187520591,30.0
1187520592,30.0
1187612136,16.0
1187612904,20.0
1187613559,20.0
1187614182,16.0
1187614421,25.0
1187614840,20.0
1187616794,20.0
1187617424,16.0
1187617425,20.0
1187769749,20.0
1187769750,20.0
1187769751,20.0
1187769752,20.0
1187986580,20.0
1187986581,30.0
1187986582,30.0
1187986583,30.0
1187986584,30.0
1187986585,30.0
1188061381,40.0
1188236491,50.0
1188236492,30.0
1188236493,40.0
1188236494,45.0
1188236495,50.0
1188248423,50.0
1188258758,10.0
1188263266,50.0
1188276285,40.0
1188276286,50.0
1188276287,50.0
1188276288,40.0
1188282223,50.0
1188282224,50.0
1188306059,50.0
1188316234,45.0
1188322073,50.0
1188322074,50.0
1188339684,50.0
1188339685,50.0
1188346593,10.0
1188404508,50.0
1188404509,50.0
1188404510,50.0
1188407057,50.0
1188407058,40.0
1188407059,40.0
1188435968,45.0
1188435969,45.0
1188435970,50.0
1188448265,50.0
1188448266,50.0
1188448267,50.0
1188448268,45.0
1188448269,30.0
1188448270,50.0
1188448271,50.0
1188448272,50.0
1188454381,50.0
1188454382,50.0
1188454383,50.0
1188454384,50.0
1188464791,50.0
1188464792,50.0
1188464793,50.0
1188464794,50.0
1188464795,50.0
1188464796,50.0
1188474886,50.0
1188474887,45.0
1188474888,30.0
1188474889,30.0
1188474890,30.0
1188474891,30.0
1188474892,45.0
1188474893,45.0
1188474894,50.0
1188474895,30.0
1188482591,50.0
1188482592,50.0
1188482593,50.0
1188482594,60.0
1188482595,60.0
1188482596,50.0
1188501748,50.0
1188501749,40.0
1188501750,30.0
1188501751,30.0
1188501752,30.0
1188501753,30.0
1188501754,50.0
1188501755,40.0
1188581808,60.0
1188581809,30.0
1188581810,30.0
1188581811,30.0
1188581812,30.0
1188581813,30.0
1188581814,50.0
1188581815,60.0
1188586758,50.0
1188586759,60.0
1188600743,20.0
1188600744,30.0
1188600745,20.0
1188600746,20.0
1188600747,30.0
1188600961,50.0
1188603979,50.0
1188603980,50.0
1188621662,60.0
1188628002,50.0
1188633588,50.0
1188633589,50.0
1188633590,50.0
1188646477,50.0
1188646478,50.0
1188685450,50.0
1188900765,50.0
1189232502,30.0
1189232503,20.0
1189288613,20.0
1189288614,30.0
1189288615,30.0
1189292819,20.0
1189292820,20.0
1189292821,20.0
1189292822,20.0
1189292823,20.0
1189292824,30.0
1189560653,30.0
1190029861,30.0
1190029862,30.0
1190029864,30.0
1190029865,30.0
1190029867,30.0
1190070578,30.0
1190070579,30.0
1190070580,30.0
1190070581,30.0
1190102594,20.0
1190102595,20.0
1190102596,20.0
1190102597,20.0
1190530526,20.0
1190530527,20.0
1190530528,20.0
1190530529,20.0
1190530530,20.0
1190530531,20.0
1190834947,50.0
1190834948,50.0
1190834949,40.0
1190834950,20.0
1191963151,20.0
1191963152,20.0
1191963153,20.0
1191963154,30.0
1191963155,20.0
1191976798,20.0
1192009656,20.0
1192009657,30.0
1192009658,20.0
1192865881,50.0
1192865882,50.0
1192865883,50.0
1192865884,50.0
1192865885,50.0
1192865886,50.0
1192865887,50.0
1192865888,50.0
1192865889,50.0
1192865890,50.0
1192865891,50.0
1192865892,50.0
1192865893,50.0
1192865894,50.0
1192865895,50.0
1192865896,50.0
1193466217,30.0
1193466218,30.0
1193466219,30.0
1193466220,30.0
1193466221,30.0
1193466222,30.0
1193466223,30.0
1193471550,30.0
1193493716,30.0
1193493717,30.0
1193493718,30.0
1193493719,30.0
1193892375,20.0
1193892376,20.0
1193892377,20.0
1193892378,20.0
1193892379,30.0
1193892380,20.0
1193892381,30.0
1193892382,30.0
1193892383,20.0
1193892384,20.0
1193894012,20.0
1193894013,20.0
1193894014,30.0
1193894015,30.0
1193894016,20.0
1193894017,30.0
1193894018,20.0
1193894019,20.0
1193894020,20.0
1193895151,30.0
1193895152,30.0
1193895525,30.0
1193993374,20.0
1193993376,20.0
1193993378,20.0
1193993379,20.0
1193993530,20.0
1194001343,60.0
1194603080,30.0
1194603081,20.0
1194603082,20.0
1194603083,20.0
1194603084,20.0
1195526769,20.0
1195526770,20.0
1195526771,20.0
1195526772,20.0
1195526773,20.0
1195527047,20.0
1195527048,20.0
1195527049,20.0
1195527050,20.0
1195527051,20.0
1195527052,30.0
1196262555,30.0
1196262556,30.0
1196262557,30.0
1196298806,30.0
1196298807,20.0
1196298808,20.0
1196320280,25.0
1196320281,25.0
1196320345,30.0
1196320347,30.0
1196320383,25.0
1196320384,25.0
1196662321,30.0
1196662322,20.0
1196662323,30.0
1196662324,20.0
1196662325,30.0
1196662326,30.0
1196662327,30.0
1196662328,30.0
1196662329,20.0
1196662330,30.0
1196662331,30.0
1196673534,30.0
1197966607,20.0
1197966608,20.0
1198529320,20.0
1198529321,30.0
1198529322,20.0
1198529323,20.0
1198529324,30.0
1198529325,20.0
1198529326,20.0
1198529327,20.0
1198529328,30.0
1199358266,20.0
1199358267,20.0
1199358268,30.0
1199358269,20.0
1201590669,30.0
1201590670,30.0
1201590671,30.0
1201590672,30.0
1201590673,30.0
1201590674,30.0
1201590675,30.0
1201590676,30.0
1201590677,30.0
1201590678,30.0
1201590679,30.0
1201590680,30.0
1201590681,30.0
1201591886,20.0
1201591887,20.0
1201591888,30.0
1201591889,20.0
1201591890,20.0
1201591891,20.0
1201591892,20.0
1201591893,20.0
1201591894,20.0
1201591895,20.0
1201591896,30.0
1201591897,20.0
1201591898,20.0
1201591899,20.0
1201591900,20.0
1201591901,20.0
1201591902,20.0
1201621483,30.0
1201621484,30.0
1201719175,30.0
1201719176,30.0
1201719177,60.0
1201719178,60.0
1201719181,60.0
1201719182,90.0
1201719183,90.0
1201719184,90.0
1201719185,90.0
1201719186,60.0
1201719187,50.0
1202277920,30.0
1202277921,24.0
1202277924,24.0
1202277926,20.0
1202277928,45.0
1202277929,45.0
1202277934,50.0
1202277935,50.0
1202686277,20.0
1202686278,20.0
1202702311,20.0
1202702313,20.0
1202702340,20.0
1203329304,20.0
1203329305,20.0
1203329306,45.0
1203329307,20.0
1203379938,20.0
1203379939,30.0
1203379940,30.0
1203379941,30.0
1203379942,30.0
1203379943,30.0
1203379944,30.0
1203379945,30.0
1203379946,30.0
1203380228,30.0
1203381601,20.0
1203383860,30.0
1203383861,20.0
1203383862,30.0
1203383863,30.0
1203383864,30.0
1203383865,30.0
1203384299,30.0
1203385095,30.0
1203385096,20.0
1203385097,20.0
1203509482,20.0
1203509483,20.0
1203509484,20.0
1203509485,20.0
1203509486,20.0
1203509487,20.0
1203509488,20.0
1203509489,20.0
1203509491,20.0
1203518817,45.0
1203518819,20.0
1203863560,30.0
1203863561,30.0
1203863562,30.0
1203863563,30.0
1204062687,30.0
1204276683,50.0
1204790901,20.0
1204790902,20.0
1204790903,20.0
1204790904,20.0
1204803849,20.0
1204803850,20.0
1204803851,20.0
1204803852,20.0
1204803853,20.0
1204850108,45.0
1205365716,20.0
1205365717,30.0
1205365718,30.0
1205365719,30.0
1205365908,30.0
1205365909,30.0
1205365910,30.0
1205368015,20.0
1205368016,20.0
1205368474,20.0
1205368475,20.0
1205481775,80.0
1205481776,50.0
1205481777,50.0
1205481778,50.0
1205481779,50.0
1205481780,50.0
1205481781,40.0
1205481782,45.0
1205481783,30.0
1205481784,30.0
1205481785,30.0
1205481786,30.0
1205481787,30.0
1205481788,30.0
1205481789,30.0
1205481790,30.0
1205481791,30.0
1206018728,20.0
1206018729,20.0
1206020814,30.0
1207332973,30.0
1207332974,30.0
1207332975,30.0
1207332976,30.0
1207332977,30.0
1207332978,30.0
1207332979,30.0
1207334032,30.0
1207334033,30.0
1207334034,20.0
1207339784,20.0
1207341395,20.0
1207341396,30.0
1208483010,25.0
1208483011,20.0
1208483012,25.0
1208483015,25.0
1208483016,50.0
1208483019,25.0
1208483020,25.0
1208483021,25.0
1208704566,20.0
1208704567,30.0
1208704568,30.0
1208704569,30.0
1208704570,30.0
1208704571,30.0
1208704572,30.0
1208704573,30.0
1209930681,30.0
1209930682,30.0
1209930683,30.0
1209930684,30.0
1209930685,30.0
1209930686,30.0
1211077736,30.0
1211734944,20.0
1211734945,20.0
1211734946,30.0
1211734947,20.0
1211734948,20.0
1211734949,20.0
1211734950,20.0
1211734951,20.0
1211734952,20.0
1211734953,20.0
1211734954,20.0
1211738753,30.0
1211738754,30.0
1211738755,30.0
1211738756,30.0
1211738757,30.0
1211738758,30.0
1211738759,30.0
1211738760,30.0
1211738761,30.0
1211738762,30.0
1211738763,30.0
1211738764,30.0
1211738765,30.0
1212642059,30.0
1212642060,30.0
1212642061,30.0
1212642062,30.0
1212642063,30.0
1213191325,30.0
1213191326,30.0
1213200893,30.0
1213200894,30.0
1213200895,30.0
1213200896,30.0
1213200897,30.0
1213200898,30.0
1213200899,30.0
1213200900,30.0
1213204003,20.0
1213204004,20.0
1213207507,30.0
1213207508,30.0
1213207509,30.0
1213207510,30.0
1213207511,30.0
1213207512,30.0
1213207513,30.0
1213207514,30.0
1213211193,30.0
1213211194,30.0
1213211195,30.0
1213211196,30.0
1213211197,30.0
1213211198,30.0
1213211199,30.0
1213218167,30.0
1213218168,30.0
1213218169,30.0
1213219458,30.0
1213219459,30.0
1213219460,30.0
1213219461,30.0
1213219462,30.0
1213219463,30.0
1213219464,30.0
1213219465,30.0
1213219466,30.0
1213220220,30.0
1213220221,30.0
1213220222,30.0
1213220223,30.0
1213220719,30.0
1213220720,30.0
1213224376,30.0
1213224377,30.0
1213224378,30.0
1213224379,30.0
1213224380,30.0
1213224381,30.0
1213225438,30.0
1213225439,30.0
1213225440,30.0
1213229992,30.0
1213229993,30.0
1213229994,30.0
1213229995,30.0
1213229996,30.0
1213229997,30.0
1213229998,30.0
1213232589,30.0
1213235297,30.0
1213235298,30.0
1213237085,30.0
1213237086,30.0
1213237087,30.0
1213237088,30.0
1213237673,30.0
1213237674,30.0
1213237834,30.0
1213237835,30.0
1213238847,30.0
1213243565,30.0
1213244618,30.0
1213244619,30.0
1213245844,30.0
1213245845,30.0
1213245846,30.0
1213246676,30.0
1213248206,30.0
1213248207,30.0
1213248208,30.0
1213248864,30.0
1213248865,30.0
1213248866,30.0
1213250497,30.0
1213250498,30.0
1213250499,30.0
1213250500,30.0
1213250501,30.0
1213251318,30.0
1213252818,30.0
1214281774,30.0
1214281775,30.0
1214281776,30.0
1214281777,30.0
1214281778,30.0
1214281779,30.0
1214281780,30.0
1214281781,30.0
1214281782,30.0
1214281783,30.0
1214281784,30.0
1214281785,30.0
1214448452,30.0
1214448453,30.0
1214448454,30.0
1214448455,30.0
1214448456,30.0
1214448457,30.0
1214448995,30.0
1214449460,30.0
1214450016,30.0
1214450017,30.0
1214450018,30.0
1214450019,30.0
1214450020,30.0
1214450021,30.0
1214450022,30.0
1214450023,30.0
1214450024,30.0
1214450025,30.0
1214451835,30.0
1214451836,30.0
1214451837,30.0
1214451838,30.0
1214453736,30.0
1214453737,30.0
1214453738,30.0
1214453739,30.0
1214453740,30.0
1214453741,30.0
1214453742,30.0
1214453743,30.0
1214454518,30.0
1214454519,30.0
1214454520,30.0
1214455233,30.0
1214455234,30.0
1214455235,30.0
1214455236,30.0
1214455237,30.0
1214455238,30.0
1214455239,30.0
1214455240,30.0
1214455241,30.0
1214455897,30.0
1214455898,30.0
1214456682,30.0
1214461661,30.0
1214461662,30.0
1214461663,30.0
1214462093,30.0
1214462094,30.0
1214462095,30.0
1214464041,30.0
1214465805,20.0
1214468042,30.0
1214483109,30.0
1214483110,30.0
1214483111,30.0
1214483112,30.0
1214483113,30.0
1214483114,30.0
1214483115,30.0
1214483116,30.0
1214483117,30.0
1214485908,30.0
1214485910,30.0
1214485911,30.0
1214485912,30.0
1214485913,30.0
1214485914,30.0
1214488050,30.0
1214488051,30.0
1214488052,30.0
1214488053,30.0
1214490914,30.0
1214490915,30.0
1214490916,30.0
1214490917,30.0
1214490918,30.0
1214492934,30.0
1214492935,30.0
1214492936,30.0
1214492937,30.0
1214492938,30.0
1214492939,30.0
1214492940,30.0
1214492941,30.0
1214697484,30.0
1214697485,30.0
1214697486,30.0
1214697487,30.0
1214697489,30.0
1214698477,30.0
1214698478,30.0
1214698479,30.0
1214698480,30.0
1214698481,30.0
1214699002,30.0
1214699003,30.0
1214699004,30.0
1214699005,30.0
1214699006,30.0
1214699007,30.0
1214699008,30.0
1214699539,30.0
1214699540,30.0
1214699541,30.0
1214699542,30.0
1214699543,30.0
1214699544,30.0
1214700842,30.0
1214700843,30.0
1214700844,30.0
1214700845,30.0
1214700846,30.0
1214700847,30.0
1214700848,30.0
1214700849,30.0
1214702878,30.0
1214702879,30.0
1214702880,30.0
1214702881,30.0
1214702882,30.0
1214702884,30.0
1214704066,30.0
1214704067,30.0
1214704068,30.0
1214704069,30.0
1214704496,30.0
1214704498,30.0
1214704499,30.0
1214704500,30.0
1214704501,30.0
1214704502,30.0
1214704503,30.0
1214704504,30.0
1214704505,30.0
1214705742,30.0
1214705744,30.0
1214705745,30.0
1214706513,30.0
1214706514,20.0
1214706515,20.0
1214706516,30.0
1214707725,30.0
1214707726,30.0
1214707727,30.0
1214707728,30.0
1214707729,30.0
1214715101,30.0
1214715102,30.0
1214715103,30.0
1214715104,30.0
1214717239,30.0
1214718009,30.0
1214718010,30.0
1214718011,30.0
1214718012,30.0
1214718013,30.0
1214718014,30.0
1214719435,30.0
1214721289,30.0
1214721290,30.0
1214721291,30.0
1214721292,30.0
1214721293,30.0
1214721294,30.0
1214721295,30.0
1214721296,30.0
1214721297,30.0
1214722038,30.0
1214722039,30.0
1214722040,30.0
1214722042,30.0
1214722043,30.0
1214722581,30.0
1214722582,30.0
1214722583,30.0
1214722584,30.0
1214722585,30.0
1214722586,30.0
1214722587,30.0
1214722588,30.0
1214722589,30.0
1214739514,30.0
1214739515,30.0
1214739516,30.0
1214739517,30.0
1214739518,30.0
1214739519,30.0
1214739520,30.0
1214739521,30.0
1214740029,30.0
1214740030,30.0
1214740031,30.0
1214740032,30.0
1214740033,30.0
1214745117,30.0
1214745118,30.0
1214745119,30.0
1214745120,30.0
1214745121,30.0
1214747962,30.0
1214747963,30.0
1214747964,30.0
1214747965,30.0
1214747966,30.0
1214747967,30.0
1214747968,30.0
1214747969,30.0
1214749341,30.0
1214749342,30.0
1214749343,30.0
1214749344,30.0
1214749345,30.0
1214750574,30.0
1214750575,30.0
1214750576,30.0
1214750577,30.0
1214750578,30.0
1214750579,30.0
1214750580,30.0
1214750581,30.0
1214750582,30.0
1214753001,30.0
1214753002,30.0
1214753003,30.0
1214753004,30.0
1214753005,30.0
1214753006,30.0
1214754030,30.0
1214754031,30.0
1214754032,30.0
1214755702,30.0
1214755703,30.0
1214755704,30.0
1214757268,30.0
1214757269,30.0
1214757270,30.0
1214757271,30.0
1216998336,20.0
1216998337,30.0
1216998338,30.0
1216998339,30.0
1217707376,20.0
1217713161,50.0
1217713162,50.0
1217713164,50.0
1218661652,20.0
1218661653,20.0
1218661654,20.0
1218661655,20.0
1218661656,20.0
1218661657,30.0
1218661658,20.0
1218661659,20.0
1218662271,30.0
1218662272,30.0
1218662273,20.0
1218662274,20.0
1219400015,30.0
1219400016,50.0
1221459222,30.0
1221459223,30.0
1221459224,30.0
1221459225,30.0
1221459226,30.0
1221467714,20.0
1221467715,20.0
1221467716,20.0
1221467717,30.0
1221470464,30.0
1221470465,25.0
1221470466,20.0
1221470467,30.0
1221470468,30.0
1221470469,30.0
1222600586,20.0
1224738746,30.0
1224738747,30.0
1224738748,25.0
1225404476,20.0
1225404478,25.0
1225405909,25.0
1225406073,20.0
1225406128,20.0
1226637315,20.0
1226637316,20.0
1226637317,20.0
1226637318,20.0
1226637319,20.0
1226637320,30.0
1226637654,20.0
1227102976,20.0
1227102977,20.0
1227102978,30.0
1227104100,20.0
1227104101,30.0
1227192597,30.0
1227192598,50.0
1227192599,30.0
1227192600,50.0
1227192601,50.0
1227192602,40.0
1227192603,40.0
1227202520,50.0
1227202521,50.0
1227210265,30.0
1227225304,60.0
1227225305,60.0
1227225306,60.0
1227232423,50.0
1227232424,50.0
1227232425,50.0
1227232426,50.0
1227232427,50.0
1227232428,50.0
1227232429,50.0
1227312588,45.0
1227312589,50.0
1227312590,45.0
1227315141,50.0
1227315142,50.0
1227315143,50.0
1227322504,50.0
1227322505,50.0
1227322506,50.0
1227322507,50.0
1227322508,30.0
1227341479,45.0
1227341480,45.0
1227371272,45.0
1227371273,45.0
1227381265,50.0
1227381266,45.0
1227381267,40.0
1227381268,45.0
1227381269,50.0
1227381270,40.0
1227386567,50.0
1227426238,40.0
1227426239,45.0
1227426240,40.0
1227426241,45.0
1227426242,25.0
1227444642,40.0
1227509796,30.0
1227509797,20.0
1227509798,30.0
1227509799,20.0
1227934458,30.0
1227934459,30.0
1227934460,30.0
1227934461,30.0
1227934462,30.0
1227934496,20.0
1227944095,30.0
1227944096,30.0
1227944097,30.0
1227952895,30.0
1227952896,30.0
1227952897,30.0
1227952898,30.0
1227952899,30.0
1227952900,30.0
1227952901,30.0
1227952902,30.0
1227952903,30.0
1227952904,30.0
1227952905,30.0
1227952906,30.0
1227952907,30.0
1227952908,30.0
1227952909,30.0
1227952910,30.0
1227952911,30.0
1227952912,30.0
1227952913,30.0
1227952914,30.0
1227952915,30.0
1227952916,30.0
1227952917,30.0
1227952918,30.0
1227952919,30.0
1227952920,30.0
1227952921,30.0
1227952922,30.0
1227952923,30.0
1227952924,30.0
1227952925,30.0
1227952926,30.0
1227966981,40.0
1227966982,30.0
1227966983,30.0
1227966984,30.0
1227966985,30.0
1227966986,30.0
1227966987,30.0
1227966988,40.0
1227966989,30.0
1227966990,40.0
1227966992,30.0
1227966993,30.0
1227971774,30.0
1227971775,30.0
1227971776,30.0
1227971777,30.0
1227971778,30.0
1227971779,30.0
1227971780,30.0
1227971781,30.0
1227971782,30.0
1227971783,30.0
1227971784,30.0
1227971785,30.0
1227971786,30.0
1227971787,30.0
1227971788,30.0
1227971789,30.0
1227971790,30.0
1227971791,30.0
1227971792,30.0
1227971793,30.0
1227971794,30.0
1227971795,30.0
1227971796,30.0
1227971797,40.0
1227973722,30.0
1227973723,30.0
1227973724,30.0
1227973725,30.0
1227973726,30.0
1227973727,30.0
1227973728,30.0
1227973729,30.0
1227973730,30.0
1227973731,30.0
1227973732,30.0
1227973733,30.0
1227973734,30.0
1227973735,30.0
1227973736,30.0
1227973737,30.0
1227973738,30.0
1228562349,20.0
1228562350,20.0
1228562351,30.0
1228562352,20.0
1229209799,20.0
1229209800,20.0
1229209801,20.0
1229209802,20.0
1229209803,20.0
1229209804,20.0
1229209805,20.0
1229209806,20.0
1229236642,30.0
1229236643,30.0
1229236644,20.0
1229259971,50.0
1229259972,50.0
1229259973,45.0
1229259974,24.0
1229271478,45.0
1229271479,50.0
1229291154,60.0
1229291155,50.0
1229291156,60.0
1229459562,50.0
1229459563,50.0
1229459564,50.0
1229459565,50.0
1229459566,50.0
1229473683,10.0
1229473684,60.0
1229473685,40.0
1229473686,30.0
1229474520,60.0
1229501823,80.0
1229501824,50.0
1229501825,80.0
1229501826,80.0
1229501827,20.0
1229521412,50.0
1229521413,50.0
1229609257,50.0
1229628143,25.0
1229670561,50.0
1229670562,50.0
1229670563,50.0
1229700525,50.0
1229700526,50.0
1229700527,50.0
1229747152,40.0
1229747153,50.0
1229896274,50.0
1229896275,50.0
1229896276,50.0
1229900393,50.0
1229900394,50.0
1229900395,50.0
1229900396,50.0
1229908300,50.0
1229914082,40.0
1229914083,40.0
1229914084,30.0
1229941292,50.0
1230309830,50.0
1230349690,40.0
1230349691,40.0
1230488977,20.0
1230488978,20.0
1230488979,30.0
1230488980,30.0
1230488981,24.0
1230524785,50.0
1230524786,25.0
1230524787,25.0
1230529741,45.0
1230529742,50.0
1230529743,50.0
1230545300,50.0
1230545301,50.0
1230586458,60.0
1230592499,50.0
1230607012,50.0
1230607013,50.0
1230607014,60.0
1230607016,20.0
1230639999,50.0
1230640000,50.0
1230669041,40.0
1230785641,60.0
1230785642,40.0
1230785643,30.0
1230785644,40.0
1230785645,40.0
1230801167,50.0
1230895690,50.0
1230895691,50.0
1230895692,50.0
1231003548,30.0
1231003549,30.0
1231003550,30.0
1231004344,20.0
1231004345,20.0
1231004346,20.0
1231004347,30.0
1231041677,50.0
1231046552,50.0
1231046553,50.0
1231046554,50.0
1231083899,50.0
1231083900,30.0
1231083901,40.0
1231083902,30.0
1231083903,50.0
1231083904,50.0
1231129544,50.0
1231129545,50.0
1231326044,30.0
1231326045,30.0
1231326227,30.0
1231326228,30.0
1231407393,30.0
1231857156,24.0
1231857157,30.0
1231857158,30.0
1231857160,30.0
1232811309,30.0
1232811310,30.0
1232811311,20.0
1232811312,30.0
1232811313,30.0
1232811314,30.0
1232820515,30.0
1232820516,30.0
1232820517,30.0
1232836848,30.0
1236162218,20.0
1236162219,30.0
1236162220,30.0
1236163279,30.0
1236163280,30.0
1236163281,30.0
1236163282,30.0
1236163283,30.0
1236542424,30.0
1236741749,30.0
1236741750,30.0
1237938662,30.0
1237938663,30.0
1237938664,30.0
1237938665,30.0
1237938666,30.0
1237938667,30.0
1237943384,20.0
1237943385,20.0
1237943386,20.0
1237943387,30.0
1237943388,20.0
1237943389,20.0
1237943390,20.0
1237943391,20.0
1237943392,20.0
1237943393,20.0
1237943394,20.0
1237943395,20.0
1237943396,20.0
1237943397,20.0
1237943398,20.0
1237943399,20.0
1237950147,30.0
1237950148,30.0
1238233572,30.0
1238233573,30.0
1238233574,30.0
1238233575,30.0
1238233576,30.0
1238233577,30.0
1238233578,30.0
1238233579,30.0
1238233580,30.0
1238233581,30.0
1238233582,30.0
1238233583,30.0
1238233584,30.0
1238233585,30.0
1238521639,60.0
1238531081,50.0
1238531082,50.0
1238531083,45.0
1238531084,45.0
1238687920,30.0
1238690761,30.0
1238690762,50.0
1238693786,50.0
1238693787,60.0
1238693788,50.0
1238693789,45.0
1238800911,20.0
1239423864,50.0
1239423865,50.0
1239423866,50.0
1239423867,50.0
1239936323,30.0
1239936324,30.0
1239936325,40.0
1239936326,40.0
1239936327,30.0
1239944598,30.0
1239944599,30.0
1239944600,30.0
1239944601,30.0
1240096081,50.0
1240418650,50.0
1240418651,50.0
1240418652,10.0
1240418653,45.0
1240418654,45.0
1240418655,45.0
1240418656,30.0
1240846728,50.0
1241931503,50.0
1241931504,50.0
1242225470,50.0
1242225471,30.0
1242757742,20.0
1242757743,30.0
1242757744,30.0
1242757745,30.0
1242757746,20.0
1242757747,20.0
1242757748,20.0
1242757749,20.0
1242757750,20.0
1242757751,20.0
1242757752,20.0
1242757753,20.0
1243113923,30.0
1244572246,40.0
1244572247,50.0
1244572248,50.0
1244572249,50.0
1244572250,50.0
1244572251,30.0
1244572252,50.0
1244572253,50.0
1244572254,50.0
1244786151,20.0
1244786152,20.0
1244822688,20.0
1244822689,20.0
1244822690,30.0
1244822691,30.0
1245828925,30.0
1245828926,30.0
1246252100,30.0
1246252103,20.0
1246782907,30.0
1246782908,30.0
1246782909,30.0
1246803484,30.0
1246803485,30.0
1246803486,30.0
1246803487,30.0
1246803488,30.0
1246803489,30.0
1246803490,30.0
1246803491,30.0
1246809175,30.0
1246809176,30.0
1246809177,30.0
1246809178,30.0
1248124414,24.0
1249483164,30.0
1249579858,30.0
1249579859,30.0
1252043976,80.0
1252043977,80.0
1252043978,80.0
1252043979,80.0
1252221448,30.0
1252221449,30.0
1252221450,30.0
1252221451,30.0
1252221452,30.0
1252668669,30.0
1252668670,30.0
1252668671,30.0
1252668672,30.0
1252668673,30.0
1252668674,30.0
1252668675,30.0
1252668676,30.0
1252668677,30.0
1253116873,30.0
1253116874,30.0
1253116875,20.0
1253116876,30.0
1253116877,30.0
1253600570,30.0
1253600571,30.0
1253600572,30.0
1253600573,30.0
1253600574,30.0
1253600575,30.0
1253600576,30.0
1253600577,30.0
1253600578,30.0
1253600579,30.0
1253600580,30.0
1253600581,30.0
1253602139,30.0
1254877527,20.0
1254877528,30.0
1254877529,30.0
1254877530,30.0
1255220739,30.0
1255223644,30.0
1255236202,30.0
1255236203,30.0
1255236204,30.0
1255236205,30.0
1255236206,30.0
1255236207,30.0
1255236208,30.0
1255236209,30.0
1255290311,30.0
1255290312,30.0
1255290313,30.0
1255290314,30.0
1255290315,30.0
1255290316,30.0
1255290317,30.0
1255290318,30.0
1255290319,30.0
1255290320,30.0
1255290321,30.0
1255290322,30.0
1255290323,30.0
1255290324,30.0
1255290325,30.0
1255290326,30.0
1255290327,30.0
1255501483,20.0
1255501484,30.0
1255501485,30.0
1255501486,30.0
1255501487,30.0
1255812679,30.0
1255812680,30.0
1255812681,30.0
1255812682,30.0
1255812683,30.0
1255812684,30.0
1255812685,30.0
1255812686,30.0
1255812687,30.0
1255812688,30.0
1255812689,30.0
1255812690,30.0
1255812691,30.0
1255812692,30.0
1255812693,30.0
1255812694,30.0
1255812695,30.0
1255812696,30.0
1255812697,30.0
1255812698,30.0
1255812699,30.0
1255812700,30.0
1255812701,30.0
1255812702,30.0
1255812703,30.0
1255812704,30.0
1255812705,30.0
1255812706,30.0
1255812707,30.0
1255812708,30.0
1255812709,30.0
1255812710,30.0
1255812711,30.0
1255812712,30.0
1255812713,30.0
1255812714,30.0
1255812715,30.0
1255812716,30.0
1255812717,30.0
1255812718,30.0
1255812719,30.0
1255812720,30.0
1255812721,30.0
1255812722,30.0
1255812723,30.0
1255812724,30.0
1255812725,30.0
1255812726,30.0
1255812727,30.0
1255812728,30.0
1255815534,20.0
1255815535,30.0
1255815536,30.0
1255815537,30.0
1255815538,30.0
1255815539,30.0
1255815540,30.0
1255815541,30.0
1255815542,30.0
1255815543,30.0
1255815544,30.0
1255815545,30.0
1255815546,30.0
1255815547,30.0
1255815548,30.0
1255815549,30.0
1255815550,30.0
1255815551,30.0
1255815552,30.0
1255815553,30.0
1255815554,30.0
1255815555,30.0
1255815556,30.0
1255815557,30.0
1255815558,30.0
1255815559,30.0
1255815560,30.0
1255815561,30.0
1255815562,30.0
1255815563,30.0
1255815564,30.0
1255815565,30.0
1255815566,30.0
1255815567,30.0
1255815568,30.0
1255815569,30.0
1255815570,30.0
1255815571,30.0
1255815572,30.0
1255815573,30.0
1255815574,30.0
1255815575,30.0
1255815576,30.0
1255815577,30.0
1255830450,20.0
1255830451,20.0
1255830452,20.0
1255830453,20.0
1255830454,20.0
1255830455,30.0
1255830456,30.0
1255830457,30.0
1255830458,30.0
1255830459,30.0
1255830460,30.0
1255830461,30.0
1255830462,30.0
1255830463,30.0
1255830464,30.0
1255830465,30.0
1255830466,30.0
1255830467,30.0
1255830468,30.0
1255830469,30.0
1255830470,30.0
1255830471,30.0
1255830472,30.0
1255830473,30.0
1255830474,30.0
1255830475,30.0
1255830476,30.0
1255830477,20.0
1255830478,30.0
1255830479,30.0
1255830480,30.0
1255830481,30.0
1255830482,30.0
1255830483,30.0
1255830484,30.0
1255830485,30.0
1255830486,30.0
1255830487,30.0
1255830488,30.0
1255830489,30.0
1255830490,30.0
1255830491,30.0
1255830492,30.0
1255830493,30.0
1255830494,30.0
1255830495,30.0
1255830496,30.0
1255830497,30.0
1255855913,30.0
1255855914,30.0
1255855915,30.0
1255855916,30.0
1255855917,30.0
1255855918,30.0
1255855919,30.0
1255855920,30.0
1255855921,30.0
1255855922,30.0
1255855923,30.0
1255855924,30.0
1255855925,30.0
1255855926,30.0
1255855927,30.0
1255855928,30.0
1255855929,30.0
1255855930,30.0
1255855931,30.0
1255855932,30.0
1255855933,30.0
1255855934,30.0
1255855935,30.0
1255855936,30.0
1255855937,30.0
1255855938,30.0
1255855939,30.0
1255855940,30.0
1255855941,30.0
1255855942,30.0
1255855943,30.0
1255855944,30.0
1255855945,30.0
1255855946,30.0
1255855947,30.0
1255855948,30.0
1255855949,30.0
1255855950,30.0
1255855951,30.0
1255855952,30.0
1255855953,30.0
1255855954,30.0
1255855955,30.0
1255855956,30.0
1255855957,30.0
1255855958,30.0
1255870283,30.0
1255870284,30.0
1255870285,30.0
1255870286,30.0
1255870287,30.0
1255870288,30.0
1255870289,30.0
1255870290,30.0
1255870291,30.0
1255870292,30.0
1255870293,30.0
1255870294,30.0
1255870295,30.0
1255870296,30.0
1255870297,30.0
1255870298,30.0
1255870299,30.0
1255870300,30.0
1255870301,30.0
1255870302,30.0
1255870303,30.0
1255870304,30.0
1255870305,30.0
1255870306,30.0
1255870307,30.0
1255870308,30.0
1255870309,30.0
1255870310,30.0
1255870311,30.0
1255870312,30.0
1255870313,30.0
1255870314,30.0
1255870315,30.0
1255870316,30.0
1255870317,30.0
1255870318,30.0
1255870319,30.0
1255870320,30.0
1255870321,30.0
1255870322,30.0
1255870323,30.0
1255870324,30.0
1255870325,30.0
1255870326,30.0
1255885372,30.0
1255885373,30.0
1255885374,30.0
1255885375,30.0
1255885376,30.0
1255885377,30.0
1255885378,30.0
1255885379,30.0
1255885380,30.0
1255885381,30.0
1255885382,30.0
1255885383,30.0
1255885384,30.0
1255885385,20.0
1255885386,30.0
1255885387,30.0
1255885388,30.0
1255885389,30.0
1255885390,30.0
1255885391,30.0
1255885392,30.0
1255885393,30.0
1255885394,30.0
1255885395,30.0
1255885396,30.0
1255885397,30.0
1255885398,30.0
1255885399,30.0
1255885400,30.0
1255885401,30.0
1255885402,30.0
1255885403,30.0
1255885404,30.0
1255885405,30.0
1255885406,30.0
1255885407,30.0
1255885408,30.0
1255885409,30.0
1255885410,30.0
1255885411,30.0
1255885412,30.0
1255885413,30.0
1255905560,30.0
1255905561,30.0
1255905562,30.0
1255905563,30.0
1255905564,30.0
1255905565,30.0
1255905566,30.0
1255905567,30.0
1255905568,30.0
1255905569,30.0
1255905570,30.0
1255905571,30.0
1255905572,30.0
1255905573,30.0
1255905574,30.0
1255905575,30.0
1255905576,30.0
1255905577,30.0
1255905578,30.0
1255905579,30.0
1255905580,30.0
1255905581,30.0
1255905582,30.0
1255905583,30.0
1255905584,30.0
1255905585,30.0
1255905586,30.0
1255905587,30.0
1255905588,30.0
1255905589,30.0
1255905590,30.0
1255905591,30.0
1255905592,30.0
1255905593,30.0
1255905594,30.0
1255905595,30.0
1255905596,30.0
1255905597,30.0
1255905598,30.0
1255905599,30.0
1255905600,30.0
1255905601,30.0
1255905602,30.0
1255905603,30.0
1255905604,30.0
1255905605,30.0
1255905606,30.0
1255905607,30.0
1255905608,30.0
1255905609,30.0
1255905610,30.0
1255905611,30.0
1255905612,30.0
1255905613,30.0
1255905614,30.0
1255905615,30.0
1255905616,30.0
1255905617,30.0
1255905618,30.0
1255909636,30.0
1255909637,30.0
1255909638,30.0
1255909639,30.0
1255909640,30.0
1255909641,30.0
1255909642,30.0
1255909643,30.0
1255909644,30.0
1255909645,30.0
1255909646,30.0
1255909647,30.0
1255909648,30.0
1255909649,30.0
1255909650,30.0
1255909651,30.0
1255909652,30.0
1255909653,30.0
1255909654,30.0
1255909655,30.0
1255909656,30.0
1255909657,30.0
1255909658,30.0
1255909659,30.0
1255909660,30.0
1255909661,30.0
1255909662,30.0
1255909663,30.0
1255909664,30.0
1255909665,30.0
1255909666,30.0
1255909667,30.0
1255909668,30.0
1255909669,30.0
1255909670,30.0
1255909671,30.0
1255909672,30.0
1255909673,30.0
1255944631,20.0
1255944632,20.0
1255944633,20.0
1255944634,20.0
1255944635,20.0
1255944636,20.0
1255944637,20.0
1255944638,20.0
1255944639,20.0
1255944640,20.0
1255944641,20.0
1255944642,20.0
1255944643,20.0
1255944644,20.0
1255944645,20.0
1255944646,20.0
1255944647,20.0
1255944648,20.0
1255944649,20.0
1255944650,20.0
1255944651,20.0
1255944652,20.0
1255944653,20.0
1255944654,20.0
1255944656,20.0
1255944657,20.0
1255944658,20.0
1255944659,20.0
1255944660,20.0
1255944661,20.0
1255944662,20.0
1255944663,20.0
1255944664,20.0
1255944665,20.0
1255944666,20.0
1255944667,20.0
1259080729,30.0
1259080730,30.0
1259080731,30.0
1259080732,30.0
1259080733,30.0
1259080734,30.0
1259080735,30.0
1259080736,30.0
1259080737,30.0
1259080738,30.0
1259080739,30.0
1260545289,45.0
1260545290,45.0
1260545291,50.0
1260604450,30.0
1260604451,30.0
1262141260,80.0
1262141261,80.0
1262162671,30.0
1262162672,30.0
1262162673,30.0
1262162674,24.0
1262162675,25.0
1262162676,25.0
1262165768,30.0
1262165769,30.0
1262189976,30.0
1262435463,30.0
1262435464,30.0
1262912597,30.0
1262912598,30.0
1262912599,30.0
1262912600,20.0
1262912601,20.0
1262912602,30.0
1262912603,30.0
1262912604,30.0
1262912605,30.0
1262912606,30.0
1262912607,30.0
1262912608,30.0
1262912609,30.0
1262912610,30.0
1262912611,30.0
1262912612,30.0
1262912613,30.0
1262912614,30.0
1262912615,30.0
1262912616,30.0
1262912617,30.0
1262912618,30.0
1262912619,20.0
1262912620,20.0
1262912621,30.0
1262912622,30.0
1262912623,20.0
1262912624,30.0
1262912625,30.0
1263636402,30.0
1263636403,30.0
1263636404,30.0
1263636405,30.0
1263636406,30.0
1263636407,30.0
1263636408,30.0
1263636409,30.0
1263636410,30.0
1263636411,30.0
1263636412,30.0
1263636413,30.0
1263636414,30.0
1263636415,30.0
1263636416,30.0
1263636417,30.0
1263636418,30.0
1263636419,30.0
1263636420,30.0
1263636421,30.0
1263636422,30.0
1263636423,30.0
1263636424,30.0
1263636425,30.0
1263636426,30.0
1263636427,30.0
1263636428,30.0
1263639738,30.0
1263639739,30.0
1263639740,30.0
1263639741,30.0
1263639742,30.0
1263639743,30.0
1263639744,30.0
1263639745,30.0
1263639746,30.0
1263639747,30.0
1263639748,30.0
1263639749,30.0
1263639750,30.0
1263639751,30.0
1263639752,30.0
1263639753,30.0
1263639754,30.0
1263639755,30.0
1263639756,30.0
1263639757,30.0
1263639758,30.0
1263639759,30.0
1263805197,30.0
1263805198,30.0
1263805199,30.0
1263805200,30.0
1263805201,30.0
1263809861,30.0
1263809862,30.0
1263809863,30.0
1263822036,30.0
1263822037,30.0
1263822038,30.0
1263822039,30.0
1263822040,30.0
1263822041,30.0
1263822042,30.0
1263822043,25.0
1263827375,30.0
1263827376,30.0
1263827377,20.0
1263827378,20.0
1263827379,20.0
1263827380,20.0
1263827381,20.0
1263827382,20.0
1263827383,20.0
1263827384,20.0
1263827385,20.0
1263827386,20.0
1263827387,20.0
1263827388,20.0
1263827389,20.0
1263827390,30.0
1263827391,30.0
1263827392,30.0
1263827393,30.0
1263827394,30.0
1263827395,30.0
1263827396,30.0
1263827397,30.0
1263827398,30.0
1263827399,30.0
1263831360,30.0
1263831361,30.0
1263831362,30.0
1263831363,30.0
1263831364,30.0
1263831365,30.0
1263831366,30.0
1263831367,30.0
1263831368,30.0
1263831369,30.0
1263831370,30.0
1263831371,30.0
1264055534,30.0
1264055535,30.0
1264055536,30.0
1264055537,30.0
1265094286,25.0
1265095358,30.0
1265096811,30.0
1265097905,20.0
1265097937,20.0
1265098088,30.0
1265098089,30.0
1265098866,30.0
1265098867,30.0
1265100103,20.0
1265101277,30.0
1265101278,30.0
1265101279,25.0
1265103685,20.0
1265103686,20.0
1265103687,20.0
1265103688,20.0
1265103689,20.0
1265104601,30.0
1265105154,30.0
1265105155,30.0
1265105156,30.0
1265105157,30.0
1265105158,30.0
1265105159,30.0
1265105160,30.0
1265175130,30.0
1265175131,20.0
1265175132,20.0
1265231288,25.0
1265231289,30.0
1265231290,30.0
1265231291,30.0
1265231292,40.0
1265231293,40.0
1265231294,40.0
1265231295,40.0
1265231296,40.0
1265231297,30.0
1265231298,30.0
1265231299,30.0
1265231300,30.0
1265231301,30.0
1266459130,30.0
1266459131,30.0
1266459132,30.0
1266459133,30.0
1266459134,30.0
1266459135,30.0
1266459136,30.0
1266459137,30.0
1266459138,30.0
1266459139,30.0
1266459140,30.0
1266459141,30.0
1266459142,30.0
1266459143,30.0
1266459144,30.0
1266459145,30.0
1266459146,30.0
1266459147,30.0
1266459148,30.0
1266459149,30.0
1266459150,30.0
1266459151,30.0
1266459152,30.0
1266459153,30.0
1266459154,30.0
1266459155,30.0
1266459156,30.0
1266459157,30.0
1266459158,30.0
1266459159,30.0
1266459160,30.0
1266459161,30.0
1266459162,30.0
1266459163,30.0
1266459164,30.0
1266459165,30.0
1266459166,30.0
1266459167,30.0
1266459168,30.0
1266459169,30.0
1266459170,30.0
1266459171,30.0
1266459172,30.0
1266459173,30.0
1266459174,30.0
1268115766,20.0
1268887286,30.0
1268887287,30.0
1268887288,30.0
1268887289,30.0
1268887290,30.0
1268887291,30.0
1268887292,30.0
1268887293,30.0
1270113214,20.0
1271436653,20.0
1272967972,45.0
1272967973,45.0
1273583905,20.0
1273583906,30.0
1273755528,30.0
1273755529,30.0
1273755530,30.0
1273755531,30.0
1273755532,30.0
1273755533,30.0
1273755534,30.0
1273755535,30.0
1273755536,30.0
1273755537,30.0
1273755538,30.0
1273755539,30.0
1273755540,30.0
1274767854,30.0
1274767855,30.0
1274767856,30.0
1274767857,30.0
1274906939,30.0
1274906940,30.0
1275148927,30.0
1275148928,30.0
1275148929,30.0
1275148930,30.0
1275148931,30.0
1275148932,30.0
1275148933,30.0
1275148934,30.0
1275148935,30.0
1275148936,30.0
1275148937,30.0
1275148938,30.0
1275148939,30.0
1275148940,30.0
1275148941,30.0
1275148942,30.0
1275148943,30.0
1275148944,30.0
1275677322,20.0
1275677323,20.0
1275677324,20.0
1276188198,30.0
1276188199,30.0
1280335356,30.0
1280335357,30.0
1280335358,30.0
1280335359,30.0
1280335360,30.0
1280335361,30.0
1280335362,30.0
1280335363,30.0
1280335364,30.0
1280632874,20.0
1280632875,30.0
1280632876,30.0
1283109368,20.0
1283109369,30.0
1283109370,30.0
1285537077,30.0
1285537078,30.0
1285537079,30.0
1285537080,30.0
1285537081,30.0
1285537082,30.0
1285591200,20.0
1285591201,30.0
1285591202,20.0
1285591203,20.0
1285591204,20.0
1285591205,20.0
1285591206,20.0
1285591207,20.0
1285591208,30.0
1285591209,30.0
1285591210,30.0
1285716675,30.0
1285716676,30.0
1285716677,30.0
1285716678,30.0
1285716679,30.0
1287089202,30.0
1289074282,30.0
1289074283,30.0
1289074284,30.0
1289074285,30.0
1289074286,30.0
1289074287,30.0
1289074288,30.0
1289074289,30.0
1289074290,30.0
1289074291,30.0
1289074292,30.0
1289245201,30.0
1289245202,30.0
1289572542,30.0
1289572543,30.0
1289572544,30.0
1289572545,20.0
1289572546,30.0
1289572547,30.0
1289572548,30.0
1289572549,30.0
1289572550,30.0
1289572551,30.0
1289572552,30.0
1289572553,30.0
1289572554,30.0
1289572555,30.0
1289572556,30.0
1289572557,30.0
1289572558,30.0
1289572559,30.0
1289572560,30.0
1289572561,30.0
1289572562,30.0
1289572563,30.0
1289572564,30.0
1289572565,30.0
1289572566,30.0
1289572567,30.0
1289572568,30.0
1289572569,30.0
1289757086,40.0
1289757087,30.0
1289757088,30.0
1290153156,30.0
1290153157,30.0
1290153158,30.0
1290153159,30.0
1290153160,30.0
1290153161,30.0
1290153162,30.0
1290153163,30.0
1290163072,20.0
1290163073,20.0
1290163074,20.0
1290163075,20.0
1290163076,20.0
1290163077,20.0
1290163078,20.0
1290163079,20.0
1290163080,20.0
1290163081,20.0
1290163082,20.0
1290163083,20.0
1290163084,20.0
1290163085,20.0
1290163086,20.0
1290163087,20.0
1290163088,20.0
1290163089,30.0
1290163090,30.0
1290163091,30.0
1290163092,30.0
1290163093,30.0
1290228498,30.0
1290228499,30.0
1290228500,30.0
1290228501,30.0
1290228502,30.0
1290228503,30.0
1290228504,30.0
1290228505,30.0
1290228506,30.0
1290228507,30.0
1290228508,30.0
1290228509,30.0
1290228510,30.0
1290228511,30.0
1290228512,30.0
1290228513,30.0
1290228514,30.0
1290228515,30.0
1290228516,30.0
1290228517,30.0
1290228518,30.0
1291225439,30.0
1292053226,30.0
1292053227,30.0
1292053228,30.0
1292053229,30.0
1292053230,30.0
1292057705,30.0
1292057706,20.0
1292057707,30.0
1292057708,30.0
1292057709,30.0
1292057710,30.0
1292057711,30.0
1292068029,20.0
1292068030,20.0
1293368708,30.0
1293420465,30.0
1293420466,30.0
1293420467,30.0
1293420468,30.0
1293420469,30.0
1293420470,30.0
1293420471,30.0
1293420472,30.0
1293540369,30.0
1293559009,20.0
1293559010,30.0
1293837619,24.0
1293837620,30.0
1293837621,30.0
1298533778,30.0
1298606205,30.0
1298606206,30.0
1298606207,30.0
1298606208,30.0
1298606209,30.0
1298606210,30.0
1298606211,30.0
1298606212,20.0
1298606213,30.0
1298606214,30.0
1298606215,30.0
1298606216,20.0
1298606217,20.0
1298606218,20.0
1299177343,30.0
1299177344,30.0
1299177345,30.0
1299177346,30.0
1299177347,30.0
1299177348,30.0
1299177349,30.0
1299177350,30.0
1299341653,30.0
1299341654,30.0
1299344639,30.0
1299344640,30.0
1299344641,30.0
1299344642,30.0
1299344643,30.0
1300146550,20.0
1300146551,30.0
1300146552,30.0
1300158795,30.0
1300158796,30.0
1300415596,30.0
1300415597,30.0
1300415598,30.0
1300415599,20.0
1300415600,20.0
1300415601,30.0
1300415602,30.0
1300415603,30.0
1300415604,30.0
1300415605,30.0
1300415606,30.0
1300415607,30.0
1300415608,30.0
1300839811,20.0
1300839812,20.0
1300839813,20.0
1300839814,20.0
1300908603,30.0
1300908604,30.0
1300908605,30.0
1300908606,30.0
1300908607,30.0
1300908608,30.0
1300908609,30.0
1300908610,30.0
1300908611,30.0
1301423597,30.0
1302493770,30.0
1302493771,30.0
1302493772,30.0
1302493773,30.0
1302493774,30.0
1302493775,30.0
1302493776,30.0
1302493777,30.0
1302493778,30.0
1302493779,30.0
1302493780,30.0
1302493781,20.0
1302493782,30.0
1302493783,30.0
1302493784,30.0
1302493785,30.0
1302493786,30.0
1302493787,30.0
1302493788,20.0
1302493789,30.0
1302493790,30.0
1302493791,30.0
1302493792,30.0
1302493793,30.0
1302504881,30.0
1302504882,30.0
1302504883,30.0
1302504884,30.0
1302504885,30.0
1302504886,30.0
1302504887,30.0
1302504888,30.0
1302504889,30.0
1302504890,30.0
1302504891,30.0
1302504892,30.0
1302504893,30.0
1302504894,30.0
1302504895,30.0
1302504896,30.0
1302504897,30.0
1302504898,30.0
1302504899,30.0
1302504900,30.0
1302741591,25.0
1302741592,30.0
1302741593,30.0
1302741594,30.0
1302741595,30.0
1302741596,30.0
1302741597,30.0
1302741598,30.0
1302741599,30.0
1302741600,30.0
1302741603,25.0
1302741604,30.0
1302741605,30.0
1302741606,30.0
1302741607,30.0
1302741608,30.0
1302741609,30.0
1302741610,30.0
1303247685,30.0
1303829670,20.0
1303829671,20.0
1303829672,50.0
1303829673,50.0
1303829674,50.0
1303829675,30.0
1303829676,50.0
1303829677,50.0
1303829678,50.0
1303832485,45.0
1304384199,30.0
1304384200,30.0
1304384201,30.0
1304384202,30.0
1304384203,30.0
1304627474,30.0
1304812363,20.0
1304812364,20.0
1304812365,20.0
1305179157,30.0
1305291032,20.0
1305291033,25.0
1305747171,30.0
1305747172,20.0
1305747174,30.0
1305747175,30.0
1305992324,30.0
1305992325,25.0
1305993170,25.0
1305993171,25.0
1305993172,25.0
1305993173,25.0
1305993174,25.0
1306219042,30.0
1306219043,30.0
1306219044,30.0
1306273855,30.0
1306273856,30.0
1306273857,30.0
1306273858,30.0
1306273859,30.0
1306273860,30.0
1306273861,30.0
1306273862,30.0
1306273863,30.0
1306273864,30.0
1306273865,30.0
1306273866,30.0
1306273867,30.0
1306273868,30.0
1306273869,30.0
1306273870,30.0
1306273871,30.0
1306273872,30.0
1306273873,30.0
1306273874,30.0
1306273875,30.0
1306273876,30.0
1306273877,30.0
1306273878,30.0
1306273879,30.0
1306273880,30.0
1306273881,30.0
1306273882,30.0
1306273883,30.0
1306273884,30.0
1306273885,30.0
1306273886,30.0
1306273887,30.0
1306273888,30.0
1306273889,30.0
1306273890,30.0
1306273891,30.0
1306273892,30.0
1306277969,30.0
1306277970,20.0
1306277971,30.0
1306277972,30.0
1306277973,30.0
1306277974,30.0
1306277975,30.0
1306277976,30.0
1306277977,30.0
1306277978,30.0
1306277979,30.0
1306277980,30.0
1306277981,30.0
1306277982,30.0
1306277983,30.0
1306277984,30.0
1306277985,30.0
1306277986,30.0
1306277987,30.0
1306277988,30.0
1306277989,30.0
1306277990,30.0
1306277991,30.0
1306277992,30.0
1306277993,30.0
1306277994,30.0
1306277995,30.0
1306277996,30.0
1306277997,30.0
1306277998,30.0
1306277999,30.0
1306278000,30.0
1306278001,30.0
1306278002,30.0
1306278003,30.0
1306279909,30.0
1306279910,30.0
1306279911,30.0
1306279912,30.0
1306279913,30.0
1306279914,30.0
1306279915,30.0
1306279916,30.0
1306279917,30.0
1306279918,30.0
1306279919,30.0
1306279920,30.0
1306279921,30.0
1306279922,30.0
1306279923,30.0
1306279924,30.0
1306279925,30.0
1306279926,30.0
1306279927,30.0
1306279928,30.0
1306279929,30.0
1306279930,30.0
1306279931,30.0
1306279932,30.0
1306279933,30.0
1306279934,30.0
1306279935,30.0
1306279936,30.0
1306279937,30.0
1306279938,30.0
1306279939,30.0
1306279940,30.0
1306279941,30.0
1306279942,30.0
1306279943,30.0
1306279944,30.0
1306279945,30.0
1306279946,30.0
1306279947,30.0
1306279948,30.0
1306279949,30.0
1306279950,30.0
1306279951,30.0
1306279952,30.0
1306279953,30.0
1306279954,30.0
1306279955,30.0
1306281492,30.0
1306281493,30.0
1306281494,30.0
1306281495,30.0
1306281496,30.0
1306281497,30.0
1306281498,30.0
1306281499,30.0
1306281500,30.0
1306281501,30.0
1306281502,30.0
1306281503,30.0
1306281504,30.0
1306281505,30.0
1306281506,30.0
1306281507,30.0
1306281508,30.0
1306281509,30.0
1306281510,30.0
1306281511,30.0
1306281512,30.0
1306281513,30.0
1306281514,30.0
1306281515,30.0
1306281516,30.0
1306281517,30.0
1306281518,30.0
1306281519,30.0
1306281520,30.0
1306281521,30.0
1306281522,30.0
1306281523,30.0
1306281524,30.0
1306281525,30.0
1306281526,30.0
1306281527,30.0
1306281528,30.0
1306281529,30.0
1306281530,30.0
1306281531,30.0
1306281532,30.0
1306281533,30.0
1306468841,30.0
1306468842,30.0
1306468843,30.0
1306468844,30.0
1306468845,30.0
1306468846,30.0
1306468847,30.0
1306468848,30.0
1306468849,30.0
1306468850,30.0
1306468851,20.0
1306468852,30.0
1306468853,30.0
1306468854,30.0
1306609025,30.0
1306609026,30.0
1306635563,30.0
1306635564,30.0
1306635565,30.0
1306635566,30.0
1306635567,30.0
1306635568,30.0
1306635569,30.0
1306635570,30.0
1306635571,20.0
1306635572,30.0
1306635573,30.0
1306635574,30.0
1306635575,30.0
1306635576,30.0
1306635577,30.0
1307432297,30.0
1307432298,20.0
1307432299,20.0
1307663992,30.0
1307664147,30.0
1307717820,30.0
1307736214,30.0
1308776494,30.0
1309982839,30.0
1309982840,30.0
1311455640,20.0
1311455641,20.0
1311455642,30.0
1311455643,30.0
1311661028,30.0
1311661029,30.0
1311661030,30.0
1311661031,30.0
1311661032,30.0
1311661033,30.0
1311661034,30.0
1311709194,30.0
1311709195,30.0
1311709196,30.0
1311709197,30.0
1311709198,30.0
1311709199,30.0
1311709200,30.0
1311709201,30.0
1311709202,30.0
1311709203,30.0
1311709204,30.0
1311709205,30.0
1311709206,30.0
1311709207,30.0
1311709208,30.0
1311709209,30.0
1311709210,30.0
1311709211,20.0
1311709212,20.0
1311709213,30.0
1311709214,30.0
1311709215,30.0
1311709216,30.0
1311709217,30.0
1312165052,25.0
1312165053,30.0
1312165054,25.0
1312165055,25.0
1312165056,25.0
1312165057,30.0
1312165058,30.0
1312165059,25.0
1312165060,30.0
1312165061,25.0
1312165062,25.0
1312211843,30.0
1312211844,30.0
1312211845,30.0
1312211846,30.0
1312211847,30.0
1312211848,30.0
1312211849,30.0
1312284047,30.0
1312284048,30.0
1312284049,30.0
1312284050,30.0
1312286814,20.0
1312368638,30.0
1313039659,30.0
1313039660,20.0
1313039661,30.0
1313134233,20.0
1313134234,20.0
1313134235,20.0
1313134236,20.0
1313134237,20.0
1313134238,20.0
1313134239,20.0
1313134240,20.0
1313134241,20.0
1313134242,20.0
1313134243,20.0
1313134244,20.0
1313134245,20.0
1313134246,20.0
1313134247,20.0
1313134248,20.0
1313134249,20.0
1313134250,20.0
1313134251,20.0
1313134252,20.0
1313134253,20.0
1313134254,20.0
1313134255,20.0
1313134256,20.0
1313134257,20.0
1313134258,20.0
1313134259,20.0
1313134260,20.0
1313134261,20.0
1313134262,20.0
1313134263,30.0
1313299743,24.0
1313389349,30.0
1313389350,30.0
1313942910,30.0
1313942911,30.0
1313942912,30.0
1313942913,30.0
1313942914,30.0
1313942915,30.0
1313942916,30.0
1313942917,30.0
1313942918,30.0
1313942919,30.0
1313942920,30.0
1313942921,30.0
1313942922,30.0
1313942923,30.0
1314333137,30.0
1314333138,30.0
1314333139,30.0
1314558235,30.0
1314558236,20.0
1314558237,30.0
1314558238,20.0
1314558239,20.0
1314558240,20.0
1314558241,20.0
1314558242,20.0
1314558243,20.0
1314558244,20.0
1314558245,20.0
1314558246,20.0
1314558247,20.0
1314558248,30.0
1314558249,30.0
1314558250,30.0
1314558251,30.0
1314558252,30.0
1314558253,30.0
1314558254,30.0
1314558255,30.0
1314558256,30.0
1314558257,30.0
1314558258,30.0
1314558259,30.0
1314558260,30.0
1314558261,30.0
1314558262,30.0
1314558263,30.0
1314558264,30.0
1314558265,30.0
1314558266,30.0
1314558267,30.0
1314558268,30.0
1314558269,30.0
1314558270,30.0
1314558271,30.0
1314558272,30.0
1315076595,30.0
1315234515,30.0
1315234516,30.0
1315234517,30.0
1315234518,30.0
1315234519,30.0
1315234520,30.0
1315234521,30.0
1315234522,30.0
1315234523,30.0
1315234524,30.0
1315234525,30.0
1315234526,30.0
1315234527,30.0
1315234528,30.0
1315234529,30.0
1315234530,30.0
1315235733,30.0
1315235734,30.0
1315235735,30.0
1315235736,30.0
1315235737,30.0
1315235738,30.0
1315235739,30.0
1315235740,30.0
1315235741,30.0
1315235742,30.0
1315235743,30.0
1315235744,30.0
1315235745,30.0
1315235746,30.0
1315235747,30.0
1315235748,30.0
1315241427,30.0
1315241428,30.0
1315252055,30.0
1315252056,30.0
1315252057,30.0
1315252058,30.0
1315364971,30.0
1315364972,30.0
1315364973,30.0
1315364974,30.0
1315464373,30.0
1315464374,30.0
1315464375,30.0
1315464376,30.0
1315464377,30.0
1315464378,30.0
1315464379,30.0
1315464380,30.0
1315464381,30.0
1315464382,30.0
1315464383,30.0
1315464384,30.0
1315464385,30.0
1315464386,30.0
1315464387,30.0
1315464388,30.0
1315699479,30.0
1316877257,30.0
1316877258,30.0
1316877259,30.0
1317045321,30.0
1317045322,30.0
1317045323,30.0
1317045324,30.0
1317045325,30.0
1317045326,30.0
1317045327,30.0
1317045328,30.0
1317045329,30.0
1317045330,30.0
1317045331,30.0
1317045332,30.0
1317045333,30.0
1317045334,30.0
1317045335,30.0
1317045336,30.0
1317045337,30.0
1317045338,30.0
1317045339,30.0
1317045340,30.0
1317045341,30.0
1317045342,30.0
1317045343,30.0
1317045344,30.0
1317045345,30.0
1317045346,30.0
1317045347,30.0
1317045348,30.0
1317045349,30.0
1317053470,20.0
1317053471,30.0
1317053472,30.0
1317053473,30.0
1317053474,20.0
1317053475,20.0
1317053476,30.0
1317053477,30.0
1317501170,20.0
1317501171,20.0
1317501172,20.0
1317501173,30.0
1317947316,30.0
1317947317,30.0
1317947318,30.0
1317947319,30.0
1317947320,30.0
1317949028,30.0
1317949029,30.0
1317949030,30.0
1317949031,30.0
1317949032,30.0
1317949033,30.0
1317949034,30.0
1318459822,30.0
1318459823,30.0
1318459824,30.0
1318554946,30.0
1318554947,20.0
1318554948,30.0
1318554949,30.0
1318554950,30.0
1318554951,30.0
1318554952,20.0
1318554953,20.0
1318554954,30.0
1318554955,30.0
1318554956,30.0
1318554957,30.0
1318554958,30.0
1318584783,30.0
1318584784,30.0
1318584785,30.0
1318584786,30.0
1318584787,30.0
1318584788,30.0
1318584789,30.0
1318584790,30.0
1318584791,20.0
1318584792,30.0
1318584793,20.0
1318584794,20.0
1318584795,20.0
1318584796,20.0
1318584797,20.0
1318584798,20.0
1318584799,20.0
1318584800,20.0
1318584801,20.0
1318584802,20.0
1318584803,20.0
1318584804,30.0
1318584805,30.0
1318584806,30.0
1318584807,30.0
1318584808,20.0
1318584809,20.0
1318584810,30.0
1318584811,30.0
1318584812,30.0
1318584813,30.0
1318584814,30.0
1318584815,30.0
1318584816,30.0
1318584817,30.0
1318584818,30.0
1318584819,30.0
1318584820,30.0
1318584821,30.0
1318584822,30.0
1318586239,20.0
1318586240,20.0
1318586241,20.0
1318586242,20.0
1318586243,20.0
1318586244,20.0
1318586245,20.0
1318586246,20.0
1318586247,20.0
1318586248,20.0
1318586249,20.0
1318586250,30.0
1318586251,30.0
1318586252,30.0
1318586253,30.0
1318586254,25.0
1318586255,30.0
1318586256,30.0
1318586257,30.0
1318586258,30.0
1318586259,30.0
1318586260,30.0
1318586261,30.0
1318586262,30.0
1318586263,25.0
1318586264,30.0
1318586265,30.0
1318586266,30.0
1318586267,30.0
1318586268,30.0
1318586269,25.0
1318586270,30.0
1318586271,30.0
1318586272,30.0
1318586273,30.0
1318586274,30.0
1318586275,30.0
1318586276,30.0
1318586277,30.0
1318586278,30.0
1318586279,30.0
1318586280,30.0
1318586282,30.0
1318588474,20.0
1318588475,20.0
1318588476,20.0
1318588477,20.0
1318588478,30.0
1318588479,30.0
1318588480,30.0
1318588481,30.0
1318588482,30.0
1318588483,30.0
1318588484,30.0
1318588485,30.0
1318588486,20.0
1318588487,20.0
1318588488,30.0
1318588489,30.0
1318588490,30.0
1318588491,30.0
1318588492,30.0
1318588493,30.0
1318588494,20.0
1318588495,20.0
1318588496,30.0
1318588497,30.0
1318588498,30.0
1318588499,30.0
1318588500,30.0
1318588501,30.0
1318588502,20.0
1318588503,20.0
1318588504,20.0
1318588505,20.0
1318588506,20.0
1318588507,20.0
1318588508,20.0
1318588509,20.0
1318588510,30.0
1318588511,30.0
1318588512,30.0
1318588513,30.0
1318588514,20.0
1318588515,20.0
1318588516,30.0
1318588517,30.0
1318588518,30.0
1318588519,30.0
1318588520,30.0
1318588521,30.0
1318588522,30.0
1318588523,30.0
1318588524,30.0
1318589009,30.0
1319896435,30.0
1319899579,30.0
1319899580,30.0
1319899581,30.0
1319901892,30.0
1319903948,25.0
1320418048,30.0
1320418049,30.0
1320418050,30.0
1320418051,30.0
1320418052,30.0
1320418053,30.0
1320426778,30.0
1320741682,30.0
1321773638,30.0
1321773639,30.0
1321773640,30.0
1321773641,30.0
1321773642,30.0
1321773643,30.0
1321773644,30.0
1321773645,30.0
1321773646,30.0
1321813739,40.0
1321846311,50.0
1321846312,30.0
1321846313,30.0
1321846314,30.0
1321849961,30.0
1321901292,30.0
1321905316,30.0
1322071048,30.0
1322071049,30.0
1322071050,30.0
1322071051,30.0
1322856506,30.0
1322856507,30.0
1322856508,30.0
1323094696,20.0
1323094697,20.0
1323094698,20.0
1323094699,20.0
1323094700,20.0
1323094701,20.0
1323094702,20.0
1323094703,20.0
1324292817,20.0
1324292818,30.0
1324292819,30.0
1324292820,30.0
1324317596,30.0
1324317597,30.0
1324317598,30.0
1324317599,30.0
1324317600,30.0
1324317601,30.0
1324319491,30.0
1324320004,30.0
1324320317,30.0
1324330980,30.0
1324330981,30.0
1324895637,30.0
1324895638,30.0
1327511493,30.0
1330926029,30.0
1330934832,25.0
1330934833,45.0
1330934834,30.0
1330934835,30.0
1330934836,40.0
1330934837,32.0
1330934838,40.0
1330934839,40.0
1330947559,30.0
1330947560,30.0
1330947561,30.0
1330975251,30.0
1330975252,30.0
1330975253,30.0
1330975254,30.0
1331062039,40.0
1331062040,40.0
1331062041,40.0
1331062042,30.0
1331062043,30.0
1331062044,30.0
1331062045,30.0
1331062046,40.0
1331062047,25.0
1331062048,30.0
1331062049,40.0
1331062050,25.0
1331062051,30.0
1331062053,30.0
1331062055,25.0
1331062056,30.0
1331062057,30.0
1331062058,30.0
1331062059,30.0
1331083396,30.0
1331083397,30.0
1331087303,30.0
1331089653,32.0
1331089655,30.0
1331089656,30.0
1331089657,30.0
1331089658,30.0
1331089659,30.0
1331089660,30.0
1331089661,30.0
1331089662,30.0
1331129092,30.0
1331129093,30.0
1331129094,30.0
1331129095,40.0
1331129096,30.0
1331129097,40.0
1331129098,40.0
1331129099,25.0
1331129100,40.0
1331129101,40.0
1331129102,40.0
1331129103,30.0
1331129104,25.0
1331129105,30.0
1331129106,30.0
1331129107,25.0
1331129108,40.0
1331129109,30.0
1331129110,30.0
1331129111,30.0
1331129112,30.0
1331129113,30.0
1331129114,30.0
1331129115,30.0
1331129116,25.0
1331129117,25.0
1331129118,25.0
1331129119,25.0
1331129123,25.0
1331129124,30.0
1331129125,30.0
1331129126,30.0
1331129127,30.0
1331129128,30.0
1331129129,30.0
1331129130,30.0
1331129131,30.0
1331129132,30.0
1331129133,30.0
1331129134,30.0
1331129135,30.0
1331129136,40.0
1331129137,40.0
1331129138,40.0
1331129139,30.0
1331129140,40.0
1331129141,40.0
1331129142,40.0
1331129143,40.0
1331129144,25.0
1331129145,30.0
1331129146,40.0
1331129147,25.0
1331129148,30.0
1331129149,40.0
1331148480,25.0
1331148481,25.0
1331148482,25.0
1331152593,40.0
1331152594,30.0
1331152595,30.0
1331152596,45.0
1331152597,45.0
1331152601,30.0
1331152602,45.0
1331152603,30.0
1331152604,45.0
1331152605,45.0
1331152606,20.0
1331152607,20.0
1331152608,20.0
1331152609,20.0
1331152610,20.0
1331152612,20.0
1331152613,20.0
1331152614,20.0
1331154354,30.0
1331154355,30.0
1331154356,30.0
1331154357,30.0
1331328049,30.0
1331328050,30.0
1331328051,30.0
1331328052,40.0
1331328053,40.0
1331328054,40.0
1331328055,40.0
1331328060,30.0
1331338413,30.0
1331338414,40.0
1331338415,40.0
1331338416,30.0
1331338417,30.0
1331338418,30.0
1331338419,30.0
1331338420,30.0
1331338421,30.0
1331338422,30.0
1331338423,25.0
1331338424,30.0
1331410488,20.0
1331410489,20.0
1331410490,20.0
1331415634,25.0
1331415635,30.0
1331415636,30.0
1331421040,50.0
1331421041,25.0
1331421042,30.0
1331421043,30.0
1331424973,30.0
1331424974,30.0
1331426971,40.0
1331898096,30.0
1333270725,30.0
1333483979,30.0
1333483980,30.0
1333483981,30.0
1333483982,30.0
1333781092,50.0
1336682296,30.0
1336682297,20.0
1337716904,30.0
1337716905,30.0
1337716906,30.0
1337716907,30.0
1337716908,30.0
1337716909,30.0
1337716910,30.0
1337716911,30.0
1337716912,30.0
1337738812,20.0
1338343191,30.0
1338343192,30.0
1338343193,30.0
1338343194,30.0
1338343195,30.0
1338343589,30.0
1338346318,30.0
1338346319,30.0
1338579727,20.0
1338579728,30.0
1338749011,30.0
1339580813,30.0
1339580814,30.0
1339707668,30.0
1339707761,30.0
1339707762,30.0
1339744429,30.0
1339744430,30.0
1339744431,30.0
1339758114,30.0
1339758115,30.0
1339758116,30.0
1339758117,30.0
1339759213,30.0
1339759214,30.0
1339760711,30.0
1340213814,30.0
1340213815,20.0
1340213816,20.0
1340213817,30.0
1340213818,30.0
1340213819,20.0
1340213820,30.0
1340425846,20.0
1340425847,30.0
1340732119,30.0
1340732120,30.0
1340732121,30.0
1340732122,30.0
1340732123,30.0
1340732124,30.0
1340732125,30.0
1340732126,30.0
1340732127,30.0
1340732128,30.0
1340733764,25.0
1340733765,25.0
1340733766,25.0
1340733767,25.0
1340733768,25.0
1340733769,25.0
1340733770,25.0
1340733771,25.0
1340733773,25.0
1340733774,25.0
1340733775,25.0
1340739721,25.0
1340739722,25.0
1340739723,25.0
1340739724,25.0
1340739725,25.0
1340739726,25.0
1340739727,25.0
1341491449,30.0
1341491450,30.0
1341491451,30.0
1341491452,30.0
1341491453,30.0
1341491454,30.0
1341491455,30.0
1341491456,30.0
1342317014,20.0
1343275670,30.0
1343275671,30.0
1343933326,30.0
1344074937,20.0
1344074938,20.0
1344074939,20.0
1345445296,20.0
1345445297,20.0
1345445298,20.0
1345445299,20.0
1346310944,30.0
1346310945,30.0
1346310946,20.0
1346310947,20.0
1346310948,30.0
1346311080,20.0
1346347681,20.0
1346347682,20.0
1346347683,20.0
1346347684,20.0
1346347685,20.0
1346347686,20.0
1346355785,20.0
1346355786,20.0
1346355787,30.0
1346601989,30.0
1346601990,30.0
1346601991,30.0
1346601992,20.0
1346601993,30.0
1346601994,30.0
1346601995,30.0
1346601996,30.0
1347274377,30.0
1347274378,20.0
1347274379,20.0
1347274380,20.0
1347380335,20.0
1347380336,20.0
1347380337,30.0
1347380338,30.0
1347380339,20.0
1347965263,30.0
1347965264,30.0
1347965265,30.0
1347965266,30.0
1347965267,30.0
1347965268,30.0
1347965269,30.0
1347965270,30.0
1347965271,30.0
1347965272,30.0
1348970090,20.0
1349701900,30.0
1349701901,30.0
1352802024,30.0
1352802025,30.0
1352802026,30.0
1352802027,30.0
1352802028,30.0
1352805025,30.0
1352878807,20.0
1352878808,20.0
1352878809,30.0
1353319017,20.0
1353319018,30.0
1353319019,30.0
1353640615,30.0
1353640616,20.0
1353691960,20.0
1353691961,30.0
1353707021,20.0
1353707022,30.0
1354980189,30.0
1354980190,30.0
1355297062,30.0
1355297063,30.0
1355297064,30.0
1355297065,30.0
1355346496,50.0
1355346497,50.0
1355346498,25.0
1355406891,30.0
1355406892,30.0
1355406893,30.0
1356435772,30.0
1356967061,20.0
1356967062,20.0
1356967063,30.0
1356967064,30.0
1357163184,30.0
1357536052,30.0
1357536053,45.0
1357536054,45.0
1357536055,45.0
1357536647,30.0
1357816846,30.0
1357816847,30.0
1357816848,30.0
1357816849,30.0
1358697669,30.0
1358854847,45.0
1360492377,30.0
1360492378,30.0
1360492379,30.0
1360492380,30.0
1360492381,30.0
1361363287,40.0
1361363288,32.0
1361363289,32.0
1361363290,32.0
1361363292,32.0
1361363293,32.0
1361363294,40.0
1361363295,40.0
1361363297,40.0
1361363298,20.0
1361363299,20.0
1361371098,20.0
1361371099,40.0
1361371100,20.0
1361454089,30.0
1361492664,40.0
1361492900,40.0
1362767673,20.0
1362767674,20.0
1362767675,20.0
1363260385,20.0
1363260386,20.0
1363276581,30.0
1364103157,25.0
1365142176,30.0
1365142177,30.0
1365142178,30.0
1365142179,30.0
1365142180,30.0
1365142181,30.0
1365142182,30.0
1365142183,30.0
1365142184,30.0
1365142185,30.0
1365142186,30.0
1365142187,30.0
1365142188,30.0
1365933648,30.0
1365933649,30.0
1366174000,16.0
1368219724,30.0
1368219725,30.0
1368449805,30.0
1368449806,30.0
1368449807,20.0
1368449808,30.0
1369197424,20.0
1369197425,30.0
1369197426,30.0
1369197427,30.0
1369197428,30.0
1369197429,30.0
1369197430,30.0
1369197431,30.0
1369197432,30.0
1369976339,30.0
1371040287,25.0
1371040288,25.0
1371040289,25.0
1371040290,25.0
1371040291,25.0
1371040292,25.0
1371040293,30.0
1371040294,30.0
1371040295,30.0
1371059854,25.0
1371059855,25.0
1371059856,25.0
1371059857,25.0
1371182928,30.0
1371182929,30.0
1371182930,30.0
1371208021,30.0
1371208022,30.0
1371209379,30.0
1374678751,30.0
1375594061,45.0
1375594062,45.0
1375594063,45.0
1375594064,30.0
1375594065,30.0
1375908629,30.0
1375908630,20.0
1375908631,20.0
1375908632,20.0
1375908633,20.0
1375908634,30.0
1375908635,30.0
1375908636,30.0
1376010392,20.0
1376115965,20.0
1376472437,30.0
1376472438,30.0
1376472439,45.0
1376472440,45.0
1376472441,45.0
1376472442,45.0
1376472443,30.0
1376472444,45.0
1378047548,30.0
1378047549,30.0
1380256080,20.0
1380280977,20.0
1380653926,30.0
1381108813,30.0
1381108814,20.0
1382339248,20.0
1382339249,30.0
1382339250,30.0
1383775273,30.0
1383979937,20.0
1383979938,20.0
1383979939,20.0
1383979940,30.0
1383979941,30.0
1383979942,30.0
1383979943,30.0
1383979944,30.0
1384120128,30.0
1384120129,30.0
1384191432,20.0
1384191433,30.0
1384191434,30.0
1384191435,30.0
1384191436,30.0
1384285600,45.0
1384285601,30.0
1384285602,30.0
1385726812,30.0
1385726813,20.0
1385790468,20.0
1385790469,20.0
1385790470,30.0
1385790471,30.0
1385790472,20.0
1386639753,30.0
1386639754,30.0
1386639755,30.0
1386639756,30.0
1386639757,30.0
1386639758,30.0
1386639759,30.0
1386639760,30.0
1386639761,30.0
1386639762,30.0
1386639763,30.0
1386639764,30.0
1386639765,30.0
1387131606,20.0
1387131607,20.0
1387137186,20.0
1387137187,20.0
1387292535,30.0
1387292536,30.0
1387292537,30.0
1387292538,30.0
1387292539,20.0
1387292540,30.0
1387295292,30.0
1387295293,30.0
1387295294,30.0
1387295295,30.0
1387295296,20.0
1387295297,30.0
1387295298,30.0
1387295299,30.0
1387295300,30.0
1387295301,30.0
1387295302,30.0
1387295303,30.0
1387295304,30.0
1387295305,30.0
1387295306,30.0
1387295307,30.0
1387295308,30.0
1387296672,30.0
1387296673,30.0
1387296674,30.0
1387296675,30.0
1387296676,30.0
1387296677,30.0
1387296678,30.0
1387296679,30.0
1387296680,30.0
1387296681,30.0
1387296682,30.0
1387320997,30.0
1387320998,30.0
1387320999,30.0
1387321000,30.0
1387321001,30.0
1387321002,30.0
1387321003,30.0
1387321004,30.0
1387321005,30.0
1387326377,30.0
1387326378,30.0
1387326379,30.0
1387326380,30.0
1387326381,30.0
1387326382,30.0
1387326383,30.0
1387326384,30.0
1387326385,30.0
1387326386,30.0
1387326387,30.0
1387326388,30.0
1387326389,30.0
1387326390,30.0
1387326391,30.0
1387326392,30.0
1387326393,30.0
1387326394,30.0
1387326395,30.0
1387326396,30.0
1387326397,30.0
1387326398,30.0
1387326399,30.0
1387326400,30.0
1387326401,30.0
1387326402,30.0
1387326403,30.0
1387326404,30.0
1387326405,20.0
1387326406,30.0
1387328945,30.0
1387328946,30.0
1387328947,30.0
1387328948,30.0
1387328949,30.0
1387328950,30.0
1387328951,30.0
1387328952,30.0
1387328953,30.0
1388542657,30.0
1388705675,20.0
1388705676,30.0
1388719770,30.0
1388994996,20.0
1389805420,30.0
1389805421,30.0
1389805422,30.0
1390030261,30.0
1390030262,30.0
1390030263,30.0
1390415895,25.0
1390415896,25.0
1390415897,25.0
1390415898,25.0
1390415899,25.0
1390415900,25.0
1390415901,25.0
1390415902,25.0
1390415903,25.0
1390415904,25.0
1390420044,30.0
1390420045,30.0
1390420046,30.0
1390420047,30.0
1390420048,30.0
1390420049,30.0
1390420845,20.0
1390743225,30.0
1390743226,30.0
1390743227,30.0
1390743228,30.0
1390743229,30.0
1390743230,30.0
1390743231,30.0
1390743232,30.0
1390743233,30.0
1390743234,30.0
1390743235,30.0
1390743236,30.0
1390743237,30.0
1390743238,30.0
1390743239,30.0
1390743240,30.0
1390743241,30.0
1390743242,30.0
1390743243,30.0
1390743244,30.0
1390743245,30.0
1390743246,30.0
1390743247,30.0
1390743248,30.0
1390743249,30.0
1390743250,30.0
1390918379,30.0
1390918380,20.0
1390918381,30.0
1390918382,30.0
1390918383,30.0
1390918384,30.0
1390918385,30.0
1390918386,30.0
1390918387,30.0
1390918388,30.0
1390918389,20.0
1390918390,20.0
1390952810,20.0
1390952811,20.0
1390952812,20.0
1390952813,30.0
1390952814,30.0
1391734706,30.0
1391734707,30.0
1391806176,30.0
1391806177,30.0
1391806178,30.0
1391806179,30.0
1391806180,30.0
1391806181,20.0
1391807630,20.0
1391876500,20.0
1391876501,20.0
1391876502,20.0
1391876503,30.0
1391876504,30.0
1391876505,30.0
1392405583,30.0
1392738409,20.0
1392738410,20.0
1392738411,20.0
1392738412,20.0
1392738413,20.0
1395758013,30.0
1395758014,30.0
1395758015,30.0
1395758016,30.0
1396289996,30.0
1396289998,30.0
1396290001,30.0
1396290002,30.0
1396290003,30.0
1396290004,30.0
1396290005,30.0
1396290006,20.0
1396290007,30.0
1409530175,20.0
1409790463,30.0
1409790464,20.0
1409803114,30.0
1409803116,30.0
1409803117,30.0
1409803118,30.0
1409803733,30.0
1409803734,30.0
1409803735,30.0
1409803736,30.0
1409803737,30.0
1409803738,30.0
1409803739,30.0
1409803740,30.0
1409803741,30.0
1409803742,30.0
1409803743,30.0
1409803744,30.0
1409803745,30.0
1409824831,30.0
1409824832,30.0
1409824833,30.0
1409824834,30.0
1409824835,30.0
1409824836,30.0
1409824837,30.0
1409824838,30.0
1409824839,30.0
1409824840,30.0
1409829507,20.0
1409829508,30.0
1409829509,30.0
1409829510,20.0
1409829511,30.0
1409829513,30.0
1409829514,30.0
1409829515,20.0
1409829516,30.0
1409829517,30.0
1410036069,20.0
1410036070,20.0
1410036071,20.0
1410036072,20.0
1410036073,20.0
1410036074,20.0
1410036075,20.0
1410036076,20.0
1410036077,20.0
1410036078,20.0
1410036079,20.0
1410036080,20.0
1410036081,20.0
1410036082,20.0
1410036083,20.0
1410036084,20.0
1410036085,20.0
1410036086,20.0
1410036087,20.0
1410036088,20.0
1410036089,20.0
1410036090,20.0
1410120544,30.0
1410120545,30.0
1410869068,20.0
1411840100,20.0
1411906568,30.0
1411908710,20.0
1411918136,30.0
1413248474,20.0
1413248475,30.0
1413790941,30.0
1413790942,30.0
1413910735,20.0
1413914923,20.0
1414078423,30.0
1414688093,30.0
1414855370,20.0
1414855371,30.0
1414855372,30.0
1414855373,30.0
1414855374,30.0
1414855375,30.0
1414855376,20.0
1415055736,30.0
1415637177,30.0
1415637178,30.0
1415637179,30.0
1415637180,30.0
1415637181,30.0
1415651335,30.0
1415651336,40.0
1416232399,20.0
1416303704,20.0
1416303705,20.0
1416303706,30.0
1416303707,30.0
1416537484,30.0
1416537485,30.0
1416537486,30.0
1416537487,30.0
1416789323,20.0
1416789324,30.0
1416796131,30.0
1416796132,30.0
1416796133,30.0
1416796134,30.0
1416796135,30.0
1416796136,30.0
1416796137,30.0
1416796138,30.0
1416796139,30.0
1416796140,30.0
1416796141,30.0
1416796142,30.0
1416796143,30.0
1416796144,30.0
1416796145,30.0
1416796146,30.0
1416796147,30.0
1416796148,30.0
1416796149,30.0
1416796150,30.0
1416796151,30.0
1416796153,30.0
1416796154,30.0
1416796155,30.0
1416796156,30.0
1416796157,30.0
1416796905,30.0
1416796906,30.0
1416968726,30.0
1416968727,30.0
1416968728,30.0
1416968729,30.0
1417187395,20.0
1417187396,30.0
1417258049,50.0
1417979802,20.0
1417979803,20.0
1417979804,20.0
1417979805,16.0
1417979806,20.0
1417979807,30.0
1418134515,20.0
1418134516,20.0
1418134517,20.0
1418134518,20.0
1418134519,20.0
1418134520,20.0
1418134521,20.0
1418134522,20.0
1418326020,20.0
1418326021,30.0
1418326022,20.0
1418326023,30.0
1418326024,30.0
